segment_id,start,end,candles,calendar_days,months,gap_before_start,gap_before_end,gap_before_missing_candles,required_m15_bars,required_confirmed_h1_bars,minimum_segment_candles,first_search_time,warmup_candles,usable,exclusion_reason,usable_candles,usable_months,long_signals,short_signals,signals,pending_created,pending_filled,pending_expired,pending_cancelled,completed_trades,long_trades,short_trades,wins,losses,breakeven,win_rate_percent,net_pnl,profit_factor,average_r,expectancy_r,max_drawdown_percent,maximum_losing_streak,trades_per_month,open_position_at_end,open_position_handling,pending_at_end
S01,2021-01-01 00:00:00+00:00,2021-04-14 08:00:00+00:00,9921,103.34375,3.3952772073921973,,,0,50,205,821,2021-01-09 13:00:00+00:00,820,True,,9101,3.114647501711157,48,24,72,72,51,21,0,51,32,19,11,40,0,21.568627450980394,-260.69409539376767,0.7373260585742482,-0.20425198586947,-0.20425198586947,4.818466388198046,10,16.37424458850676,False,No open position at segment end.,False
S02,2021-04-14 09:30:00+00:00,2021-09-22 10:00:00+00:00,15459,161.03125,5.290554414784395,2021-04-14 08:15:00+00:00,2021-04-14 09:15:00+00:00,5,50,205,823,2021-04-22 23:00:00+00:00,822,True,,14637,5.009240246406571,45,58,103,103,77,26,0,77,30,47,21,56,0,27.27272727272727,4.8776561720664695,1.0034800682224327,0.005903978742047959,0.005903978742047959,4.253073114233498,13,15.371592539454806,False,No open position at segment end.,False
S03,2021-09-22 10:30:00+00:00,2021-10-20 08:00:00+00:00,2679,27.90625,0.9168377823408624,2021-09-22 10:15:00+00:00,2021-09-22 10:15:00+00:00,1,50,205,823,2021-10-01 00:00:00+00:00,822,True,,1857,0.635523613963039,10,0,10,10,8,2,0,7,7,0,2,5,0,28.57142857142857,1.688933453114501,1.013507303230077,0.012853052392509128,0.012853052392509128,0.9962562460937513,4,11.014539579967689,True,Retained as open; unrealized PnL excluded; no forced exit.,False
S04,2021-10-20 09:00:00+00:00,2021-11-24 09:00:00+00:00,3361,35.010416666666664,1.150239561943874,2021-10-20 08:15:00+00:00,2021-10-20 08:45:00+00:00,3,50,205,821,2021-10-28 22:00:00+00:00,820,True,,2541,0.8696098562628337,5,15,20,20,15,5,0,15,5,10,2,13,0,13.333333333333334,-197.04548893125184,0.3872459502061973,-0.5285481062824211,-0.5285481062824211,2.3393082794611657,7,17.249114521841793,False,No open position at segment end.,False
S05,2021-11-24 10:00:00+00:00,2022-01-05 08:00:00+00:00,4025,41.927083333333336,1.3774811772758386,2021-11-24 09:15:00+00:00,2021-11-24 09:45:00+00:00,3,50,205,821,2021-12-02 23:00:00+00:00,820,True,,3205,1.0968514715947981,1,21,22,22,13,9,0,13,1,12,3,10,0,23.076923076923077,-54.96919988937536,0.7805145728716663,-0.16668101403859484,-0.16668101403859484,1.2437656054785171,5,11.852106084243369,False,No open position at segment end.,False
S06,2022-01-05 10:15:00+00:00,2022-02-16 09:00:00+00:00,4028,41.958333333333336,1.378507871321013,2022-01-05 08:15:00+00:00,2022-01-05 10:00:00+00:00,8,50,205,824,2022-01-14 00:00:00+00:00,823,True,,3205,1.0968514715947981,12,12,24,24,20,4,0,20,10,10,4,16,0,20.0,-152.66231222576945,0.615763266222271,-0.3051488478373783,-0.3051488478373783,2.4720616821433516,10,18.234009360374415,False,No open position at segment end.,False
S07,2022-02-16 09:45:00+00:00,2022-05-11 08:00:00+00:00,8058,83.9375,2.757700205338809,2022-02-16 09:15:00+00:00,2022-02-16 09:30:00+00:00,2,50,205,822,2022-02-24 23:00:00+00:00,821,True,,7237,2.476728268309377,14,23,37,37,30,7,0,30,11,19,7,23,0,23.333333333333332,-133.0840254899403,0.766826423005882,-0.17579598153900078,-0.17579598153900078,2.7227278533859605,11,12.112753903551196,False,No open position at segment end.,False
S08,2022-05-11 09:00:00+00:00,2022-07-13 10:45:00+00:00,6056,63.083333333333336,2.0725530458590007,2022-05-11 08:15:00+00:00,2022-05-11 08:45:00+00:00,3,50,205,821,2022-05-19 22:00:00+00:00,820,True,,5236,1.7919233401779604,7,22,29,29,26,3,0,25,6,19,4,21,0,16.0,-247.627954828827,0.5203876374863121,-0.3986245359321957,-0.3986245359321957,3.123411478101425,10,13.951489686783804,True,Retained as open; unrealized PnL excluded; no forced exit.,False
S09,2022-07-13 12:15:00+00:00,2022-07-27 08:00:00+00:00,1328,13.833333333333334,0.4544832306639288,2022-07-13 11:00:00+00:00,2022-07-13 12:00:00+00:00,5,50,205,824,2022-07-22 02:00:00+00:00,823,True,,505,0.1728268309377139,1,2,3,3,3,0,0,3,1,2,0,3,0,0.0,-74.81265625,0.0,-1.0,-1.0,0.7481265625000014,3,17.358415841584158,False,No open position at segment end.,False
S10,2022-07-27 09:00:00+00:00,2022-08-10 08:00:00+00:00,1341,13.96875,0.4589322381930185,2022-07-27 08:15:00+00:00,2022-07-27 08:45:00+00:00,3,50,205,821,2022-08-04 22:00:00+00:00,820,True,,521,0.17830253251197808,3,0,3,3,3,0,0,3,3,0,0,3,0,0.0,-74.81265625,0.0,-1.0,-1.0,0.7481265625000014,3,16.825335892514396,False,No open position at segment end.,False
S11,2022-08-10 08:30:00+00:00,2022-12-07 08:00:00+00:00,11423,118.98958333333333,3.909308692676249,2022-08-10 08:15:00+00:00,2022-08-10 08:15:00+00:00,1,50,205,823,2022-08-18 22:00:00+00:00,822,True,,10601,3.6279945242984257,17,53,70,70,46,23,1,46,13,33,15,31,0,32.608695652173914,117.22746162096873,1.1517651151219157,0.10460207125474173,0.10460207125474173,2.373329997705559,6,12.679181209319875,False,No open position at segment end.,False
S12,2022-12-07 08:30:00+00:00,2023-03-23 10:00:00+00:00,10183,106.07291666666667,3.4849418206707736,2022-12-07 08:15:00+00:00,2022-12-07 08:15:00+00:00,1,50,205,823,2022-12-15 22:00:00+00:00,822,True,,9361,3.20362765229295,39,36,75,75,59,16,0,59,32,27,18,41,0,30.508474576271187,-51.04152793648843,0.9493848709664292,-0.032062539979640904,-0.032062539979640904,1.9873112152491552,8,18.41662215575259,False,No open position at segment end.,False
S13,2023-03-23 11:45:00+00:00,2023-06-28 09:00:00+00:00,9302,96.89583333333333,3.1834360027378508,2023-03-23 10:15:00+00:00,2023-03-23 11:30:00+00:00,6,50,205,822,2023-04-01 01:00:00+00:00,821,True,,8481,2.902464065708419,12,27,39,39,32,7,0,32,11,21,10,22,0,31.25,13.066894578489052,1.0234531647336744,0.019186201106014347,0.019186201106014347,2.116808609425269,6,11.025114962858154,False,No open position at segment end.,False
S16,2023-07-03 13:15:00+00:00,2024-02-18 16:30:00+00:00,22094,230.14583333333334,7.561259411362081,2023-07-03 11:15:00+00:00,2023-07-03 13:00:00+00:00,8,50,205,824,2023-07-12 03:00:00+00:00,823,True,,21271,7.279603011635865,81,69,150,150,114,35,1,114,68,46,37,77,0,32.45614035087719,94.28339864856403,1.0497583440661737,0.03567587677337386,0.03567587677337386,4.51608506327382,12,15.660194631188004,False,No open position at segment end.,False
S17,2024-02-18 17:30:00+00:00,2024-03-29 10:15:00+00:00,3812,39.708333333333336,1.3045859000684463,2024-02-18 16:45:00+00:00,2024-02-18 17:15:00+00:00,3,50,205,823,2024-02-27 07:00:00+00:00,822,True,,2990,1.0232717316906228,19,6,25,25,22,2,1,22,16,6,4,18,0,18.181818181818183,-213.6359462369808,0.5225408024122015,-0.3903565165425089,-0.3903565165425089,2.731186005223867,6,21.499665551839467,False,No open position at segment end.,False
S18,2024-03-29 11:00:00+00:00,2024-04-07 08:00:00+00:00,853,8.885416666666666,0.2919233401779603,2024-03-29 10:30:00+00:00,2024-03-29 10:45:00+00:00,2,50,205,821,2024-04-07 00:00:00+00:00,820,True,,33,0.011293634496919919,0,0,0,0,0,0,0,0,0,0,0,0,0,0.0,0.0,,0.0,0.0,0.0,0,0.0,False,No open position at segment end.,False
S19,2024-04-07 09:00:00+00:00,2024-12-07 01:15:00+00:00,23394,243.6875,8.006160164271048,2024-04-07 08:15:00+00:00,2024-04-07 08:45:00+00:00,3,50,205,821,2024-04-15 22:00:00+00:00,820,True,,22574,7.725530458590007,83,57,140,140,117,22,1,117,69,48,33,84,0,28.205128205128204,-193.29416958109692,0.9061485201219427,-0.06389892806045179,-0.06389892806045179,4.558456098060451,10,15.144591122530345,False,No open position at segment end.,False
S21,2024-12-11 10:45:00+00:00,2025-03-23 08:30:00+00:00,9784,101.91666666666667,3.34839151266256,2024-12-11 10:15:00+00:00,2024-12-11 10:30:00+00:00,2,50,205,822,2024-12-20 00:00:00+00:00,821,True,,8963,3.067419575633128,22,37,59,59,50,9,0,49,17,32,13,36,0,26.53061224489796,-89.79855099252694,0.8992604281321102,-0.07064360897330076,-0.07064360897330076,3.014364837015929,8,15.974338949012608,True,Retained as open; unrealized PnL excluded; no forced exit.,False
S22,2025-03-23 10:00:00+00:00,2025-10-17 12:15:00+00:00,19978,208.10416666666666,6.83709787816564,2025-03-23 08:45:00+00:00,2025-03-23 09:45:00+00:00,5,50,205,821,2025-03-31 23:00:00+00:00,820,True,,19158,6.5564681724846,88,48,136,136,112,23,1,112,73,39,24,88,0,21.428571428571427,-889.3150313871711,0.57796295812635,-0.33042197325983796,-0.33042197325983796,9.068153899226852,10,17.082367679298464,False,No open position at segment end.,False
S23,2025-10-17 13:00:00+00:00,2026-08-05 09:00:00+00:00,28017,291.84375,9.58829568788501,2025-10-17 12:30:00+00:00,2025-10-17 12:45:00+00:00,2,50,205,821,2025-10-26 02:00:00+00:00,820,True,,27197,9.30766598220397,75,125,200,200,153,46,1,153,58,95,43,110,0,28.104575163398692,-227.97072966543965,0.9150354762888546,-0.057422887783214256,-0.057422887783214256,5.596741257125709,12,16.438063021656802,False,No open position at segment end.,False
S24,2026-08-05 09:45:00+00:00,2026-09-17 01:30:00+00:00,4096,42.666666666666664,1.4017796030116358,2026-08-05 09:15:00+00:00,2026-08-05 09:30:00+00:00,2,50,205,822,2026-08-13 23:00:00+00:00,821,True,,3275,1.120807665982204,8,6,14,14,7,7,0,7,3,4,2,5,0,28.57142857142857,-6.815564342851339,0.9455284215162535,-0.0360556223224365,-0.0360556223224365,0.49937500000000407,2,6.245496183206107,False,No open position at segment end.,False
