year,spread_usd_per_btc,trades,long_trades,short_trades,wins,losses,win_rate_percent,profit_factor,average_r,net_pnl
2023,0.0,19,17,2,3,16,15.789473684210526,0.5582590817764778,-0.3684210526315789,-174.79469205201264
2024,0.0,239,143,96,74,165,30.962343096234306,1.342762512370835,0.23243909292863627,1457.5253594268827
2025,0.0,251,123,128,60,191,23.904382470119522,0.9226026937376081,-0.05512403775920403,-353.5991558650999
2026,0.0,163,79,84,51,112,31.28834355828221,1.3778242810469168,0.259764348840817,1074.1235975531877
2023,10.0,19,17,2,3,16,15.789473684210526,0.5229752158151565,-0.41785713616715503,-198.02340336556526
2024,10.0,239,143,96,74,165,30.962343096234306,1.2882636225112014,0.20126154512327976,1264.767852462586
2025,10.0,251,123,128,60,191,23.904382470119522,0.8942562417123263,-0.07780214272233608,-494.16334363301576
2026,10.0,163,79,84,51,112,31.28834355828221,1.3199507995909803,0.2284923339078265,939.0211391607447
2023,15.0,19,17,2,3,16,15.789473684210526,0.5065433736218663,-0.4425751779349431,-209.63775902234156
2024,15.0,239,143,96,74,165,30.962343096234306,1.2622550331439524,0.18567277122060155,1168.3890989804365
2025,15.0,251,123,128,60,191,23.904382470119522,0.8805535685528805,-0.08914119520390214,-564.4454375169739
2026,15.0,163,79,84,51,112,31.28834355828221,1.292353307282433,0.21285632644133132,871.4699099645236
2023,20.0,19,17,2,3,16,15.789473684210526,0.4908461280504116,-0.46729321970273124,-221.25211467911788
2024,20.0,239,143,96,74,165,30.962343096234306,1.2370242053780387,0.17008399731792337,1072.0103454982886
2025,20.0,251,123,128,60,191,23.904382470119522,0.8671508627031191,-0.10048024768546812,-634.7275314009318
2026,20.0,163,79,84,51,112,31.28834355828221,1.265594388313039,0.19722031897483608,803.9186807683022
2023,30.0,19,17,2,3,16,15.789473684210526,0.4614668149580755,-0.5167293032383072,-244.48082599267065
2024,30.0,239,143,96,74,165,30.962343096234306,1.1887603373346158,0.13890644951256692,879.2528385339916
2025,30.0,251,123,128,60,191,23.904382470119522,0.8412067971815081,-0.12315835264860014,-775.2917191688477
2026,30.0,163,79,84,51,112,31.28834355828221,1.2144438943286109,0.1659483040418456,668.8162223758595
