descriptor,losing_2025_count,losing_2025_median,losing_2025_p25,losing_2025_p75,other_years_count,other_years_median,other_years_p25,other_years_p75,median_shift_over_reference_iqr,adequate_sample
rsi,191,45.69854388057327,40.978159099113626,57.31382996259954,402,54.71823746716214,42.15146184305398,58.44621055119537,0.5535337640452435,True
atr,191,296.7782614002624,228.0852829683198,402.9395199916104,402,226.53201782729337,164.93461157492206,310.89960034724726,0.48125406074287075,True
atr_percent,191,0.2990793476180007,0.22443324009109555,0.3905764233791537,402,0.348015135335889,0.2614790138314422,0.45560100985691965,0.2520878041634486,True
recent_volatility_24h_percent,191,1.9298339463675669,1.529209118261584,2.499236584729952,402,2.1930246499702597,1.6180251852955538,2.8989157935363563,0.2054747703741567,True
h1_directional_slope_percent,191,0.11079551454946203,0.06868357927108654,0.16707345455127426,402,0.13077402911964092,0.08413956767414149,0.22208476309004327,0.14482936147173597,True
directional_efficiency_24h,191,0.10219193557560825,0.035892978286359796,0.16612161240474654,402,0.11384058423769294,0.05237183400727475,0.17893711838354842,0.09203668067029905,True
range_chop_24h,191,9.580812692136936,7.680092129945738,11.326266889314644,402,9.262895680410466,7.664887728417014,11.518206007854396,0.08250473713084731,True
entry_trigger_distance_atr,191,0.3767106297676442,0.3053532945149326,0.4595294028583956,402,0.3632915536900615,0.28849779532797387,0.4599126539497634,0.0782842058470007,True
planned_stop_distance_atr,191,1.5716121367587743,1.335168642952914,1.8796613188333566,402,1.527462863666352,1.2872020782284603,1.8645058191839174,0.07647494717313574,True
range_atr,191,1.0716121367587539,0.8351686429528984,1.3796613188333522,402,1.0274628636663494,0.7872020782284823,1.3645058191839257,0.0764749471731068,True
minus_di,191,20.762417485513197,16.213395201490798,25.297195196155993,402,20.079436695329036,15.692123065658045,24.73185197585507,0.07555323804165658,True
h1_slope_percentile,191,60.97222222222223,38.33333333333333,84.02777777777777,402,63.95833333333333,42.39583333333333,82.00899913070967,0.07538178408626145,True
ema_separation_atr,191,0.714570301659029,0.27473433342044423,1.2235729947464535,402,0.7653987557063312,0.3697763627767159,1.2706569922693585,0.05642085353297886,True
adx,191,24.034786696344838,20.199214546845443,30.153617447926024,402,24.64910437746108,20.567977883651352,32.56196698375896,0.05121879601430763,True
pullback_distance_atr,191,0.7973599656419893,0.46864018401899066,1.2176076582243889,402,0.7659068501543598,0.3924187343977319,1.2961372328406922,0.034804107188046836,True
close_to_ema20_atr,191,0.8286224655335005,0.5411448454274637,1.2537489362187184,402,0.8046200781667054,0.48861563457427576,1.1998055411779665,0.033749617568982655,True
close_to_ema50_atr,191,1.719985985834481,1.2601113952492091,2.1502845732682143,402,1.7431539957110451,1.2858160666135416,2.1106191502958187,0.02808914071117689,True
atr_percentile,191,57.013888888888886,29.72711791226487,82.42688577801785,402,55.46875,25.834022418228592,80.91145833333333,0.028053936484453125,True
pullback_depth_atr,191,0.050867986448999356,0.0,0.32467453762919257,402,0.06025757263069184,0.0,0.3418764292197335,0.027464853903857576,True
directional_di_advantage,191,8.70132781925658,4.858817147334408,12.370970675735325,402,8.558852060995807,4.9902222458174155,12.184019697449298,0.019805361385098842,True
directional_rsi_strength,191,8.048766710231135,6.1727080480516605,11.182039884267297,402,8.097814796417193,5.771527225958867,11.593369552501036,0.008424839326624281,True
body_percent,191,61.61447248403702,43.36690416302902,75.47750683589607,402,61.727014441939275,41.154356163024396,74.59772142290453,0.0033651505172316303,True
plus_di,191,19.56251660363584,15.864029092873242,23.518766675235938,402,19.590455846829933,15.768057034019638,24.528087923955315,0.003189400076909921,True
