scope,dimension,value,trades,long_trades,short_trades,wins,losses,win_rate_percent,profit_factor,average_r,net_pnl,low_sample
All,UTC hour,7,63,33,30,23,40,36.507936507936506,1.6558308165050823,0.40808060099566845,655.7581998157399,False
All,UTC hour,8,46,24,22,11,35,23.91304347826087,0.9741481468168068,-0.029278870393922244,-22.472233668442577,False
All,UTC hour,9,54,26,28,20,34,37.03703703703704,1.855425166168767,0.4870813236621363,683.8763494174849,False
All,UTC hour,10,43,29,14,14,29,32.55813953488372,1.403586115379328,0.2593148388994658,292.5064171779841,False
All,UTC hour,11,44,17,27,12,32,27.27272727272727,1.1610932796599227,0.09976184487551314,120.3724435233503,False
All,UTC hour,12,39,20,19,8,31,20.51282051282051,0.8034771399497507,-0.15385064019322492,-150.5963990830368,False
All,UTC hour,13,63,42,21,18,45,28.57142857142857,1.1772230276836142,0.11640928125447125,199.86871708412014,False
All,UTC hour,14,79,44,35,23,56,29.11392405063291,1.2380861703528194,0.1760384993526444,336.89529428382997,False
All,UTC hour,15,65,33,32,21,44,32.30769230769231,1.433993276650484,0.2948552374511498,484.6857876057385,False
All,UTC hour,16,51,29,22,14,37,27.450980392156865,1.1520452824321843,0.09971315614732348,143.5545154640109,False
All,UTC hour,17,45,26,19,8,37,17.77777777777778,0.6617137174433851,-0.2730150190988972,-316.75486241816395,False
All,UTC hour,18,35,18,17,7,28,20.0,0.7461233300506063,-0.19978087125733124,-181.4952037324902,False
All,UTC hour,19,45,21,24,9,36,20.0,0.7293440910817823,-0.2079979600191273,-242.94391640716776,False
All,UTC weekday,Friday,100,55,45,29,71,28.999999999999996,1.2506418179837204,0.16629637973239197,450.45365342141656,False
All,UTC weekday,Monday,99,58,41,30,69,30.303030303030305,1.3151369329611176,0.21293354543287313,552.9833214605014,False
All,UTC weekday,Saturday,61,27,34,15,46,24.59016393442623,1.0269897742848224,0.018233602817281754,27.665379215750725,False
All,UTC weekday,Sunday,106,57,49,32,74,30.18867924528302,1.2719774395801695,0.17729571741043454,486.0768635493909,False
All,UTC weekday,Thursday,107,58,49,29,78,27.102803738317753,1.1139313768496102,0.08991095553295984,226.74114431531524,False
All,UTC weekday,Tuesday,101,50,51,27,74,26.732673267326735,1.0766065729914762,0.055533911893374456,144.49636970964818,False
All,UTC weekday,Wednesday,98,57,41,26,72,26.53061224489796,1.0631330722019376,0.042993331242097976,114.83837739093413,False
All,UTC calendar month,2023-11,6,6,0,0,6,0.0,0.0,-1.0,-149.06561914648194,True
All,UTC calendar month,2023-12,13,11,2,3,10,23.076923076923077,0.8956771969695748,-0.07692307692307696,-25.72907290553068,True
All,UTC calendar month,2024-01,27,13,14,7,20,25.925925925925924,1.0444063225476896,0.037037037037037035,22.440135466138624,False
All,UTC calendar month,2024-02,14,14,0,5,9,35.714285714285715,1.6570035710410107,0.42857142857142855,149.42440714854396,True
All,UTC calendar month,2024-03,23,15,8,5,18,21.73913043478261,0.8164915659007176,-0.13993667933819137,-83.24503696053974,False
All,UTC calendar month,2024-04,21,9,12,5,16,23.809523809523807,0.9332108691834027,-0.04761904761904766,-27.041728527886534,False
All,UTC calendar month,2024-05,14,10,4,4,10,28.57142857142857,1.1944613303708347,0.14285714285714285,48.87624771669615,True
All,UTC calendar month,2024-06,28,8,20,8,20,28.57142857142857,1.1735090892929056,0.1269220552926616,87.18953807358629,False
All,UTC calendar month,2024-07,21,12,9,8,13,38.095238095238095,1.830266611273597,0.5238095238095231,280.93431610371726,False
All,UTC calendar month,2024-08,23,11,12,6,17,26.08695652173913,0.9895206400645055,-0.004242635951094985,-4.671444698819897,False
All,UTC calendar month,2024-09,20,12,8,7,13,35.0,1.6323054448704324,0.40926668276690414,213.56282614428744,False
All,UTC calendar month,2024-10,22,16,6,10,12,45.45454545454545,2.6304086078615097,0.8313264382767265,495.53649078635664,False
All,UTC calendar month,2024-11,13,11,2,6,7,46.15384615384615,2.5703322073609245,0.8461538461538461,308.9972071992366,True
All,UTC calendar month,2024-12,13,12,1,3,10,23.076923076923077,0.8788378540504382,-0.08917426030945608,-34.47759902443451,True
All,UTC calendar month,2025-01,28,20,8,5,23,17.857142857142858,0.6541142332182334,-0.2823650995352975,-197.7870131925861,False
All,UTC calendar month,2025-02,18,1,17,8,10,44.44444444444444,2.450185620484891,0.7875415458493494,351.03208048343976,True
All,UTC calendar month,2025-03,20,4,16,4,16,20.0,0.7435335890961459,-0.2,-102.65504649053995,False
All,UTC calendar month,2025-04,22,14,8,6,16,27.27272727272727,1.129934875238278,0.09090909090909091,51.942302384269624,False
All,UTC calendar month,2025-05,20,16,4,6,14,30.0,1.1657411773480473,0.12036477614662418,57.618655244060186,False
All,UTC calendar month,2025-06,17,6,11,4,13,23.52941176470588,0.8614236085734178,-0.09692662554266507,-42.00527225251373,True
All,UTC calendar month,2025-07,20,17,3,5,15,25.0,0.8445151404386375,-0.11058585654687059,-55.77366728115744,False
All,UTC calendar month,2025-08,19,5,14,4,15,21.052631578947366,0.7717280571940938,-0.17437526247387727,-82.34748111096816,True
All,UTC calendar month,2025-09,22,15,7,3,19,13.636363636363635,0.5023387227704819,-0.3625942607247969,-193.1877514268905,False
All,UTC calendar month,2025-10,20,16,4,5,15,25.0,1.0182706381915312,0.022852941740641296,6.50542521944168,False
All,UTC calendar month,2025-11,25,3,22,6,19,24.0,0.9426994036395345,-0.04000000000000001,-27.05319112290063,False
All,UTC calendar month,2025-12,20,6,14,4,16,20.0,0.6743242530945012,-0.24101696927467836,-119.88819631875464,False
All,UTC calendar month,2026-01,22,10,12,8,14,36.36363636363637,1.8112506055612847,0.4915886252742117,265.5622074988386,False
All,UTC calendar month,2026-02,19,0,19,9,10,47.368421052631575,2.682771935843538,0.8947368421052632,433.41621139703705,True
All,UTC calendar month,2026-03,25,15,10,5,20,20.0,0.758454265018581,-0.1875889165548574,-124.28911498951891,False
All,UTC calendar month,2026-04,18,16,2,6,12,33.33333333333333,1.5718190957042857,0.36682447971161936,170.3082659576482,True
All,UTC calendar month,2026-05,17,7,10,5,12,29.411764705882355,1.169312669351864,0.12295371324040293,53.46935309664622,True
All,UTC calendar month,2026-06,20,2,18,7,13,35.0,1.6080483912847885,0.40346257769573945,213.13337689625416,False
All,UTC calendar month,2026-07,15,12,3,7,8,46.666666666666664,2.5063221477863817,0.8120034239209969,331.53542161129224,True
All,UTC calendar month,2026-08,22,16,6,2,20,9.090909090909092,0.33488272824361925,-0.535098440597495,-323.9380404014622,False
All,UTC calendar month,2026-09,5,1,4,2,3,40.0,1.7611963001292634,0.4092342078822198,54.92591648645231,True
2024,UTC hour,7,26,15,11,8,18,30.76923076923077,1.3088264890490175,0.23076923076923078,144.8770642703406,False
2024,UTC hour,8,20,13,7,5,15,25.0,1.0287931534325645,-0.0014920617037184948,11.119557592562316,False
2024,UTC hour,9,17,8,9,9,8,52.94117647058824,3.4151344731756748,1.1176470588235294,497.64659967029957,True
2024,UTC hour,10,17,13,4,7,10,41.17647058823529,2.080763939609263,0.6265901308984141,276.57829561404196,True
2024,UTC hour,11,15,7,8,2,13,13.333333333333334,0.49406921038689006,-0.4320394997234041,-163.43985441902385,True
2024,UTC hour,12,12,7,5,4,8,33.33333333333333,1.542156555627861,0.3333333333333333,109.6490406369089,True
2024,UTC hour,13,27,19,8,7,20,25.925925925925924,1.0228258790641247,0.018849086721172408,11.58512173518022,False
2024,UTC hour,14,29,17,12,10,19,34.48275862068966,1.5513787593857276,0.3793103448275862,274.86321578337714,False
2024,UTC hour,15,21,12,9,6,15,28.57142857142857,1.2124187729473495,0.14285714285714285,81.99320431238868,False
2024,UTC hour,16,18,11,7,5,13,27.77777777777778,1.1951835576344738,0.11585394241741656,65.74968120611503,True
2024,UTC hour,17,15,8,7,5,10,33.33333333333333,1.499043808734908,0.33333333333333226,130.51019013223254,True
2024,UTC hour,18,8,6,2,0,8,0.0,0.0,-1.0,-211.76141193721807,True
2024,UTC hour,19,14,7,7,6,8,42.857142857142854,2.0993409533334257,0.6297891721150942,228.15465482967724,True
2024,UTC weekday,Friday,33,21,12,10,23,30.303030303030305,1.3267406194296132,0.2121212121212121,194.3005342140916,False
2024,UTC weekday,Monday,37,21,16,16,21,43.24324324324324,2.2872622637498603,0.7297297297297297,693.6019064323702,False
2024,UTC weekday,Saturday,18,9,9,4,14,22.22222222222222,0.811709449689937,-0.13038517188097823,-68.55150482313812,True
2024,UTC weekday,Sunday,43,30,13,15,28,34.883720930232556,1.589297212130672,0.36976456520469037,417.40088319835326,False
2024,UTC weekday,Thursday,42,25,17,12,30,28.57142857142857,1.196686684818889,0.14285714285714285,153.90465825298625,False
2024,UTC weekday,Tuesday,31,22,9,9,22,29.03225806451613,1.2350029425665812,0.16129032258064466,134.00914299734646,False
2024,UTC weekday,Wednesday,35,15,20,8,27,22.857142857142858,0.9032142933168468,-0.08571428571428572,-67.14026084512737,False
2024,UTC calendar month,2024-01,27,13,14,7,20,25.925925925925924,1.0444063225476896,0.037037037037037035,22.440135466138624,False
2024,UTC calendar month,2024-02,14,14,0,5,9,35.714285714285715,1.6570035710410107,0.42857142857142855,149.42440714854396,True
2024,UTC calendar month,2024-03,23,15,8,5,18,21.73913043478261,0.8164915659007176,-0.13993667933819137,-83.24503696053974,False
2024,UTC calendar month,2024-04,21,9,12,5,16,23.809523809523807,0.9332108691834027,-0.04761904761904766,-27.041728527886534,False
2024,UTC calendar month,2024-05,14,10,4,4,10,28.57142857142857,1.1944613303708347,0.14285714285714285,48.87624771669615,True
2024,UTC calendar month,2024-06,28,8,20,8,20,28.57142857142857,1.1735090892929056,0.1269220552926616,87.18953807358629,False
2024,UTC calendar month,2024-07,21,12,9,8,13,38.095238095238095,1.830266611273597,0.5238095238095231,280.93431610371726,False
2024,UTC calendar month,2024-08,23,11,12,6,17,26.08695652173913,0.9895206400645055,-0.004242635951094985,-4.671444698819897,False
2024,UTC calendar month,2024-09,20,12,8,7,13,35.0,1.6323054448704324,0.40926668276690414,213.56282614428744,False
2024,UTC calendar month,2024-10,22,16,6,10,12,45.45454545454545,2.6304086078615097,0.8313264382767265,495.53649078635664,False
2024,UTC calendar month,2024-11,13,11,2,6,7,46.15384615384615,2.5703322073609245,0.8461538461538461,308.9972071992366,True
2024,UTC calendar month,2024-12,13,12,1,3,10,23.076923076923077,0.8788378540504382,-0.08917426030945608,-34.47759902443451,True
2025,UTC hour,7,23,11,12,9,14,39.130434782608695,1.8346087312921704,0.47812747419140167,270.7171220189669,False
2025,UTC hour,8,14,8,6,2,12,14.285714285714285,0.5256654776655834,-0.374276041064632,-131.46100145126744,True
2025,UTC hour,9,23,9,14,6,17,26.08695652173913,0.9921880295661596,0.0015187210668603898,-3.0865117583287045,False
2025,UTC hour,10,14,6,8,4,10,28.57142857142857,1.024257886956252,0.012240947165397158,5.90413110224722,True
2025,UTC hour,11,16,7,9,5,11,31.25,1.4296175805327218,0.2338292307608148,93.2390167684972,True
2025,UTC hour,12,13,7,6,2,11,15.384615384615385,0.5394734373011661,-0.38461538461538464,-126.03433243956705,True
2025,UTC hour,13,21,12,9,3,18,14.285714285714285,0.5163066464801118,-0.4037462209641041,-208.98662881107126,False
2025,UTC hour,14,29,14,15,7,22,24.137931034482758,0.9513464413150072,-0.03448275862068964,-26.604107416079284,False
2025,UTC hour,15,26,13,13,9,17,34.61538461538461,1.6010240388101264,0.39098424747402816,250.80732169856734,False
2025,UTC hour,16,21,11,10,4,17,19.047619047619047,0.6992773925813092,-0.23809523809523808,-126.84204878553372,False
2025,UTC hour,17,14,8,6,2,12,14.285714285714285,0.5363655531518633,-0.37754827567502564,-129.25200312461465,True
2025,UTC hour,18,18,8,10,4,14,22.22222222222222,0.8647387551907321,-0.11068384292831694,-46.95696500167901,True
2025,UTC hour,19,19,9,10,3,16,15.789473684210526,0.5557490595237512,-0.36577405831591975,-175.04314866523757,True
2025,UTC weekday,Friday,34,16,18,6,28,17.647058823529413,0.6486517553250382,-0.28565617165666335,-240.72872155116048,False
2025,UTC weekday,Monday,30,14,16,5,25,16.666666666666664,0.5949854136058772,-0.3333333333333333,-250.6161007882396,False
2025,UTC weekday,Saturday,32,10,22,8,24,25.0,1.0884511512240127,0.05632935030987557,45.56601706066349,False
2025,UTC weekday,Sunday,37,18,19,11,26,29.72972972972973,1.1962029026100973,0.12552861364064175,117.01212262058415,False
2025,UTC weekday,Thursday,40,22,18,12,28,30.0,1.3136107925488756,0.21551180605066764,211.9958625873347,False
2025,UTC weekday,Tuesday,38,17,21,9,29,23.684210526315788,0.8814286331296499,-0.08869238236293372,-84.66185227368409,False
2025,UTC weekday,Wednesday,40,26,14,9,31,22.5,0.8006062836267528,-0.14552708170221615,-152.16648352059786,False
2025,UTC calendar month,2025-01,28,20,8,5,23,17.857142857142858,0.6541142332182334,-0.2823650995352975,-197.7870131925861,False
2025,UTC calendar month,2025-02,18,1,17,8,10,44.44444444444444,2.450185620484891,0.7875415458493494,351.03208048343976,True
2025,UTC calendar month,2025-03,20,4,16,4,16,20.0,0.7435335890961459,-0.2,-102.65504649053995,False
2025,UTC calendar month,2025-04,22,14,8,6,16,27.27272727272727,1.129934875238278,0.09090909090909091,51.942302384269624,False
2025,UTC calendar month,2025-05,20,16,4,6,14,30.0,1.1657411773480473,0.12036477614662418,57.618655244060186,False
2025,UTC calendar month,2025-06,17,6,11,4,13,23.52941176470588,0.8614236085734178,-0.09692662554266507,-42.00527225251373,True
2025,UTC calendar month,2025-07,20,17,3,5,15,25.0,0.8445151404386375,-0.11058585654687059,-55.77366728115744,False
2025,UTC calendar month,2025-08,19,5,14,4,15,21.052631578947366,0.7717280571940938,-0.17437526247387727,-82.34748111096816,True
2025,UTC calendar month,2025-09,22,15,7,3,19,13.636363636363635,0.5023387227704819,-0.3625942607247969,-193.1877514268905,False
2025,UTC calendar month,2025-10,20,16,4,5,15,25.0,1.0182706381915312,0.022852941740641296,6.50542521944168,False
2025,UTC calendar month,2025-11,25,3,22,6,19,24.0,0.9426994036395345,-0.04000000000000001,-27.05319112290063,False
2025,UTC calendar month,2025-12,20,6,14,4,16,20.0,0.6743242530945012,-0.24101696927467836,-119.88819631875464,False
2026,UTC hour,7,13,7,6,6,7,46.15384615384615,2.457495153968786,0.747088150486529,264.8512266466342,True
2026,UTC hour,8,11,2,9,4,7,36.36363636363637,1.6756236857254945,0.4475343428053447,122.495625692829,True
2026,UTC hour,9,11,7,4,5,6,45.45454545454545,3.1215367067962267,0.9334055357470521,263.44427811422383,True
2026,UTC hour,10,9,7,2,2,7,22.22222222222222,0.9215853095329822,-0.0747630458790632,-13.798373841138286,True
2026,UTC hour,11,13,3,10,5,8,38.46153846153847,1.9199940146516488,0.5483727675538925,190.57328117387692,True
2026,UTC hour,12,12,4,8,2,10,16.666666666666664,0.648168777607911,-0.250014580627981,-84.77203781240297,True
2026,UTC hour,13,14,10,4,8,6,57.14285714285714,3.5837580588515245,1.1645378584147301,422.0831925193861,True
2026,UTC hour,14,18,10,8,5,13,27.77777777777778,1.201724118682845,0.1615023027143838,64.56772971357816,True
2026,UTC hour,15,17,7,10,6,11,35.294117647058826,1.612055533205888,0.4117647058823529,176.69730256655725,True
2026,UTC hour,16,9,4,5,4,5,44.44444444444444,2.3243582800180485,0.7777777777777778,180.202096863989,True
2026,UTC hour,17,15,9,6,1,14,6.666666666666667,0.21010337345158192,-0.7333333333333333,-293.38847471914534,True
2026,UTC hour,18,9,4,5,3,6,33.33333333333333,1.4950959287517183,0.33333096430034587,77.22317320640683,True
2026,UTC hour,19,12,5,7,0,12,0.0,0.0,-0.9356041252057977,-296.0554225716074,True
2026,UTC weekday,Friday,29,14,15,11,18,37.93103448275862,1.8526182764638166,0.5290326830884742,398.8691888085052,False
2026,UTC weekday,Monday,27,19,8,9,18,33.33333333333333,1.4941749272895928,0.3363118888094237,233.8738138652895,False
2026,UTC weekday,Saturday,10,7,3,3,7,30.0,1.6228559228894217,0.2656643655795777,75.39995281301404,True
2026,UTC weekday,Sunday,23,7,16,6,17,26.08695652173913,1.0641236704031667,0.05430047986959306,26.163111822430118,False
2026,UTC weekday,Thursday,25,11,14,5,20,20.0,0.7382672672252001,-0.2,-139.15937652500577,False
2026,UTC weekday,Tuesday,31,10,21,9,22,29.03225806451613,1.2073350095443298,0.16062050422652638,119.71301033566864,False
2026,UTC weekday,Wednesday,18,11,7,8,10,44.44444444444444,2.3623929349133226,0.7796905405452359,359.2638964332857,True
2026,UTC calendar month,2026-01,22,10,12,8,14,36.36363636363637,1.8112506055612847,0.4915886252742117,265.5622074988386,False
2026,UTC calendar month,2026-02,19,0,19,9,10,47.368421052631575,2.682771935843538,0.8947368421052632,433.41621139703705,True
2026,UTC calendar month,2026-03,25,15,10,5,20,20.0,0.758454265018581,-0.1875889165548574,-124.28911498951891,False
2026,UTC calendar month,2026-04,18,16,2,6,12,33.33333333333333,1.5718190957042857,0.36682447971161936,170.3082659576482,True
2026,UTC calendar month,2026-05,17,7,10,5,12,29.411764705882355,1.169312669351864,0.12295371324040293,53.46935309664622,True
2026,UTC calendar month,2026-06,20,2,18,7,13,35.0,1.6080483912847885,0.40346257769573945,213.13337689625416,False
2026,UTC calendar month,2026-07,15,12,3,7,8,46.666666666666664,2.5063221477863817,0.8120034239209969,331.53542161129224,True
2026,UTC calendar month,2026-08,22,16,6,2,20,9.090909090909092,0.33488272824361925,-0.535098440597495,-323.9380404014622,False
2026,UTC calendar month,2026-09,5,1,4,2,3,40.0,1.7611963001292634,0.4092342078822198,54.92591648645231,True
