segment_id,start,end,candles,minimum_warmup_candles,first_search_time,usable,reason,signals,filled_orders,completed_trades,open_position_at_end,pending_at_end,engine_max_drawdown_percent,long_trades,short_trades,win_rate_percent,profit_factor,average_r,net_pnl
bitstamp-S01,2021-01-01 00:00:00+00:00,2021-04-14 08:00:00+00:00,9921,821,2021-01-09 13:00:00+00:00,True,,96.0,56.0,56.0,False,False,1.7552911472673756,38.0,18.0,28.57142857142857,1.195368586718491,0.14285714285714285,196.16961365151798
bitstamp-S02,2021-04-14 09:30:00+00:00,2021-09-22 10:00:00+00:00,15459,823,2021-04-22 23:00:00+00:00,True,,136.0,95.0,95.0,False,False,2.243662112389681,43.0,52.0,28.421052631578945,1.1846194054963728,0.13615344767423504,318.6471286024809
bitstamp-S03,2021-09-22 10:30:00+00:00,2021-10-20 08:00:00+00:00,2679,823,2021-10-01 00:00:00+00:00,True,,18.0,12.0,11.0,True,False,1.243765605478509,11.0,0.0,45.45454545454545,2.4737135856725607,0.8206947595409496,226.62869662814037
bitstamp-S04,2021-10-20 09:00:00+00:00,2021-11-24 09:00:00+00:00,3361,821,2021-10-28 22:00:00+00:00,True,,25.0,16.0,16.0,False,False,2.962718739433185,4.0,12.0,6.25,0.19879949915563278,-0.75,-296.2718739433169
bitstamp-S05,2021-11-24 10:00:00+00:00,2022-01-05 08:00:00+00:00,4025,821,2021-12-02 23:00:00+00:00,True,,31.0,18.0,18.0,False,False,0.9962562460937442,4.0,14.0,33.33333333333333,1.4925098494346807,0.3333333333333333,149.04507122194116
bitstamp-S06,2022-01-05 10:15:00+00:00,2022-02-16 09:00:00+00:00,4028,824,2022-01-14 00:00:00+00:00,True,,39.0,28.0,28.0,False,False,4.644951440083813,13.0,15.0,14.285714285714285,0.5032645755147795,-0.42862035633947454,-297.3931814885449
bitstamp-S07,2022-02-16 09:45:00+00:00,2022-05-11 08:00:00+00:00,8058,822,2022-02-24 23:00:00+00:00,True,,72.0,43.0,43.0,False,False,1.5383411202658888,19.0,24.0,27.906976744186046,1.1541928113434023,0.11454374650498392,119.52836567822735
bitstamp-S08,2022-05-11 09:00:00+00:00,2022-07-13 10:45:00+00:00,6056,821,2022-05-19 22:00:00+00:00,True,,53.0,30.0,30.0,False,False,2.4522230655136266,8.0,22.0,26.666666666666668,1.091037188128143,0.06986929097669871,49.602854287669444
bitstamp-S09,2022-07-13 12:15:00+00:00,2022-07-27 08:00:00+00:00,1328,824,2022-07-22 02:00:00+00:00,True,,5.0,5.0,5.0,False,False,1.2437656054785111,3.0,2.0,0.0,0.0,-1.0,-124.37656054785155
bitstamp-S10,2022-07-27 09:00:00+00:00,2022-08-10 08:00:00+00:00,1341,821,2022-08-04 22:00:00+00:00,True,,5.0,4.0,4.0,False,False,0.25,4.0,0.0,50.0,2.977667493796526,1.0,99.873128515625
bitstamp-S11,2022-08-10 08:30:00+00:00,2022-12-07 08:00:00+00:00,11423,823,2022-08-18 22:00:00+00:00,True,,120.0,71.0,71.0,False,False,2.2024680611270644,22.0,49.0,32.3943661971831,1.4887334994134358,0.3090385557318155,556.1203530468933
bitstamp-S12,2022-12-07 08:30:00+00:00,2023-03-23 10:00:00+00:00,10183,823,2022-12-15 22:00:00+00:00,True,,116.0,72.0,72.0,False,False,3.669692282850844,42.0,30.0,27.77777777777778,1.106964801962435,0.07313453612282576,126.54325912604972
bitstamp-S13,2023-03-23 11:45:00+00:00,2023-06-28 09:00:00+00:00,9302,822,2023-04-01 01:00:00+00:00,True,,107.0,66.0,66.0,False,False,2.8682800341269648,30.0,36.0,30.303030303030305,1.3904891221171507,0.2533036288298536,419.6281561526466
bitstamp-S14,2023-06-28 09:45:00+00:00,2023-07-03 10:30:00+00:00,484,822,2023-07-06 23:00:00+00:00,False,insufficient confirmed-H1 and M15 warm-up,,,,,,,,,,,,
bitstamp-S15,2023-07-03 11:00:00+00:00,2023-07-03 11:00:00+00:00,1,821,2023-07-12 00:00:00+00:00,False,insufficient confirmed-H1 and M15 warm-up,,,,,,,,,,,,
bitstamp-S16,2023-07-03 13:15:00+00:00,2024-02-18 16:30:00+00:00,22094,824,2023-07-12 03:00:00+00:00,True,,239.0,156.0,156.0,False,False,2.3923428071671946,88.0,68.0,33.33333333333333,1.4950167149789306,0.3046722997813241,1244.496031655037
bitstamp-S17,2024-02-18 17:30:00+00:00,2024-03-29 10:15:00+00:00,3812,823,2024-02-27 07:00:00+00:00,True,,35.0,25.0,25.0,False,False,0.9962562460937425,18.0,7.0,36.0,1.672784158359768,0.44,275.71293166815786
bitstamp-S18,2024-03-29 11:00:00+00:00,2024-04-07 08:00:00+00:00,853,821,2024-04-07 00:00:00+00:00,True,,1.0,1.0,0.0,True,False,0.0,0.0,0.0,0.0,,0.0,0.0
bitstamp-S19,2024-04-07 09:00:00+00:00,2024-12-07 01:15:00+00:00,23394,821,2024-04-15 22:00:00+00:00,True,,234.0,167.0,167.0,False,False,2.9474172862711563,90.0,77.0,34.73053892215569,1.5935623609194056,0.37350319894183126,1665.685181224721
bitstamp-S20,2024-12-07 04:30:00+00:00,2024-12-11 10:00:00+00:00,407,823,2024-12-15 18:00:00+00:00,False,insufficient confirmed-H1 and M15 warm-up,,,,,,,,,,,,
bitstamp-S21,2024-12-11 10:45:00+00:00,2025-03-23 08:30:00+00:00,9784,822,2024-12-20 00:00:00+00:00,True,,89.0,60.0,60.0,False,False,3.6764158244591756,18.0,42.0,28.333333333333332,1.1645796722836406,0.12023150307899204,175.9929910735003
bitstamp-S22,2025-03-23 10:00:00+00:00,2025-10-17 12:15:00+00:00,19978,821,2025-03-31 23:00:00+00:00,True,,195.0,129.0,129.0,False,False,4.840590026097145,82.0,47.0,29.457364341085274,1.1536436955928142,0.10411706795887665,330.3707466427643
bitstamp-S23,2025-10-17 13:00:00+00:00,2026-08-05 09:00:00+00:00,28017,821,2025-10-26 02:00:00+00:00,True,,300.0,186.0,186.0,False,False,2.5456392807658634,74.0,112.0,34.946236559139784,1.6078970408599738,0.37755146347537755,1894.9354382561387
bitstamp-S24,2026-08-05 09:45:00+00:00,2026-09-17 01:30:00+00:00,4096,822,2026-08-13 23:00:00+00:00,True,,28.0,16.0,16.0,False,False,2.222310626142855,11.0,5.0,18.75,0.7107177064144161,-0.22543293560782932,-90.98082166005051
