time,open,high,low,close,bi,o,h,l,c,v
1577836800,100.25,100.75,100.25,100.75,0,100.25,100.75,100.25,100.75,100
1577923200,100.75,103.5,98.25,102,1,100.75,103.5,98.25,102,245
1578009600,102,103.75,97.5,99,2,102,103.75,97.5,99,185
1578096000,99,102.25,98.5,100.25,3,99,102.25,98.5,100.25,125
1578182400,100.25,103.75,98,101.5,4,100.25,103.75,98,101.5,270
1578268800,101.5,105.25,100.25,102.75,5,101.5,105.25,100.25,102.75,210
1578355200,102.75,106.75,102.5,104,6,102.75,106.75,102.5,104,150
1578441600,104,108.25,102,105.25,7,104,108.25,102,105.25,295
1578528000,105.25,105.25,101.25,102.25,8,105.25,105.25,101.25,102.25,235
1578614400,102.25,103.75,102.25,103.5,9,102.25,103.75,102.25,103.5,175
1578700800,103.5,105.25,101.75,104.75,10,103.5,105.25,101.75,104.75,115
1578787200,104.75,106.75,104,106,11,104.75,106.75,104,106,260
1578873600,106,108.25,103.5,107.25,12,106,108.25,103.5,107.25,200
1578960000,107.25,109.75,105.75,108.5,13,107.25,109.75,105.75,108.5,140
1579046400,108.5,110,105,105.5,14,108.5,110,105,105.5,285
1579132800,105.5,108.5,103.25,106.75,15,105.5,108.5,103.25,106.75,225
1579219200,106.75,110,105.5,108,16,106.75,110,105.5,108,165
1579305600,108,111.5,107.75,109.25,17,108,111.5,107.75,109.25,105
1579392000,109.25,113,107.25,110.5,18,109.25,113,107.25,110.5,250
1579478400,110.5,113.25,106.5,107.5,19,110.5,113.25,106.5,107.5,190
1579564800,107.5,111.75,107.5,108.75,20,107.5,111.75,107.5,108.75,130
1579651200,108.75,110,107,110,21,108.75,110,107,110,275
1579737600,110,111.5,109.25,111.25,22,110,111.5,109.25,111.25,215
1579824000,111.25,113,108.75,112.5,23,111.25,113,108.75,112.5,155
1579910400,112.5,114.5,111,113.75,24,112.5,114.5,111,113.75,300
1579996800,113.75,114.75,110.25,110.75,25,113.75,114.75,110.25,110.75,240
1580083200,110.75,113.25,108.5,112,26,110.75,113.25,108.5,112,180
1580169600,112,114.75,110.75,113.25,27,112,114.75,110.75,113.25,120
1580256000,113.25,116.25,113,114.5,28,113.25,116.25,113,114.5,265
1580342400,114.5,117.75,112.5,115.75,29,114.5,117.75,112.5,115.75,205
1580428800,115.75,119.25,114.75,117,30,115.75,119.25,114.75,117,145
1580515200,117,119.5,114,114,31,117,119.5,114,114,290
1580601600,114,118,112.25,115.25,32,114,118,112.25,115.25,230
1580688000,115.25,119.5,114.5,116.5,33,115.25,119.5,114.5,116.5,170
1580774400,116.5,117.75,114,117.75,34,116.5,117.75,114,117.75,110
1580860800,117.75,119.25,116.25,119,35,117.75,119.25,116.25,119,255
1580947200,119,119.5,115.5,116,36,119,119.5,115.5,116,195
1581033600,116,117.25,116,117.25,37,116,117.25,116,117.25,135
1581120000,117.25,119.5,116,118.5,38,117.25,119.5,116,118.5,280
1581206400,118.5,121,118.25,119.75,39,118.5,121,118.25,119.75,220
1581292800,119.75,122.5,117.75,121,40,119.75,122.5,117.75,121,160
1581379200,121,123,120,121.25,41,121,123,120,121.25,100
1581465600,121.25,123.25,117.25,117.25,42,121.25,123.25,117.25,117.25,245
1581552000,117.25,119.75,115.5,117.5,43,117.25,119.75,115.5,117.5,185
1581638400,117.5,120.25,116.75,117.75,44,117.5,120.25,116.75,117.75,125
1581724800,117.75,120.75,115.25,118,45,117.75,120.75,115.25,118,270
1581811200,118,121.25,116.5,118.25,46,118,121.25,116.5,118.25,210
1581897600,118.25,118.5,117.75,118.5,47,118.25,118.5,117.75,118.5,150
1581984000,118.5,118.75,112.25,114.5,48,118.5,118.75,112.25,114.5,295
1582070400,114.5,115.25,113.25,114.75,49,114.5,115.25,113.25,114.75,235
1582156800,114.75,115.75,114.5,115,50,114.75,115.75,114.5,115,175
1582243200,115,116.25,113,115.25,51,115,116.25,113,115.25,115
1582329600,115.25,116.75,114.25,115.5,52,115.25,116.75,114.25,115.5,260
1582416000,115.5,117,111.5,111.5,53,115.5,117,111.5,111.5,200
1582502400,111.5,113.5,109.75,111.75,54,111.5,113.5,109.75,111.75,140
1582588800,111.75,114,111,112,55,111.75,114,111,112,285
1582675200,112,114.5,109.5,112.25,56,112,114.5,109.5,112.25,225
1582761600,112.25,115,110.75,112.5,57,112.25,115,110.75,112.5,165
1582848000,112.5,115.5,112,112.75,58,112.5,115.5,112,112.75,105
1582934400,112.75,115.75,106.5,108.75,59,112.75,115.75,106.5,108.75,250
1583020800,108.75,109,107.5,109,60,108.75,109,107.5,109,190
1583107200,109,109.5,108.75,109.25,61,109,109.5,108.75,109.25,130
1583193600,109.25,110,107.25,109.5,62,109.25,110,107.25,109.5,275
1583280000,109.5,110.5,108.5,109.75,63,109.5,110.5,108.5,109.75,215
1583366400,109.75,111,109.75,110,64,109.75,111,109.75,110,155
1583452800,110,111.25,104.25,106,65,110,111.25,104.25,106,300
1583539200,106,107.75,105.25,106.25,66,106,107.75,105.25,106.25,240
1583625600,106.25,108.25,103.75,106.5,67,106.25,108.25,103.75,106.5,180
1583712000,106.5,108.75,105,106.75,68,106.5,108.75,105,106.75,120
1583798400,106.75,109.25,106.25,107,69,106.75,109.25,106.25,107,265
1583884800,107,109.5,100.75,103,70,107,109.5,100.75,103,205
1583971200,103,106,101.75,103.25,71,103,106,101.75,103.25,145
1584057600,103.25,106.5,103,103.5,72,103.25,106.5,103,103.5,290
1584144000,103.5,103.75,101.5,103.75,73,103.5,103.75,101.5,103.75,230
1584230400,103.75,104,103.75,104,74,103.75,104,103.75,104,170
1584316800,104,104.75,104,104.25,75,104,104.75,104,104.25,110
1584403200,104.25,105,98.5,100.25,76,104.25,105,98.5,100.25,255
1584489600,100.25,101.5,99.5,100.5,77,100.25,101.5,99.5,100.5,195
1584576000,100.5,102,98,100.75,78,100.5,102,98,100.75,135
1584662400,100.75,102.5,99.25,101,79,100.75,102.5,99.25,101,280
1584748800,101,103,100.5,101.25,80,101,103,100.5,101.25,220
1584835200,101.25,104.5,99,102.5,81,101.25,104.5,99,102.5,160
1584921600,102.5,104.75,98.25,99.5,82,102.5,104.75,98.25,99.5,100
1585008000,99.5,103.25,99.25,100.75,83,99.5,103.25,99.25,100.75,245
1585094400,100.75,104.75,98.75,102,84,100.75,104.75,98.75,102,185
1585180800,102,106.25,101,103.25,85,102,106.25,101,103.25,125
1585267200,103.25,104.5,103.25,104.5,86,103.25,104.5,103.25,104.5,270
1585353600,104.5,104.75,99.75,101.5,87,104.5,104.75,99.75,101.5,210
1585440000,101.5,103.25,100.75,102.75,88,101.5,103.25,100.75,102.75,150
1585526400,102.75,104.75,100.25,104,89,102.75,104.75,100.25,104,295
1585612800,104,106.25,102.5,105.25,90,104,106.25,102.5,105.25,235
1585699200,105.25,107.75,104.75,106.5,91,105.25,107.75,104.75,106.5,175
1585785600,106.5,109.25,104.25,107.75,92,106.5,109.25,104.25,107.75,115
1585872000,107.75,109.5,103.5,104.75,93,107.75,109.5,103.5,104.75,260
1585958400,104.75,108,104.5,106,94,104.75,108,104.5,106,200
1586044800,106,109.5,104,107.25,95,106,109.5,104,107.25,140
1586131200,107.25,111,106.25,108.5,96,107.25,111,106.25,108.5,285
1586217600,108.5,112.5,108.5,109.75,97,108.5,112.5,108.5,109.75,225
1586304000,109.75,114,108,111,98,109.75,114,108,111,165
1586390400,111,111,107.25,108,99,111,111,107.25,108,105
1586476800,108,109.5,105.5,109.25,100,108,109.5,105.5,109.25,250
1586563200,109.25,111,107.75,110.5,101,109.25,111,107.75,110.5,190
1586649600,110.5,112.5,110,111.75,102,110.5,112.5,110,111.75,130
1586736000,111.75,114,109.5,113,103,111.75,114,109.5,113,275
1586822400,113,114.25,108.75,110,104,113,114.25,108.75,110,215
1586908800,110,112.75,109.75,111.25,105,110,112.75,109.75,111.25,155
1586995200,111.25,114.25,109.25,112.5,106,111.25,114.25,109.25,112.5,300
1587081600,112.5,115.75,111.5,113.75,107,112.5,115.75,111.5,113.75,240
1587168000,113.75,117.25,113.75,115,108,113.75,117.25,113.75,115,180
1587254400,115,118.75,113.25,116.25,109,115,118.75,113.25,116.25,120
1587340800,116.25,119,112.5,113.25,110,116.25,119,112.5,113.25,265
1587427200,113.25,114.5,113.25,114.5,111,113.25,114.5,113.25,114.5,205
1587513600,114.5,115.75,113,115.75,112,114.5,115.75,113,115.75,145
1587600000,115.75,117.25,115.25,117,113,115.75,117.25,115.25,117,290
1587686400,117,118.75,114.75,118.25,114,117,118.75,114.75,118.25,230
1587772800,118.25,120.25,117,119.5,115,118.25,120.25,117,119.5,170
1587859200,119.5,120.5,116.25,116.5,116,119.5,120.5,116.25,116.5,110
1587945600,116.5,119,114.5,117.75,117,116.5,119,114.5,117.75,255
1588032000,117.75,120.5,116.75,119,118,117.75,120.5,116.75,119,195
1588118400,119,122,119,120.25,119,119,122,119,120.25,135
1588204800,120.25,123.5,118.5,121.5,120,120.25,123.5,118.5,121.5,280
1588291200,121.5,123.75,116.75,117.5,121,121.5,123.75,116.75,117.5,220
1588377600,117.5,120.25,115,117.75,122,117.5,120.25,115,117.75,160
1588464000,117.75,120.75,116.25,118,123,117.75,120.75,116.25,118,100
1588550400,118,121.25,117.5,118.25,124,118,121.25,117.5,118.25,245
1588636800,118.25,118.5,116,118.5,125,118.25,118.5,116,118.5,185
1588723200,118.5,119,117.25,118.75,126,118.5,119,117.25,118.75,125
1588809600,118.75,119.25,114.5,114.75,127,118.75,119.25,114.5,114.75,270
1588896000,114.75,115.75,112.75,115,128,114.75,115.75,112.75,115,210
1588982400,115,116.25,114,115.25,129,115,116.25,114,115.25,150
1589068800,115.25,116.75,115.25,115.5,130,115.25,116.75,115.25,115.5,295
1589155200,115.5,117.25,113.75,115.75,131,115.5,117.25,113.75,115.75,235
1589241600,115.75,117.75,115,116,132,115.75,117.75,115,116,175
1589328000,116,118,109.5,112,133,116,118,109.5,112,115
1589414400,112,114.5,110.5,112.25,134,112,114.5,110.5,112.25,260
1589500800,112.25,115,111.75,112.5,135,112.25,115,111.75,112.5,200
1589587200,112.5,115.5,110.25,112.75,136,112.5,115.5,110.25,112.75,140
1589673600,112.75,116,111.5,113,137,112.75,116,111.5,113,285
1589760000,113,113,108.75,109,138,113,113,108.75,109,225
1589846400,109,109.5,107,109.25,139,109,109.5,107,109.25,165
1589932800,109.25,110,108.25,109.5,140,109.25,110,108.25,109.5,105
1590019200,109.5,110.5,109.5,109.75,141,109.5,110.5,109.5,109.75,250
1590105600,109.75,111,108,110,142,109.75,111,108,110,190
1590192000,110,111.5,109.25,110.25,143,110,111.5,109.25,110.25,130
1590278400,110.25,111.75,103.75,106.25,144,110.25,111.75,103.75,106.25,275
1590364800,106.25,108.25,104.75,106.5,145,106.25,108.25,104.75,106.5,215
1590451200,106.5,108.75,106,106.75,146,106.5,108.75,106,106.75,155
1590537600,106.75,109.25,104.5,107,147,106.75,109.25,104.5,107,300
1590624000,107,107.25,107,107.25,148,107,107.25,107,107.25,240
1590710400,107.25,110.25,107,107.5,149,107.25,110.25,107,107.5,180
1590796800,107.5,110.5,91,93,150,107.5,110.5,91,93,120
1590883200,93,98.5,92,98.5,151,93,98.5,92,98.5,265
1590969600,98.5,104.25,98.5,104,152,98.5,104.25,98.5,104,205
1591056000,104,110,102.25,109.5,153,104,110,102.25,109.5,145
1591142400,109.5,115.75,108.75,115,154,109.5,115.75,108.75,115,290
1591228800,115,116,84,86.5,155,115,116,84,86.5,230
1591315200,86.5,93.25,85,92,156,86.5,93.25,85,92,170
1591401600,92,99,91.5,97.5,157,92,99,91.5,97.5,110
1591488000,97.5,104.75,95.25,103,158,97.5,104.75,95.25,103,255
1591574400,103,110.5,101.75,108.5,159,103,110.5,101.75,108.5,195
1591660800,108.5,116.25,108.25,114,160,108.5,116.25,108.25,114,135
1591747200,114,116.5,84.5,86.5,161,114,116.5,84.5,86.5,280
1591833600,86.5,95.75,85.5,93,162,86.5,95.75,85.5,93,220
1591920000,93,102.5,93,99.5,163,93,102.5,93,99.5,160
1592006400,99.5,106,97.75,106,164,99.5,106,97.75,106,100
1592092800,106,112.75,105.25,112.5,165,106,112.75,105.25,112.5,245
1592179200,112.5,119.5,110,119,166,112.5,119.5,110,119,185
1592265600,119,119.75,90,91.5,167,119,119.75,90,91.5,125
1592352000,91.5,99,91,98,168,91.5,99,91,98,270
1592438400,98,105.75,95.75,104.5,169,98,105.75,95.75,104.5,210
1592524800,104.5,107.25,103.25,105.75,170,104.5,107.25,103.25,105.75,150
1592611200,105.75,108.75,105.5,107,171,105.75,108.75,105.5,107,295
1592697600,107,109,102,104,172,107,109,102,104,235
1592784000,104,107.5,103,105.25,173,104,107.5,103,105.25,175
1592870400,105.25,109,105.25,106.5,174,105.25,109,105.25,106.5,115
1592956800,106.5,110.5,104.75,107.75,175,106.5,110.5,104.75,107.75,260
1593043200,107.75,112,107,109,176,107.75,112,107,109,200
1593129600,109,110.25,106.5,110.25,177,109,110.25,106.5,110.25,140
1593216000,110.25,110.5,105.75,107.25,178,110.25,110.5,105.75,107.25,285
1593302400,107.25,109,106.75,108.5,179,107.25,109,106.75,108.5,225
1593388800,108.5,110.5,106.25,109.75,180,108.5,110.5,106.25,109.75,165
1593475200,109.75,112,108.5,111,181,109.75,112,108.5,111,105
1593561600,111,113.5,110.75,112.25,182,111,113.5,110.75,112.25,250
1593648000,112.25,115,110.25,113.5,183,112.25,115,110.25,113.5,190
1593734400,113.5,120,109.5,110.5,184,113.5,120,109.5,110.5,130
1593820800,110.5,111.75,110.5,111.75,185,110.5,111.75,110.5,111.75,275
1593907200,111.75,120,110,113,186,111.75,120,110,113,215
1593993600,113,116.75,112.25,114.25,187,113,116.75,112.25,114.25,155
1594080000,114.25,118.25,111.75,115.5,188,114.25,118.25,111.75,115.5,300
1594166400,115.5,118.5,111,112.5,189,115.5,118.5,111,112.5,240
1594252800,112.5,120,112,113.75,190,112.5,120,112,113.75,180
1594339200,113.75,120,111.5,115,191,113.75,120,111.5,115,120
1594425600,115,116.75,113.75,116.25,192,115,116.75,113.75,116.25,265
1594512000,116.25,118.25,116,117.5,193,116.25,118.25,116,117.5,205
1594598400,117.5,119.75,115.5,118.75,194,117.5,119.75,115.5,118.75,145
1594684800,118.75,120,114.75,115.75,195,118.75,120,114.75,115.75,290
1594771200,115.75,120,115.75,117,196,115.75,120,115.75,117,230
1594857600,117,120,115.25,118.25,197,117,120,115.25,118.25,170
1594944000,118.25,121.5,117.5,119.5,198,118.25,121.5,117.5,119.5,110
1595030400,119.5,120,117,120.75,199,119.5,120,117,120.75,255
1595116800,120.75,124.5,119.25,122,200,120.75,124.5,119.25,122,195
1595203200,122,124.75,117.5,118,201,122,124.75,117.5,118,135
1595289600,118,121.25,115.75,118.25,202,118,121.25,115.75,118.25,280
1595376000,118.25,118.5,95,118.5,203,118.25,118.5,95,118.5,220
1595462400,118.5,119,118.25,118.75,204,118.5,119,118.25,118.75,160
1595548800,118.75,119.5,95,119,205,118.75,119.5,95,119,100
1595635200,119,119.75,114,115,206,119,119.75,114,115,245
1595721600,115,116.25,115,115.25,207,115,116.25,115,115.25,185
1595808000,115.25,116.75,113.5,115.5,208,115.25,116.75,113.5,115.5,125
1595894400,115.5,117.25,114.75,115.75,209,115.5,117.25,114.75,115.75,270
1595980800,115.75,117.5,107.5,110,210,115.75,117.5,107.5,110,210
1596067200,110,110,110,110,211,110,110,110,110,150
1596153600,110,110,110,110,212,110,110,110,110,295
1596240000,110,110,110,110,213,110,110,110,110,235
1596326400,110,110,110,110,214,110,110,110,110,175
1596412800,110,110,110,110,215,110,110,110,110,115
1596499200,110,110,110,110,216,110,110,110,110,260
1596585600,110,110,110,110,217,110,110,110,110,200
1596672000,110,110,110,110,218,110,110,110,110,140
1596758400,110,110,110,110,219,110,110,110,110,285
1596844800,110,110,110,110,220,110,110,110,110,225
1596931200,110,110,110,110,221,110,110,110,110,165
1597017600,110,110.5,110,110.5,222,110,110.5,110,110.5,105
1597104000,110.5,112.25,106,106.5,223,110.5,112.25,106,106.5,250
1597190400,106.5,108.75,104.25,106.75,224,106.5,108.75,104.25,106.75,190
1597276800,106.75,109.25,105.5,107,225,106.75,109.25,105.5,107,130
1597363200,107,109.75,95,107.25,226,107,109.75,95,107.25,275
1597449600,107.25,110.25,95,107.5,227,107.25,110.25,95,107.5,215
1597536000,107.5,110.75,106.5,107.75,228,107.5,110.75,106.5,107.75,155
1597622400,107.75,107.75,103.75,103.75,229,107.75,107.75,103.75,103.75,300
1597708800,103.75,104.25,102,104,230,103.75,104.25,102,104,240
1597795200,104,104.75,103.25,104.25,231,104,104.75,103.25,104.25,180
1597881600,104.25,105.25,101.75,104.5,232,104.25,105.25,101.75,104.5,120
1597968000,104.5,105.75,103,104.75,233,104.5,105.75,103,104.75,265
1598054400,104.75,106.25,104.25,105,234,104.75,106.25,104.25,105,205
1598140800,105,106.5,98.75,101,235,105,106.5,98.75,101,145
1598227200,101,103,99.75,101.25,236,101,103,99.75,101.25,290
1598313600,101.25,103.5,101,101.5,237,101.25,103.5,101,101.5,230
1598400000,101.5,104,99.5,101.75,238,101.5,104,99.5,101.75,170
1598486400,101.75,104.5,100.75,102,239,101.75,104.5,100.75,102,110
