time,open,high,low,close,bi,tp,hi3,lo3,hi5,lo5,hib3,lob3,hib5,lob5,hi10_h,lo10_l,hib10_h,lob10_l
1577836800,100.25,100.75,100.25,100.75,0,3,,,,,,,,,,,,
1577923200,100.75,103.5,98.25,102,1,5,,,,,,,,,,,,
1578009600,102,103.75,97.5,99,2,5,5,3,,,-1,-2,,,,,,
1578096000,99,102.25,98.5,100.25,3,2,5,2,,,-2,0,,,,,,
1578182400,100.25,103.75,98,101.5,4,6,6,2,6,2,0,-1,0,-1,,,,
1578268800,101.5,105.25,100.25,102.75,5,6,6,2,6,2,-1,-2,-1,-2,,,,
1578355200,102.75,106.75,102.5,104,6,6,6,6,6,2,-2,-2,-2,-3,,,,
1578441600,104,108.25,102,105.25,7,1,6,1,6,1,-2,0,-3,0,,,,
1578528000,105.25,105.25,101.25,102.25,8,4,6,1,6,1,-2,-1,-4,-1,,,,
1578614400,102.25,103.75,102.25,103.5,9,7,7,1,7,1,0,-2,0,-2,108.25,97.5,-2,-7
1578700800,103.5,105.25,101.75,104.75,10,2,7,2,7,1,-1,0,-1,-3,108.25,97.5,-3,-8
1578787200,104.75,106.75,104,106,11,7,7,2,7,1,-2,-1,-2,-4,108.25,97.5,-4,-9
1578873600,106,108.25,103.5,107.25,12,3,7,2,7,2,-1,-2,-3,-2,108.25,98,-5,-8
1578960000,107.25,109.75,105.75,108.5,13,9,9,3,9,2,0,-1,0,-3,109.75,98,0,-9
1579046400,108.5,110,105,105.5,14,1,9,1,9,1,-1,0,-1,0,110,100.25,0,-9
1579132800,105.5,108.5,103.25,106.75,15,1,9,1,9,1,-2,-1,-2,-1,110,101.25,-1,-7
1579219200,106.75,110,105.5,108,16,9,9,1,9,1,0,-2,-3,-2,110,101.25,-2,-8
1579305600,108,111.5,107.75,109.25,17,2,9,1,9,1,-1,-2,-4,-3,111.5,101.25,0,-9
1579392000,109.25,113,107.25,110.5,18,4,9,2,9,1,-2,-1,-2,-4,113,101.75,0,-8
1579478400,110.5,113.25,106.5,107.5,19,8,8,2,9,1,0,-2,-3,-4,113.25,101.75,0,-9
1579564800,107.5,111.75,107.5,108.75,20,3,8,3,9,2,-1,0,-4,-3,113.25,103.25,-1,-5
1579651200,108.75,110,107,110,21,4,8,3,8,2,-2,-1,-2,-4,113.25,103.25,-2,-6
1579737600,110,111.5,109.25,111.25,22,8,8,3,8,3,0,-2,-3,-2,113.25,103.25,-3,-7
1579824000,111.25,113,108.75,112.5,23,1,8,1,8,1,-1,0,-4,0,113.25,103.25,-4,-8
1579910400,112.5,114.5,111,113.75,24,3,8,1,8,1,-2,-1,-2,-1,114.5,103.25,0,-9
1579996800,113.75,114.75,110.25,110.75,25,5,5,1,8,1,0,-2,-3,-2,114.75,105.5,0,-9
1580083200,110.75,113.25,108.5,112,26,5,5,3,8,1,-1,-2,-4,-3,114.75,106.5,-1,-7
1580169600,112,114.75,110.75,113.25,27,2,5,2,5,1,-2,0,-2,-4,114.75,106.5,-2,-8
1580256000,113.25,116.25,113,114.5,28,6,6,2,6,2,0,-1,0,-1,116.25,106.5,0,-9
1580342400,114.5,117.75,112.5,115.75,29,6,6,2,6,2,-1,-2,-1,-2,117.75,107,0,-8
1580428800,115.75,119.25,114.75,117,30,6,6,6,6,2,-2,-2,-2,-3,119.25,107,0,-9
1580515200,117,119.5,114,114,31,1,6,1,6,1,-2,0,-3,0,119.5,108.5,0,-5
1580601600,114,118,112.25,115.25,32,4,6,1,6,1,-2,-1,-4,-1,119.5,108.5,-1,-6
1580688000,115.25,119.5,114.5,116.5,33,7,7,1,7,1,0,-2,0,-2,119.5,108.5,-2,-7
1580774400,116.5,117.75,114,117.75,34,2,7,2,7,1,-1,0,-1,-3,119.5,108.5,-3,-8
1580860800,117.75,119.25,116.25,119,35,7,7,2,7,1,-2,-1,-2,-4,119.5,108.5,-4,-9
1580947200,119,119.5,115.5,116,36,3,7,2,7,2,-1,-2,-3,-2,119.5,110.75,-5,-9
1581033600,116,117.25,116,117.25,37,9,9,3,9,2,0,-1,0,-3,119.5,112.25,-6,-5
1581120000,117.25,119.5,116,118.5,38,1,9,1,9,1,-1,0,-1,0,119.5,112.25,-7,-6
1581206400,118.5,121,118.25,119.75,39,1,9,1,9,1,-2,-1,-2,-1,121,112.25,0,-7
1581292800,119.75,122.5,117.75,121,40,9,9,1,9,1,0,-2,-3,-2,122.5,112.25,0,-8
1581379200,121,123,120,121.25,41,2,9,1,9,1,-1,-2,-4,-3,123,112.25,0,-9
1581465600,121.25,123.25,117.25,117.25,42,4,9,2,9,1,-2,-1,-2,-4,123.25,114,0,-8
1581552000,117.25,119.75,115.5,117.5,43,8,8,2,9,1,0,-2,-3,-4,123.25,114,-1,-9
1581638400,117.5,120.25,116.75,117.75,44,3,8,3,9,2,-1,0,-4,-3,123.25,115.5,-2,-8
1581724800,117.75,120.75,115.25,118,45,4,8,3,8,2,-2,-1,-2,-4,123.25,115.25,-3,0
1581811200,118,121.25,116.5,118.25,46,8,8,3,8,3,0,-2,-3,-2,123.25,115.25,-4,-1
1581897600,118.25,118.5,117.75,118.5,47,1,8,1,8,1,-1,0,-4,0,123.25,115.25,-5,-2
1581984000,118.5,118.75,112.25,114.5,48,3,8,1,8,1,-2,-1,-2,-1,123.25,112.25,-6,0
1582070400,114.5,115.25,113.25,114.75,49,5,5,1,8,1,0,-2,-3,-2,123.25,112.25,-7,-1
1582156800,114.75,115.75,114.5,115,50,5,5,3,8,1,-1,-2,-4,-3,123.25,112.25,-8,-2
1582243200,115,116.25,113,115.25,51,2,5,2,5,1,-2,0,-2,-4,123.25,112.25,-9,-3
1582329600,115.25,116.75,114.25,115.5,52,6,6,2,6,2,0,-1,0,-1,121.25,112.25,-6,-4
1582416000,115.5,117,111.5,111.5,53,6,6,2,6,2,-1,-2,-1,-2,121.25,111.5,-7,0
1582502400,111.5,113.5,109.75,111.75,54,6,6,6,6,2,-2,-2,-2,-3,121.25,109.75,-8,0
1582588800,111.75,114,111,112,55,1,6,1,6,1,-2,0,-3,0,121.25,109.75,-9,-1
1582675200,112,114.5,109.5,112.25,56,4,6,1,6,1,-2,-1,-4,-1,118.75,109.5,-8,0
1582761600,112.25,115,110.75,112.5,57,7,7,1,7,1,0,-2,0,-2,118.75,109.5,-9,-1
1582848000,112.5,115.5,112,112.75,58,2,7,2,7,1,-1,0,-1,-3,117,109.5,-5,-2
1582934400,112.75,115.75,106.5,108.75,59,7,7,2,7,1,-2,-1,-2,-4,117,106.5,-6,0
1583020800,108.75,109,107.5,109,60,3,7,2,7,2,-1,-2,-3,-2,117,106.5,-7,-1
1583107200,109,109.5,108.75,109.25,61,9,9,3,9,2,0,-1,0,-3,117,106.5,-8,-2
1583193600,109.25,110,107.25,109.5,62,1,9,1,9,1,-1,0,-1,0,117,106.5,-9,-3
1583280000,109.5,110.5,108.5,109.75,63,1,9,1,9,1,-2,-1,-2,-1,115.75,106.5,-4,-4
1583366400,109.75,111,109.75,110,64,9,9,1,9,1,0,-2,-3,-2,115.75,106.5,-5,-5
1583452800,110,111.25,104.25,106,65,2,9,1,9,1,-1,-2,-4,-3,115.75,104.25,-6,0
1583539200,106,107.75,105.25,106.25,66,4,9,2,9,1,-2,-1,-2,-4,115.75,104.25,-7,-1
1583625600,106.25,108.25,103.75,106.5,67,8,8,2,9,1,0,-2,-3,-4,115.75,103.75,-8,0
1583712000,106.5,108.75,105,106.75,68,3,8,3,9,2,-1,0,-4,-3,115.75,103.75,-9,-1
1583798400,106.75,109.25,106.25,107,69,4,8,3,8,2,-2,-1,-2,-4,111.25,103.75,-4,-2
1583884800,107,109.5,100.75,103,70,8,8,3,8,3,0,-2,-3,-2,111.25,100.75,-5,0
1583971200,103,106,101.75,103.25,71,1,8,1,8,1,-1,0,-4,0,111.25,100.75,-6,-1
1584057600,103.25,106.5,103,103.5,72,3,8,1,8,1,-2,-1,-2,-1,111.25,100.75,-7,-2
1584144000,103.5,103.75,101.5,103.75,73,5,5,1,8,1,0,-2,-3,-2,111.25,100.75,-8,-3
1584230400,103.75,104,103.75,104,74,5,5,3,8,1,-1,-2,-4,-3,111.25,100.75,-9,-4
1584316800,104,104.75,104,104.25,75,2,5,2,5,1,-2,0,-2,-4,109.5,100.75,-5,-5
1584403200,104.25,105,98.5,100.25,76,6,6,2,6,2,0,-1,0,-1,109.5,98.5,-6,0
1584489600,100.25,101.5,99.5,100.5,77,6,6,2,6,2,-1,-2,-1,-2,109.5,98.5,-7,-1
1584576000,100.5,102,98,100.75,78,6,6,6,6,2,-2,-2,-2,-3,109.5,98,-8,0
1584662400,100.75,102.5,99.25,101,79,1,6,1,6,1,-2,0,-3,0,109.5,98,-9,-1
1584748800,101,103,100.5,101.25,80,4,6,1,6,1,-2,-1,-4,-1,106.5,98,-8,-2
1584835200,101.25,104.5,99,102.5,81,7,7,1,7,1,0,-2,0,-2,106.5,98,-9,-3
1584921600,102.5,104.75,98.25,99.5,82,2,7,2,7,1,-1,0,-1,-3,105,98,-6,-4
1585008000,99.5,103.25,99.25,100.75,83,7,7,2,7,1,-2,-1,-2,-4,105,98,-7,-5
1585094400,100.75,104.75,98.75,102,84,3,7,2,7,2,-1,-2,-3,-2,105,98,-8,-6
1585180800,102,106.25,101,103.25,85,9,9,3,9,2,0,-1,0,-3,106.25,98,0,-7
1585267200,103.25,104.5,103.25,104.5,86,1,9,1,9,1,-1,0,-1,0,106.25,98,-1,-8
1585353600,104.5,104.75,99.75,101.5,87,1,9,1,9,1,-2,-1,-2,-1,106.25,98,-2,-9
1585440000,101.5,103.25,100.75,102.75,88,9,9,1,9,1,0,-2,-3,-2,106.25,98.25,-3,-6
1585526400,102.75,104.75,100.25,104,89,2,9,1,9,1,-1,-2,-4,-3,106.25,98.25,-4,-7
1585612800,104,106.25,102.5,105.25,90,4,9,2,9,1,-2,-1,-2,-4,106.25,98.25,-5,-8
1585699200,105.25,107.75,104.75,106.5,91,8,8,2,9,1,0,-2,-3,-4,107.75,98.25,0,-9
1585785600,106.5,109.25,104.25,107.75,92,3,8,3,9,2,-1,0,-4,-3,109.25,98.75,0,-8
1585872000,107.75,109.5,103.5,104.75,93,4,8,3,8,2,-2,-1,-2,-4,109.5,98.75,0,-9
1585958400,104.75,108,104.5,106,94,8,8,3,8,3,0,-2,-3,-2,109.5,99.75,-1,-7
1586044800,106,109.5,104,107.25,95,1,8,1,8,1,-1,0,-4,0,109.5,99.75,-2,-8
1586131200,107.25,111,106.25,108.5,96,3,8,1,8,1,-2,-1,-2,-1,111,99.75,0,-9
1586217600,108.5,112.5,108.5,109.75,97,5,5,1,8,1,0,-2,-3,-2,112.5,100.25,0,-8
1586304000,109.75,114,108,111,98,5,5,3,8,1,-1,-2,-4,-3,114,100.25,0,-9
1586390400,111,111,107.25,108,99,2,5,2,5,1,-2,0,-2,-4,114,102.5,-1,-9
1586476800,108,109.5,105.5,109.25,100,6,6,2,6,2,0,-1,0,-1,114,103.5,-2,-7
1586563200,109.25,111,107.75,110.5,101,6,6,2,6,2,-1,-2,-1,-2,114,103.5,-3,-8
1586649600,110.5,112.5,110,111.75,102,6,6,6,6,2,-2,-2,-2,-3,114,103.5,-4,-9
1586736000,111.75,114,109.5,113,103,1,6,1,6,1,-2,0,-3,0,114,104,-5,-8
1586822400,113,114.25,108.75,110,104,4,6,1,6,1,-2,-1,-4,-1,114.25,104,0,-9
1586908800,110,112.75,109.75,111.25,105,7,7,1,7,1,0,-2,0,-2,114.25,105.5,-1,-5
1586995200,111.25,114.25,109.25,112.5,106,2,7,2,7,1,-1,0,-1,-3,114.25,105.5,-2,-6
1587081600,112.5,115.75,111.5,113.75,107,7,7,2,7,1,-2,-1,-2,-4,115.75,105.5,0,-7
1587168000,113.75,117.25,113.75,115,108,3,7,2,7,2,-1,-2,-3,-2,117.25,105.5,0,-8
1587254400,115,118.75,113.25,116.25,109,9,9,3,9,2,0,-1,0,-3,118.75,105.5,0,-9
1587340800,116.25,119,112.5,113.25,110,1,9,1,9,1,-1,0,-1,0,119,107.75,0,-9
1587427200,113.25,114.5,113.25,114.5,111,1,9,1,9,1,-2,-1,-2,-1,119,108.75,-1,-7
1587513600,114.5,115.75,113,115.75,112,9,9,1,9,1,0,-2,-3,-2,119,108.75,-2,-8
1587600000,115.75,117.25,115.25,117,113,2,9,1,9,1,-1,-2,-4,-3,119,108.75,-3,-9
1587686400,117,118.75,114.75,118.25,114,4,9,2,9,1,-2,-1,-2,-4,119,109.25,-4,-8
1587772800,118.25,120.25,117,119.5,115,8,8,2,9,1,0,-2,-3,-4,120.25,109.25,0,-9
1587859200,119.5,120.5,116.25,116.5,116,3,8,3,9,2,-1,0,-4,-3,120.5,111.5,0,-9
1587945600,116.5,119,114.5,117.75,117,4,8,3,8,2,-2,-1,-2,-4,120.5,112.5,-1,-7
1588032000,117.75,120.5,116.75,119,118,8,8,3,8,3,0,-2,-3,-2,120.5,112.5,-2,-8
1588118400,119,122,119,120.25,119,1,8,1,8,1,-1,0,-4,0,122,112.5,0,-9
1588204800,120.25,123.5,118.5,121.5,120,3,8,1,8,1,-2,-1,-2,-1,123.5,113,0,-8
1588291200,121.5,123.75,116.75,117.5,121,5,5,1,8,1,0,-2,-3,-2,123.75,113,0,-9
1588377600,117.5,120.25,115,117.75,122,5,5,3,8,1,-1,-2,-4,-3,123.75,114.5,-1,-5
1588464000,117.75,120.75,116.25,118,123,2,5,2,5,1,-2,0,-2,-4,123.75,114.5,-2,-6
1588550400,118,121.25,117.5,118.25,124,6,6,2,6,2,0,-1,0,-1,123.75,114.5,-3,-7
1588636800,118.25,118.5,116,118.5,125,6,6,2,6,2,-1,-2,-1,-2,123.75,114.5,-4,-8
1588723200,118.5,119,117.25,118.75,126,6,6,6,6,2,-2,-2,-2,-3,123.75,114.5,-5,-9
1588809600,118.75,119.25,114.5,114.75,127,1,6,1,6,1,-2,0,-3,0,123.75,114.5,-6,0
1588896000,114.75,115.75,112.75,115,128,4,6,1,6,1,-2,-1,-4,-1,123.75,112.75,-7,0
1588982400,115,116.25,114,115.25,129,7,7,1,7,1,0,-2,0,-2,123.75,112.75,-8,-1
1589068800,115.25,116.75,115.25,115.5,130,2,7,2,7,1,-1,0,-1,-3,123.75,112.75,-9,-2
1589155200,115.5,117.25,113.75,115.75,131,7,7,2,7,1,-2,-1,-2,-4,121.25,112.75,-7,-3
1589241600,115.75,117.75,115,116,132,3,7,2,7,2,-1,-2,-3,-2,121.25,112.75,-8,-4
1589328000,116,118,109.5,112,133,9,9,3,9,2,0,-1,0,-3,121.25,109.5,-9,0
1589414400,112,114.5,110.5,112.25,134,1,9,1,9,1,-1,0,-1,0,119.25,109.5,-7,-1
1589500800,112.25,115,111.75,112.5,135,1,9,1,9,1,-2,-1,-2,-1,119.25,109.5,-8,-2
1589587200,112.5,115.5,110.25,112.75,136,9,9,1,9,1,0,-2,-3,-2,119.25,109.5,-9,-3
1589673600,112.75,116,111.5,113,137,2,9,1,9,1,-1,-2,-4,-3,118,109.5,-4,-4
1589760000,113,113,108.75,109,138,4,9,2,9,1,-2,-1,-2,-4,118,108.75,-5,0
1589846400,109,109.5,107,109.25,139,8,8,2,9,1,0,-2,-3,-4,118,107,-6,0
1589932800,109.25,110,108.25,109.5,140,3,8,3,9,2,-1,0,-4,-3,118,107,-7,-1
1590019200,109.5,110.5,109.5,109.75,141,4,8,3,8,2,-2,-1,-2,-4,118,107,-8,-2
1590105600,109.75,111,108,110,142,8,8,3,8,3,0,-2,-3,-2,118,107,-9,-3
1590192000,110,111.5,109.25,110.25,143,1,8,1,8,1,-1,0,-4,0,116,107,-6,-4
1590278400,110.25,111.75,103.75,106.25,144,3,8,1,8,1,-2,-1,-2,-1,116,103.75,-7,0
1590364800,106.25,108.25,104.75,106.5,145,5,5,1,8,1,0,-2,-3,-2,116,103.75,-8,-1
1590451200,106.5,108.75,106,106.75,146,5,5,3,8,1,-1,-2,-4,-3,116,103.75,-9,-2
1590537600,106.75,109.25,104.5,107,147,2,5,2,5,1,-2,0,-2,-4,113,103.75,-9,-3
1590624000,107,107.25,107,107.25,148,6,6,2,6,2,0,-1,0,-1,111.75,103.75,-4,-4
1590710400,107.25,110.25,107,107.5,149,6,6,2,6,2,-1,-2,-1,-2,111.75,103.75,-5,-5
1590796800,107.5,110.5,91,93,150,6,6,6,6,2,-2,-2,-2,-3,111.75,91,-6,0
1590883200,93,98.5,92,98.5,151,1,6,1,6,1,-2,0,-3,0,111.75,91,-7,-1
1590969600,98.5,104.25,98.5,104,152,4,6,1,6,1,-2,-1,-4,-1,111.75,91,-8,-2
1591056000,104,110,102.25,109.5,153,7,7,1,7,1,0,-2,0,-2,111.75,91,-9,-3
1591142400,109.5,115.75,108.75,115,154,2,7,2,7,1,-1,0,-1,-3,115.75,91,0,-4
1591228800,115,116,84,86.5,155,7,7,2,7,1,-2,-1,-2,-4,116,84,0,0
1591315200,86.5,93.25,85,92,156,3,7,2,7,2,-1,-2,-3,-2,116,84,-1,-1
1591401600,92,99,91.5,97.5,157,9,9,3,9,2,0,-1,0,-3,116,84,-2,-2
1591488000,97.5,104.75,95.25,103,158,1,9,1,9,1,-1,0,-1,0,116,84,-3,-3
1591574400,103,110.5,101.75,108.5,159,1,9,1,9,1,-2,-1,-2,-1,116,84,-4,-4
1591660800,108.5,116.25,108.25,114,160,9,9,1,9,1,0,-2,-3,-2,116.25,84,0,-5
1591747200,114,116.5,84.5,86.5,161,2,9,1,9,1,-1,-2,-4,-3,116.5,84,0,-6
1591833600,86.5,95.75,85.5,93,162,4,9,2,9,1,-2,-1,-2,-4,116.5,84,-1,-7
1591920000,93,102.5,93,99.5,163,8,8,2,9,1,0,-2,-3,-4,116.5,84,-2,-8
1592006400,99.5,106,97.75,106,164,3,8,3,9,2,-1,0,-4,-3,116.5,84,-3,-9
1592092800,106,112.75,105.25,112.5,165,4,8,3,8,2,-2,-1,-2,-4,116.5,84.5,-4,-4
1592179200,112.5,119.5,110,119,166,8,8,3,8,3,0,-2,-3,-2,119.5,84.5,0,-5
1592265600,119,119.75,90,91.5,167,1,8,1,8,1,-1,0,-4,0,119.75,84.5,0,-6
1592352000,91.5,99,91,98,168,3,8,1,8,1,-2,-1,-2,-1,119.75,84.5,-1,-7
1592438400,98,105.75,95.75,104.5,169,5,5,1,8,1,0,-2,-3,-2,119.75,84.5,-2,-8
1592524800,104.5,107.25,103.25,105.75,170,5,5,3,8,1,-1,-2,-4,-3,119.75,84.5,-3,-9
1592611200,105.75,108.75,105.5,107,171,2,5,2,5,1,-2,0,-2,-4,119.75,85.5,-4,-9
1592697600,107,109,102,104,172,6,6,2,6,2,0,-1,0,-1,119.75,90,-5,-5
1592784000,104,107.5,103,105.25,173,6,6,2,6,2,-1,-2,-1,-2,119.75,90,-6,-6
1592870400,105.25,109,105.25,106.5,174,6,6,6,6,2,-2,-2,-2,-3,119.75,90,-7,-7
1592956800,106.5,110.5,104.75,107.75,175,1,6,1,6,1,-2,0,-3,0,119.75,90,-8,-8
1593043200,107.75,112,107,109,176,4,6,1,6,1,-2,-1,-4,-1,119.75,90,-9,-9
1593129600,109,110.25,106.5,110.25,177,7,7,1,7,1,0,-2,0,-2,112,91,-1,-9
1593216000,110.25,110.5,105.75,107.25,178,2,7,2,7,1,-1,0,-1,-3,112,95.75,-2,-9
1593302400,107.25,109,106.75,108.5,179,7,7,2,7,1,-2,-1,-2,-4,112,102,-3,-7
1593388800,108.5,110.5,106.25,109.75,180,3,7,2,7,2,-1,-2,-3,-2,112,102,-4,-8
1593475200,109.75,112,108.5,111,181,9,9,3,9,2,0,-1,0,-3,112,102,-5,-9
1593561600,111,113.5,110.75,112.25,182,1,9,1,9,1,-1,0,-1,0,113.5,103,0,-9
1593648000,112.25,115,110.25,113.5,183,1,9,1,9,1,-2,-1,-2,-1,115,104.75,0,-8
1593734400,113.5,120,109.5,110.5,184,9,9,1,9,1,0,-2,-3,-2,120,104.75,0,-9
1593820800,110.5,111.75,110.5,111.75,185,2,9,1,9,1,-1,-2,-4,-3,120,105.75,-1,-7
1593907200,111.75,120,110,113,186,4,9,2,9,1,-2,-1,-2,-4,120,105.75,-2,-8
1593993600,113,116.75,112.25,114.25,187,8,8,2,9,1,0,-2,-3,-4,120,105.75,-3,-9
1594080000,114.25,118.25,111.75,115.5,188,3,8,3,9,2,-1,0,-4,-3,120,106.25,-4,-8
1594166400,115.5,118.5,111,112.5,189,4,8,3,8,2,-2,-1,-2,-4,120,106.25,-5,-9
1594252800,112.5,120,112,113.75,190,8,8,3,8,3,0,-2,-3,-2,120,108.5,-6,-9
1594339200,113.75,120,111.5,115,191,1,8,1,8,1,-1,0,-4,0,120,109.5,-7,-7
1594425600,115,116.75,113.75,116.25,192,3,8,1,8,1,-2,-1,-2,-1,120,109.5,-8,-8
1594512000,116.25,118.25,116,117.5,193,5,5,1,8,1,0,-2,-3,-2,120,109.5,-9,-9
1594598400,117.5,119.75,115.5,118.75,194,5,5,3,8,1,-1,-2,-4,-3,120,110,-8,-8
1594684800,118.75,120,114.75,115.75,195,2,5,2,5,1,-2,0,-2,-4,120,110,-9,-9
1594771200,115.75,120,115.75,117,196,6,6,2,6,2,0,-1,0,-1,120,111,-6,-7
1594857600,117,120,115.25,118.25,197,6,6,2,6,2,-1,-2,-1,-2,120,111,-7,-8
1594944000,118.25,121.5,117.5,119.5,198,6,6,6,6,2,-2,-2,-2,-3,121.5,111,0,-9
1595030400,119.5,120,117,120.75,199,1,6,1,6,1,-2,0,-3,0,121.5,111.5,-1,-8
1595116800,120.75,124.5,119.25,122,200,4,6,1,6,1,-2,-1,-4,-1,124.5,111.5,0,-9
1595203200,122,124.75,117.5,118,201,7,7,1,7,1,0,-2,0,-2,124.75,113.75,0,-9
1595289600,118,121.25,115.75,118.25,202,2,7,2,7,1,-1,0,-1,-3,124.75,114.75,-1,-7
1595376000,118.25,118.5,95,118.5,203,7,7,2,7,1,-2,-1,-2,-4,124.75,95,-2,0
1595462400,118.5,119,118.25,118.75,204,3,7,2,7,2,-1,-2,-3,-2,124.75,95,-3,-1
1595548800,118.75,119.5,95,119,205,9,9,3,9,2,0,-1,0,-3,124.75,95,-4,-2
1595635200,119,119.75,114,115,206,1,9,1,9,1,-1,0,-1,0,124.75,95,-5,-3
1595721600,115,116.25,115,115.25,207,1,9,1,9,1,-2,-1,-2,-1,124.75,95,-6,-4
1595808000,115.25,116.75,113.5,115.5,208,9,9,1,9,1,0,-2,-3,-2,124.75,95,-7,-5
1595894400,115.5,117.25,114.75,115.75,209,2,9,1,9,1,-1,-2,-4,-3,124.75,95,-8,-6
1595980800,115.75,117.5,107.5,110,210,4,9,2,9,1,-2,-1,-2,-4,124.75,95,-9,-7
1596067200,110,110,110,110,211,8,8,2,9,1,0,-2,-3,-4,121.25,95,-9,-8
1596153600,110,110,110,110,212,3,8,3,9,2,-1,0,-4,-3,119.75,95,-6,-9
1596240000,110,110,110,110,213,4,8,3,8,2,-2,-1,-2,-4,119.75,95,-7,-8
1596326400,110,110,110,110,214,8,8,3,8,3,0,-2,-3,-2,119.75,95,-8,-9
1596412800,110,110,110,110,215,1,8,1,8,1,-1,0,-4,0,119.75,107.5,-9,-5
1596499200,110,110,110,110,216,3,8,1,8,1,-2,-1,-2,-1,117.5,107.5,-6,-6
1596585600,110,110,110,110,217,5,5,1,8,1,0,-2,-3,-2,117.5,107.5,-7,-7
1596672000,110,110,110,110,218,5,5,3,8,1,-1,-2,-4,-3,117.5,107.5,-8,-8
1596758400,110,110,110,110,219,2,5,2,5,1,-2,0,-2,-4,117.5,107.5,-9,-9
1596844800,110,110,110,110,220,6,6,2,6,2,0,-1,0,-1,110,110,-9,-9
1596931200,110,110,110,110,221,6,6,2,6,2,-1,-2,-1,-2,110,110,-9,-9
1597017600,110,110.5,110,110.5,222,6,6,6,6,2,-2,-2,-2,-3,110.5,110,0,-9
1597104000,110.5,112.25,106,106.5,223,1,6,1,6,1,-2,0,-3,0,112.25,106,0,0
1597190400,106.5,108.75,104.25,106.75,224,4,6,1,6,1,-2,-1,-4,-1,112.25,104.25,-1,0
1597276800,106.75,109.25,105.5,107,225,7,7,1,7,1,0,-2,0,-2,112.25,104.25,-2,-1
1597363200,107,109.75,95,107.25,226,2,7,2,7,1,-1,0,-1,-3,112.25,95,-3,0
1597449600,107.25,110.25,95,107.5,227,7,7,2,7,1,-2,-1,-2,-4,112.25,95,-4,-1
1597536000,107.5,110.75,106.5,107.75,228,3,7,2,7,2,-1,-2,-3,-2,112.25,95,-5,-2
1597622400,107.75,107.75,103.75,103.75,229,9,9,3,9,2,0,-1,0,-3,112.25,95,-6,-3
1597708800,103.75,104.25,102,104,230,1,9,1,9,1,-1,0,-1,0,112.25,95,-7,-4
1597795200,104,104.75,103.25,104.25,231,1,9,1,9,1,-2,-1,-2,-1,112.25,95,-8,-5
1597881600,104.25,105.25,101.75,104.5,232,9,9,1,9,1,0,-2,-3,-2,112.25,95,-9,-6
1597968000,104.5,105.75,103,104.75,233,2,9,1,9,1,-1,-2,-4,-3,110.75,95,-5,-7
1598054400,104.75,106.25,104.25,105,234,4,9,2,9,1,-2,-1,-2,-4,110.75,95,-6,-8
1598140800,105,106.5,98.75,101,235,8,8,2,9,1,0,-2,-3,-4,110.75,95,-7,-9
1598227200,101,103,99.75,101.25,236,3,8,3,9,2,-1,0,-4,-3,110.75,95,-8,-9
1598313600,101.25,103.5,101,101.5,237,4,8,3,8,2,-2,-1,-2,-4,110.75,98.75,-9,-2
1598400000,101.5,104,99.5,101.75,238,8,8,3,8,3,0,-2,-3,-2,107.75,98.75,-9,-3
1598486400,101.75,104.5,100.75,102,239,1,8,1,8,1,-1,0,-4,0,106.5,98.75,-4,-4
