time,open,high,low,close,bi,for_sum10,for_desc_by2,for_break,while_steps,for_dynamic_end,for_value,div_const,div_series,and_stateful
1577836800,100.25,100.75,100.25,100.75,0,,30,0,1,4,8,3,0,0
1577923200,100.75,103.5,98.25,102,1,,30,0,1,4,8,3,0.5,0
1578009600,102,103.75,97.5,99,2,,30,1,0,4,8,3,1,0
1578096000,99,102.25,98.5,100.25,3,,30,0,1,4,8,3,1.5,0
1578182400,100.25,103.75,98,101.5,4,,30,0,1,4,8,3,2,0
1578268800,101.5,105.25,100.25,102.75,5,,30,0,1,4,8,3,2.5,0
1578355200,102.75,106.75,102.5,104,6,,30,0,2,4,8,3,3,0
1578441600,104,108.25,102,105.25,7,,30,0,2,4,8,3,3.5,0
1578528000,105.25,105.25,101.25,102.25,8,,30,1,1,4,8,3,4,0
1578614400,102.25,103.75,102.25,103.5,9,1021.25,30,0,1,4,8,3,4.5,0
1578700800,103.5,105.25,101.75,104.75,10,1025.25,30,0,2,4,8,3,5,0
1578787200,104.75,106.75,104,106,11,1029.25,30,0,2,4,8,3,5.5,0
1578873600,106,108.25,103.5,107.25,12,1037.5,30,0,3,4,8,3,6,0
1578960000,107.25,109.75,105.75,108.5,13,1045.75,30,0,3,4,8,3,6.5,0
1579046400,108.5,110,105,105.5,14,1049.75,30,1,2,4,8,3,7,0
1579132800,105.5,108.5,103.25,106.75,15,1053.75,30,0,2,4,8,3,7.5,0
1579219200,106.75,110,105.5,108,16,1057.75,30,0,3,4,8,3,8,0
1579305600,108,111.5,107.75,109.25,17,1061.75,30,0,3,4,8,3,8.5,0
1579392000,109.25,113,107.25,110.5,18,1070,30,0,3,4,8,3,9,0
1579478400,110.5,113.25,106.5,107.5,19,1074,30,1,3,4,8,3,9.5,0
1579564800,107.5,111.75,107.5,108.75,20,1078,30,0,3,4,8,3,10,0
1579651200,108.75,110,107,110,21,1082,30,0,3,4,8,3,10.5,0
1579737600,110,111.5,109.25,111.25,22,1086,30,0,4,4,8,3,11,0
1579824000,111.25,113,108.75,112.5,23,1090,30,0,4,4,8,3,11.5,0
1579910400,112.5,114.5,111,113.75,24,1098.25,30,0,4,4,8,3,12,0
1579996800,113.75,114.75,110.25,110.75,25,1102.25,30,1,4,4,8,3,12.5,0
1580083200,110.75,113.25,108.5,112,26,1106.25,30,0,4,4,8,3,13,0
1580169600,112,114.75,110.75,113.25,27,1110.25,30,0,4,4,8,3,13.5,0
1580256000,113.25,116.25,113,114.5,28,1114.25,30,0,5,4,8,3,14,0
1580342400,114.5,117.75,112.5,115.75,29,1122.5,30,0,5,4,8,3,14.5,0
1580428800,115.75,119.25,114.75,117,30,1130.75,30,0,5,4,8,3,15,0
1580515200,117,119.5,114,114,31,1134.75,30,1,4,4,8,3,15.5,0
1580601600,114,118,112.25,115.25,32,1138.75,30,0,5,4,8,3,16,0
1580688000,115.25,119.5,114.5,116.5,33,1142.75,30,0,5,4,8,3,16.5,0
1580774400,116.5,117.75,114,117.75,34,1146.75,30,0,6,4,8,3,17,0
1580860800,117.75,119.25,116.25,119,35,1155,30,0,6,4,8,3,17.5,0
1580947200,119,119.5,115.5,116,36,1159,30,1,5,4,8,3,18,0
1581033600,116,117.25,116,117.25,37,1163,30,0,5,4,8,3,18.5,0
1581120000,117.25,119.5,116,118.5,38,1167,30,0,6,4,8,3,19,0
1581206400,118.5,121,118.25,119.75,39,1171,30,0,6,4,8,3,19.5,0
1581292800,119.75,122.5,117.75,121,40,1175,30,0,6,4,8,3,20,0
1581379200,121,123,120,121.25,41,1182.25,30,0,7,4,8,3,20.5,0
1581465600,121.25,123.25,117.25,117.25,42,1184.25,30,1,5,4,8,3,21,0
1581552000,117.25,119.75,115.5,117.5,43,1185.25,30,0,5,4,8,3,21.5,0
1581638400,117.5,120.25,116.75,117.75,44,1185.25,30,0,6,4,8,3,22,0
1581724800,117.75,120.75,115.25,118,45,1184.25,30,0,6,4,8,3,22.5,0
1581811200,118,121.25,116.5,118.25,46,1186.5,30,0,6,4,8,3,23,0
1581897600,118.25,118.5,117.75,118.5,47,1187.75,30,0,6,4,8,3,23.5,0
1581984000,118.5,118.75,112.25,114.5,48,1183.75,30,1,5,4,8,3,24,0
1582070400,114.5,115.25,113.25,114.75,49,1178.75,30,0,5,4,8,3,24.5,0
1582156800,114.75,115.75,114.5,115,50,1172.75,30,0,5,4,8,3,25,0
1582243200,115,116.25,113,115.25,51,1166.75,30,0,5,4,8,3,25.5,0
1582329600,115.25,116.75,114.25,115.5,52,1165,30,0,5,4,8,3,26,0
1582416000,115.5,117,111.5,111.5,53,1159,30,1,4,4,8,3,26.5,0
1582502400,111.5,113.5,109.75,111.75,54,1153,30,0,4,4,8,3,27,0
1582588800,111.75,114,111,112,55,1147,30,0,4,4,8,3,27.5,0
1582675200,112,114.5,109.5,112.25,56,1141,30,0,4,4,8,3,28,0
1582761600,112.25,115,110.75,112.5,57,1135,30,0,4,4,8,3,28.5,0
1582848000,112.5,115.5,112,112.75,58,1133.25,30,0,4,4,8,3,29,0
1582934400,112.75,115.75,106.5,108.75,59,1127.25,30,1,3,4,8,3,29.5,0
1583020800,108.75,109,107.5,109,60,1121.25,30,0,3,4,8,3,30,0
1583107200,109,109.5,108.75,109.25,61,1115.25,30,0,3,4,8,3,30.5,0
1583193600,109.25,110,107.25,109.5,62,1109.25,30,0,3,4,8,3,31,0
1583280000,109.5,110.5,108.5,109.75,63,1107.5,30,0,3,4,8,3,31.5,0
1583366400,109.75,111,109.75,110,64,1105.75,30,0,3,4,8,3,32,0
1583452800,110,111.25,104.25,106,65,1099.75,30,1,2,4,8,3,32.5,0
1583539200,106,107.75,105.25,106.25,66,1093.75,30,0,2,4,8,3,33,0
1583625600,106.25,108.25,103.75,106.5,67,1087.75,30,0,2,4,8,3,33.5,0
1583712000,106.5,108.75,105,106.75,68,1081.75,30,0,2,4,8,3,34,0
1583798400,106.75,109.25,106.25,107,69,1080,30,0,2,4,8,3,34.5,0
1583884800,107,109.5,100.75,103,70,1074,30,1,1,4,8,3,35,0
1583971200,103,106,101.75,103.25,71,1068,30,0,1,4,8,3,35.5,0
1584057600,103.25,106.5,103,103.5,72,1062,30,0,1,4,8,3,36,0
1584144000,103.5,103.75,101.5,103.75,73,1056,30,0,2,4,8,3,36.5,0
1584230400,103.75,104,103.75,104,74,1050,30,0,2,4,8,3,37,0
1584316800,104,104.75,104,104.25,75,1048.25,30,0,2,4,8,3,37.5,0
1584403200,104.25,105,98.5,100.25,76,1042.25,30,1,1,4,8,3,38,0
1584489600,100.25,101.5,99.5,100.5,77,1036.25,30,0,1,4,8,3,38.5,0
1584576000,100.5,102,98,100.75,78,1030.25,30,0,1,4,8,3,39,0
1584662400,100.75,102.5,99.25,101,79,1024.25,30,0,1,4,8,3,39.5,0
1584748800,101,103,100.5,101.25,80,1022.5,30,0,1,4,8,3,40,0
1584835200,101.25,104.5,99,102.5,81,1021.75,30,0,1,4,8,3,40.5,0
1584921600,102.5,104.75,98.25,99.5,82,1017.75,30,1,0,4,8,3,41,0
1585008000,99.5,103.25,99.25,100.75,83,1014.75,30,0,1,4,8,3,41.5,0
1585094400,100.75,104.75,98.75,102,84,1012.75,30,0,1,4,8,3,42,0
1585180800,102,106.25,101,103.25,85,1011.75,30,0,1,4,8,3,42.5,0
1585267200,103.25,104.5,103.25,104.5,86,1016,30,0,2,4,8,3,43,0
1585353600,104.5,104.75,99.75,101.5,87,1017,30,1,1,4,8,3,43.5,0
1585440000,101.5,103.25,100.75,102.75,88,1019,30,0,1,4,8,3,44,0
1585526400,102.75,104.75,100.25,104,89,1022,30,0,2,4,8,3,44.5,0
1585612800,104,106.25,102.5,105.25,90,1026,30,0,2,4,8,3,45,0
1585699200,105.25,107.75,104.75,106.5,91,1030,30,0,2,4,8,3,45.5,0
1585785600,106.5,109.25,104.25,107.75,92,1038.25,30,0,3,4,8,3,46,0
1585872000,107.75,109.5,103.5,104.75,93,1042.25,30,1,2,4,8,3,46.5,0
1585958400,104.75,108,104.5,106,94,1046.25,30,0,2,4,8,3,47,0
1586044800,106,109.5,104,107.25,95,1050.25,30,0,3,4,8,3,47.5,0
1586131200,107.25,111,106.25,108.5,96,1054.25,30,0,3,4,8,3,48,0
1586217600,108.5,112.5,108.5,109.75,97,1062.5,30,0,3,4,8,3,48.5,0
1586304000,109.75,114,108,111,98,1070.75,30,0,4,4,8,3,49,0
1586390400,111,111,107.25,108,99,1074.75,30,1,3,4,8,3,49.5,0
1586476800,108,109.5,105.5,109.25,100,1078.75,30,0,3,4,8,3,50,0
1586563200,109.25,111,107.75,110.5,101,1082.75,30,0,3,4,8,3,50.5,0
1586649600,110.5,112.5,110,111.75,102,1086.75,30,0,4,4,8,3,51,0
1586736000,111.75,114,109.5,113,103,1095,30,0,4,4,8,3,51.5,0
1586822400,113,114.25,108.75,110,104,1099,30,1,3,4,8,3,52,0
1586908800,110,112.75,109.75,111.25,105,1103,30,0,4,4,8,3,52.5,0
1586995200,111.25,114.25,109.25,112.5,106,1107,30,0,4,4,8,3,53,0
1587081600,112.5,115.75,111.5,113.75,107,1111,30,0,4,4,8,3,53.5,0
1587168000,113.75,117.25,113.75,115,108,1115,30,0,5,4,8,3,54,0
1587254400,115,118.75,113.25,116.25,109,1123.25,30,0,5,4,8,3,54.5,0
1587340800,116.25,119,112.5,113.25,110,1127.25,30,1,4,4,8,3,55,0
1587427200,113.25,114.5,113.25,114.5,111,1131.25,30,0,5,4,8,3,55.5,0
1587513600,114.5,115.75,113,115.75,112,1135.25,30,0,5,4,8,3,56,0
1587600000,115.75,117.25,115.25,117,113,1139.25,30,0,5,4,8,3,56.5,0
1587686400,117,118.75,114.75,118.25,114,1147.5,30,0,6,4,8,3,57,0
1587772800,118.25,120.25,117,119.5,115,1155.75,30,0,6,4,8,3,57.5,0
1587859200,119.5,120.5,116.25,116.5,116,1159.75,30,1,5,4,8,3,58,0
1587945600,116.5,119,114.5,117.75,117,1163.75,30,0,6,4,8,3,58.5,0
1588032000,117.75,120.5,116.75,119,118,1167.75,30,0,6,4,8,3,59,0
1588118400,119,122,119,120.25,119,1171.75,30,0,6,4,8,3,59.5,0
1588204800,120.25,123.5,118.5,121.5,120,1180,30,0,7,4,8,3,60,0
1588291200,121.5,123.75,116.75,117.5,121,1183,30,1,5,4,8,3,60.5,0
1588377600,117.5,120.25,115,117.75,122,1185,30,0,6,4,8,3,61,0
1588464000,117.75,120.75,116.25,118,123,1186,30,0,6,4,8,3,61.5,0
1588550400,118,121.25,117.5,118.25,124,1186,30,0,6,4,8,3,62,0
1588636800,118.25,118.5,116,118.5,125,1185,30,0,6,4,8,3,62.5,0
1588723200,118.5,119,117.25,118.75,126,1187.25,30,0,6,4,8,3,63,0
1588809600,118.75,119.25,114.5,114.75,127,1184.25,30,1,5,4,8,3,63.5,0
1588896000,114.75,115.75,112.75,115,128,1180.25,30,0,5,4,8,3,64,0
1588982400,115,116.25,114,115.25,129,1175.25,30,0,5,4,8,3,64.5,0
1589068800,115.25,116.75,115.25,115.5,130,1169.25,30,0,5,4,8,3,65,0
1589155200,115.5,117.25,113.75,115.75,131,1167.5,30,0,5,4,8,3,65.5,0
1589241600,115.75,117.75,115,116,132,1165.75,30,0,5,4,8,3,66,0
1589328000,116,118,109.5,112,133,1159.75,30,1,4,4,8,3,66.5,0
1589414400,112,114.5,110.5,112.25,134,1153.75,30,0,4,4,8,3,67,0
1589500800,112.25,115,111.75,112.5,135,1147.75,30,0,4,4,8,3,67.5,0
1589587200,112.5,115.5,110.25,112.75,136,1141.75,30,0,4,4,8,3,68,0
1589673600,112.75,116,111.5,113,137,1140,30,0,4,4,8,3,68.5,0
1589760000,113,113,108.75,109,138,1134,30,1,3,4,8,3,69,0
1589846400,109,109.5,107,109.25,139,1128,30,0,3,4,8,3,69.5,0
1589932800,109.25,110,108.25,109.5,140,1122,30,0,3,4,8,3,70,0
1590019200,109.5,110.5,109.5,109.75,141,1116,30,0,3,4,8,3,70.5,0
1590105600,109.75,111,108,110,142,1110,30,0,3,4,8,3,71,0
1590192000,110,111.5,109.25,110.25,143,1108.25,30,0,3,4,8,3,71.5,0
1590278400,110.25,111.75,103.75,106.25,144,1102.25,30,1,2,4,8,3,72,0
1590364800,106.25,108.25,104.75,106.5,145,1096.25,30,0,2,4,8,3,72.5,0
1590451200,106.5,108.75,106,106.75,146,1090.25,30,0,2,4,8,3,73,0
1590537600,106.75,109.25,104.5,107,147,1084.25,30,0,2,4,8,3,73.5,0
1590624000,107,107.25,107,107.25,148,1082.5,30,0,3,4,8,3,74,0
1590710400,107.25,110.25,107,107.5,149,1080.75,30,0,3,4,8,3,74.5,0
1590796800,107.5,110.5,91,93,150,1064.25,30,1,0,4,8,3,75,0
1590883200,93,98.5,92,98.5,151,1053,30,0,0,4,8,3,75.5,0
1590969600,98.5,104.25,98.5,104,152,1047,30,0,2,4,8,3,76,0
1591056000,104,110,102.25,109.5,153,1046.25,30,0,3,4,8,3,76.5,0
1591142400,109.5,115.75,108.75,115,154,1055,30,0,5,4,8,3,77,0
1591228800,115,116,84,86.5,155,1035,30,1,0,4,8,3,77.5,0
1591315200,86.5,93.25,85,92,156,1020.25,30,0,0,4,8,3,78,0
1591401600,92,99,91.5,97.5,157,1010.75,30,0,0,4,8,3,78.5,0
1591488000,97.5,104.75,95.25,103,158,1006.5,30,0,1,4,8,3,79,0
1591574400,103,110.5,101.75,108.5,159,1007.5,30,0,3,4,8,3,79.5,0
1591660800,108.5,116.25,108.25,114,160,1028.5,30,0,4,4,8,3,80,0
1591747200,114,116.5,84.5,86.5,161,1016.5,30,1,0,4,8,3,80.5,0
1591833600,86.5,95.75,85.5,93,162,1005.5,30,0,0,4,8,3,81,0
1591920000,93,102.5,93,99.5,163,995.5,30,0,0,4,8,3,81.5,0
1592006400,99.5,106,97.75,106,164,986.5,30,0,2,4,8,3,82,0
1592092800,106,112.75,105.25,112.5,165,1012.5,30,0,4,4,8,3,82.5,0
1592179200,112.5,119.5,110,119,166,1039.5,30,0,6,4,8,3,83,0
1592265600,119,119.75,90,91.5,167,1033.5,30,1,0,4,8,3,83.5,0
1592352000,91.5,99,91,98,168,1028.5,30,0,0,4,8,3,84,0
1592438400,98,105.75,95.75,104.5,169,1024.5,30,0,2,4,8,3,84.5,0
1592524800,104.5,107.25,103.25,105.75,170,1016.25,30,0,2,4,8,3,85,0
1592611200,105.75,108.75,105.5,107,171,1036.75,30,0,2,4,8,3,85.5,0
1592697600,107,109,102,104,172,1047.75,30,1,2,4,8,3,86,0
1592784000,104,107.5,103,105.25,173,1053.5,30,0,2,4,8,3,86.5,0
1592870400,105.25,109,105.25,106.5,174,1054,30,0,2,4,8,3,87,0
1592956800,106.5,110.5,104.75,107.75,175,1049.25,30,0,3,4,8,3,87.5,0
1593043200,107.75,112,107,109,176,1039.25,30,0,3,4,8,3,88,0
1593129600,109,110.25,106.5,110.25,177,1058,30,0,3,4,8,3,88.5,0
1593216000,110.25,110.5,105.75,107.25,178,1067.25,30,1,3,4,8,3,89,0
1593302400,107.25,109,106.75,108.5,179,1071.25,30,0,3,4,8,3,89.5,0
1593388800,108.5,110.5,106.25,109.75,180,1075.25,30,0,3,4,8,3,90,0
1593475200,109.75,112,108.5,111,181,1079.25,30,0,4,4,8,3,90.5,0
1593561600,111,113.5,110.75,112.25,182,1087.5,30,0,4,4,8,3,91,0
1593648000,112.25,115,110.25,113.5,183,1095.75,30,0,4,4,8,3,91.5,0
1593734400,113.5,120,109.5,110.5,184,1099.75,30,1,3,4,8,3,92,0
1593820800,110.5,111.75,110.5,111.75,185,1103.75,30,0,4,4,8,3,92.5,0
1593907200,111.75,120,110,113,186,1107.75,30,0,4,4,8,3,93,0
1593993600,113,116.75,112.25,114.25,187,1111.75,30,0,5,4,8,3,93.5,0
1594080000,114.25,118.25,111.75,115.5,188,1120,30,0,5,4,8,3,94,0
1594166400,115.5,118.5,111,112.5,189,1124,30,1,4,4,8,3,94.5,0
1594252800,112.5,120,112,113.75,190,1128,30,0,4,4,8,3,95,0
1594339200,113.75,120,111.5,115,191,1132,30,0,5,4,8,3,95.5,0
1594425600,115,116.75,113.75,116.25,192,1136,30,0,5,4,8,3,96,0
1594512000,116.25,118.25,116,117.5,193,1140,30,0,5,4,8,3,96.5,0
1594598400,117.5,119.75,115.5,118.75,194,1148.25,30,0,6,4,8,3,97,0
1594684800,118.75,120,114.75,115.75,195,1152.25,30,1,5,4,8,3,97.5,0
1594771200,115.75,120,115.75,117,196,1156.25,30,0,5,4,8,3,98,0
1594857600,117,120,115.25,118.25,197,1160.25,30,0,6,4,8,3,98.5,0
1594944000,118.25,121.5,117.5,119.5,198,1164.25,30,0,6,4,8,3,99,0
1595030400,119.5,120,117,120.75,199,1172.5,30,0,6,4,8,3,99.5,0
1595116800,120.75,124.5,119.25,122,200,1180.75,30,0,7,4,8,3,100,0
1595203200,122,124.75,117.5,118,201,1183.75,30,1,6,4,8,3,100.5,0
1595289600,118,121.25,115.75,118.25,202,1185.75,30,0,6,4,8,3,101,0
1595376000,118.25,118.5,95,118.5,203,1186.75,30,0,6,4,8,3,101.5,0
1595462400,118.5,119,118.25,118.75,204,1186.75,30,0,6,4,8,3,102,0
1595548800,118.75,119.5,95,119,205,1190,30,0,6,4,8,3,102.5,0
1595635200,119,119.75,114,115,206,1188,30,1,5,4,8,3,103,0
1595721600,115,116.25,115,115.25,207,1185,30,0,5,4,8,3,103.5,0
1595808000,115.25,116.75,113.5,115.5,208,1181,30,0,5,4,8,3,104,0
1595894400,115.5,117.25,114.75,115.75,209,1176,30,0,5,4,8,3,104.5,0
1595980800,115.75,117.5,107.5,110,210,1164,30,1,3,4,8,3,105,0
1596067200,110,110,110,110,211,1156,30,2,3,4,8,3,105.5,0
1596153600,110,110,110,110,212,1147.75,30,3,3,4,8,3,106,0
1596240000,110,110,110,110,213,1139.25,30,4,3,4,8,3,106.5,0
1596326400,110,110,110,110,214,1130.5,30,5,3,4,8,3,107,0
1596412800,110,110,110,110,215,1121.5,30,6,3,4,8,3,107.5,0
1596499200,110,110,110,110,216,1116.5,30,7,3,4,8,3,108,0
1596585600,110,110,110,110,217,1111.25,30,8,3,4,8,3,108.5,0
1596672000,110,110,110,110,218,1105.75,30,9,3,4,8,3,109,0
1596758400,110,110,110,110,219,1100,30,10,3,4,8,3,109.5,0
1596844800,110,110,110,110,220,1100,30,11,3,4,8,3,110,0
1596931200,110,110,110,110,221,1100,30,12,3,4,8,3,110.5,0
1597017600,110,110.5,110,110.5,222,1100.5,30,0,3,4,8,3,111,0
1597104000,110.5,112.25,106,106.5,223,1097,30,1,2,4,8,3,111.5,0
1597190400,106.5,108.75,104.25,106.75,224,1093.75,30,0,2,4,8,3,112,0
1597276800,106.75,109.25,105.5,107,225,1090.75,30,0,2,4,8,3,112.5,0
1597363200,107,109.75,95,107.25,226,1088,30,0,3,4,8,3,113,0
1597449600,107.25,110.25,95,107.5,227,1085.5,30,0,3,4,8,3,113.5,0
1597536000,107.5,110.75,106.5,107.75,228,1083.25,30,0,3,4,8,3,114,0
1597622400,107.75,107.75,103.75,103.75,229,1077,30,1,2,4,8,3,114.5,0
1597708800,103.75,104.25,102,104,230,1071,30,0,2,4,8,3,115,0
1597795200,104,104.75,103.25,104.25,231,1065.25,30,0,2,4,8,3,115.5,0
1597881600,104.25,105.25,101.75,104.5,232,1059.25,30,0,2,4,8,3,116,0
1597968000,104.5,105.75,103,104.75,233,1057.5,30,0,2,4,8,3,116.5,0
1598054400,104.75,106.25,104.25,105,234,1055.75,30,0,2,4,8,3,117,0
1598140800,105,106.5,98.75,101,235,1049.75,30,1,1,4,8,3,117.5,0
1598227200,101,103,99.75,101.25,236,1043.75,30,0,1,4,8,3,118,0
1598313600,101.25,103.5,101,101.5,237,1037.75,30,0,1,4,8,3,118.5,0
1598400000,101.5,104,99.5,101.75,238,1031.75,30,0,1,4,8,3,119,0
1598486400,101.75,104.5,100.75,102,239,1030,30,0,1,4,8,3,119.5,0
