candidate,scope,direction,trades,long_trades,short_trades,win_rate_percent,profit_factor,average_r,median_r,net_pnl,worst_segment_dd_percent,maximum_consecutive_losses
ORIGINAL,development,LONG,328,328,0,25.304878048780488,1.0194107717535812,0.015638937473349233,-1.0,119.62014244042996,3.4314043383798234,11
ORIGINAL,development,SHORT,328,0,328,24.390243902439025,0.9849644019811058,-0.008360725628344851,-1.0,-89.54107350533968,2.913965135978871,12
ORIGINAL,forward-validation,LONG,159,159,0,25.157232704402517,0.9857257468053896,-0.008425338153001382,-1.0,-40.984519340076304,3.230456357407421,11
ORIGINAL,forward-validation,SHORT,165,0,165,23.636363636363637,0.9374071354674041,-0.045079253024363705,-1.0,-192.3731875787921,5.34864683589507,14
ORIGINAL,all,LONG,487,487,0,25.256673511293638,1.0087046154358679,0.007782223254479097,-1.0,78.6356231003536,3.4314043383798234,11
ORIGINAL,all,SHORT,493,0,493,24.137931034482758,0.9687756817963777,-0.02064988794141405,-1.0,-281.91426108413174,5.34864683589507,14
C2,development,LONG,164,164,0,26.82926829268293,1.0907157922072166,0.06719587350656892,-1.0,275.12762850715626,1.7866772612316328,7
C2,development,SHORT,172,0,172,27.325581395348834,1.1456392687301087,0.10634546565725515,-1.0,439.5934276535206,3.3764063850627024,12
C2,forward-validation,LONG,78,78,0,23.076923076923077,0.9096610202044862,-0.06741044007755898,-1.0,-133.48557663474574,1.72643950627684,7
C2,forward-validation,SHORT,88,0,88,27.27272727272727,1.1239576702859415,0.09405218183406339,-1.0,197.4823613366575,2.9709893996262298,11
C2,all,LONG,242,242,0,25.6198347107438,1.0314030143523278,0.023810367475321056,-1.0,141.64205187241035,1.7866772612316328,7
C2,all,SHORT,260,0,260,27.307692307692307,1.1381489108613618,0.10218466190171333,-1.0,637.0757889901784,3.3764063850627024,12
C3,development,LONG,206,206,0,31.06796116504854,1.3477541810030222,0.2421180884664329,-1.0,1255.8292654460158,2.0716429494361415,8
C3,development,SHORT,189,0,189,23.28042328042328,0.9441915747496225,-0.03846247993706342,-1.0,-191.65466081112828,2.7494688122799196,10
C3,forward-validation,LONG,87,87,0,22.988505747126435,0.9077974094230039,-0.06645179506610947,-1.0,-147.56690956949035,2.7439289197360814,8
C3,forward-validation,SHORT,91,0,91,25.274725274725274,1.0333158782295873,0.027248011653126254,-1.0,55.046014984961985,2.3967396013122575,8
C3,all,LONG,293,293,0,28.668941979522184,1.212648120288894,0.15049494898748686,-1.0,1108.2623558765256,2.7439289197360814,8
C3,all,SHORT,280,0,280,23.92857142857143,0.9731423625938199,-0.01710657017025177,-1.0,-136.60864582616645,2.7494688122799196,10
ADX25,development,LONG,185,185,0,24.864864864864867,0.9860833870093952,-0.010410513689856002,-1.0,-48.8258942841411,2.7241800288014932,9
ADX25,development,SHORT,207,0,207,27.536231884057973,1.1455147614663965,0.10662334887297546,-1.0,532.4285644797072,3.3715876174422066,12
ADX25,forward-validation,LONG,86,86,0,22.093023255813954,0.8599469759928839,-0.10711893554974691,-1.0,-231.71535449660837,1.967423604067052,7
ADX25,forward-validation,SHORT,98,0,98,26.53061224489796,1.0689816596582669,0.055543352048199636,-1.0,123.96508806203659,2.9580414464425586,11
ADX25,all,LONG,271,271,0,23.985239852398525,0.9456625435775471,-0.041100271180448664,-1.0,-280.54124878074924,2.7241800288014932,9
ADX25,all,SHORT,305,0,305,27.21311475409836,1.1203066490406306,0.090210759729277,-1.0,656.3936525417437,3.3715876174422066,12
