direction,field,count,mean_abs,median_abs,p75_abs,p90_abs,p95_abs,max_abs
ALL,entry_price_delta,945,0.595394881694226,0.0,0.0,1.6073750319883433,5.41317583547934,10.0
ALL,exit_price_delta,945,11.153842817805156,0.0,0.0,0.0,3.6896781514980583,2498.7359907121863
ALL,risk_distance_delta,945,0.595394881694226,0.0,0.0,1.6073750319883433,5.41317583547934,10.0
ALL,target_price_delta,945,2.381579526776904,0.0,0.0,6.429500127953373,21.65270334191736,40.0
ALL,stop_price_delta,945,0.0,0.0,0.0,0.0,0.0,0.0
ALL,realized_r_delta,945,0.20397388503329703,2.220446049250313e-16,0.3130333598122972,0.6825882108191177,0.9114172355702183,3.5713407872336713
LONG,entry_price_delta,458,1.2284894393035888,0.0,0.0,5.5272848599117435,8.678667207514623,10.0
LONG,exit_price_delta,458,2.1573861354372164,0.0,0.0,0.0,8.407695872921611,352.6581669548614
LONG,risk_distance_delta,458,1.2284894393035888,0.0,0.0,5.5272848599117435,8.678667207514623,10.0
LONG,target_price_delta,458,4.913957757214355,0.0,0.0,22.109139439646974,34.71466883005849,40.0
LONG,stop_price_delta,458,0.0,0.0,0.0,0.0,0.0,0.0
LONG,realized_r_delta,458,0.19872073004377133,2.220446049250313e-16,0.3490313238191821,0.7427865399454628,0.9154435423195462,3.314479616338224
SHORT,entry_price_delta,487,0.0,0.0,0.0,0.0,0.0,0.0
SHORT,exit_price_delta,487,19.614576206972544,0.0,0.0,0.0,0.0,2498.7359907121863
SHORT,risk_distance_delta,487,0.0,0.0,0.0,0.0,0.0,0.0
SHORT,target_price_delta,487,0.0,0.0,0.0,0.0,0.0,0.0
SHORT,stop_price_delta,487,0.0,0.0,0.0,0.0,0.0,0.0
SHORT,realized_r_delta,487,0.20891422381194746,2.220446049250313e-16,0.2688513636517407,0.6186191897101903,0.8874963650553425,3.5713407872336713
