label,candidate,spread_usd_per_btc,scope,signals,pending_fills,pending_expiries,trades,long_trades,short_trades,win_rate_percent,profit_factor,average_r,median_r,net_pnl,worst_segment_dd_percent,maximum_consecutive_losses
EXNESS STANDARD COST-CALIBRATED APPROXIMATION,ORIGINAL,5.0,development,825,650,171,648,321,327,25.771604938271604,1.043611428898341,0.03294650814365059,-1.0,515.1505223632034,4.419928730810668,14
EXNESS STANDARD COST-CALIBRATED APPROXIMATION,ORIGINAL,5.0,forward-validation,400,320,78,319,154,165,25.07836990595611,0.9990443617711524,0.0007321014453723743,-1.0,-5.544924815530237,4.962123263407362,12
EXNESS STANDARD COST-CALIBRATED APPROXIMATION,ORIGINAL,10.0,development,824,658,162,656,328,328,24.847560975609756,1.0024822143879657,0.0036391059225021807,-1.0,30.079068935089822,4.658878908983671,14
EXNESS STANDARD COST-CALIBRATED APPROXIMATION,ORIGINAL,10.0,forward-validation,398,325,72,324,159,165,24.382716049382715,0.9607447510494643,-0.0270916836893433,-1.0,-233.35770691886836,5.445281142834514,12
EXNESS STANDARD COST-CALIBRATED APPROXIMATION,ORIGINAL,15.0,development,825,674,147,672,339,333,23.660714285714285,0.940810944821923,-0.04241552037300115,-1.0,-746.6156725173771,5.108149761186281,14
EXNESS STANDARD COST-CALIBRATED APPROXIMATION,ORIGINAL,15.0,forward-validation,399,329,70,328,162,166,24.085365853658537,0.9457719025255547,-0.038703276638997065,-1.0,-327.54955685972914,5.915881643876641,12
EXNESS STANDARD COST-CALIBRATED APPROXIMATION,ORIGINAL,20.0,development,821,678,140,676,342,334,22.485207100591715,0.8810991648235319,-0.08826147738798497,-1.0,-1532.2677468866545,5.101869631820618,14
EXNESS STANDARD COST-CALIBRATED APPROXIMATION,ORIGINAL,20.0,forward-validation,401,334,67,333,165,168,24.024024024024023,0.9444498716542445,-0.039651012507881035,-1.0,-340.5765803951541,6.150465777036147,12
EXNESS STANDARD COST-CALIBRATED APPROXIMATION,C2,5.0,development,414,333,77,332,161,171,28.313253012048197,1.1799339235908441,0.12865607469858298,-1.0,1056.5511812585569,3.6765372131200005,13
EXNESS STANDARD COST-CALIBRATED APPROXIMATION,C2,5.0,forward-validation,197,164,32,164,76,88,25.609756097560975,1.0379477678328077,0.03065047296188463,-1.0,114.62252615282827,3.4552368873469845,10
EXNESS STANDARD COST-CALIBRATED APPROXIMATION,C2,10.0,development,414,337,73,336,164,172,27.083333333333332,1.118111812354549,0.08723673615513448,-1.0,714.721056160677,3.9316398660150966,14
EXNESS STANDARD COST-CALIBRATED APPROXIMATION,C2,10.0,forward-validation,196,166,30,166,78,88,25.301204819277107,1.0208407580814924,0.018184202863542016,-1.0,63.99678470191183,3.450394081799763,10
EXNESS STANDARD COST-CALIBRATED APPROXIMATION,C2,15.0,development,417,344,69,343,169,174,25.94752186588921,1.055947681778294,0.04362603570742839,-1.0,352.1591512900885,4.1909949415770305,15
EXNESS STANDARD COST-CALIBRATED APPROXIMATION,C2,15.0,forward-validation,196,168,28,168,80,88,25.0,1.0060232248421839,0.007042618562578136,-1.0,18.784076443713687,3.66348092353355,10
EXNESS STANDARD COST-CALIBRATED APPROXIMATION,C2,20.0,development,417,353,61,352,175,177,24.147727272727273,0.9657592560266002,-0.022870488574775773,-1.0,-227.04028727864903,4.44720034596382,16
EXNESS STANDARD COST-CALIBRATED APPROXIMATION,C2,20.0,forward-validation,196,171,25,171,83,88,24.561403508771928,0.985202481532077,-0.008060607302459805,-1.0,-47.054416917333114,3.9052265231904215,10
EXNESS STANDARD COST-CALIBRATED APPROXIMATION,C3,5.0,development,478,392,84,391,202,189,28.644501278772378,1.2088318009445511,0.14588330083191928,-1.0,1432.2080930406657,2.9648990949037217,10
EXNESS STANDARD COST-CALIBRATED APPROXIMATION,C3,5.0,forward-validation,216,175,40,175,84,91,24.571428571428573,0.9949963525598654,-0.0011187412489389256,-1.0,-15.905414875881206,4.027905768259164,11
EXNESS STANDARD COST-CALIBRATED APPROXIMATION,C3,10.0,development,478,396,80,395,206,189,27.341772151898734,1.1510451243896616,0.10786561396450682,-1.0,1064.1746046348876,2.9724788283340966,10
EXNESS STANDARD COST-CALIBRATED APPROXIMATION,C3,10.0,forward-validation,214,178,36,178,87,91,24.15730337078652,0.9715557458841231,-0.018549084889421547,-1.0,-92.5208945845284,4.279398031206208,12
EXNESS STANDARD COST-CALIBRATED APPROXIMATION,C3,15.0,development,478,404,72,403,213,190,26.054590570719604,1.07943928206525,0.05791577360192648,-1.0,582.9116786369946,3.9862464478544144,12
EXNESS STANDARD COST-CALIBRATED APPROXIMATION,C3,15.0,forward-validation,215,180,35,180,88,92,23.88888888888889,0.9576050069513542,-0.02902003438435388,-1.0,-140.16860292809866,4.5005931685082095,12
EXNESS STANDARD COST-CALIBRATED APPROXIMATION,C3,20.0,development,476,407,67,406,214,192,25.12315270935961,1.033126626337299,0.0257353347705201,-1.0,248.57394785292013,3.772433959870748,12
EXNESS STANDARD COST-CALIBRATED APPROXIMATION,C3,20.0,forward-validation,216,183,33,183,90,93,23.497267759562842,0.9401103141099898,-0.04213524709898445,-1.0,-202.10481799143676,4.734995080204639,12
EXNESS STANDARD COST-CALIBRATED APPROXIMATION,ADX25,5.0,development,486,388,95,387,181,206,27.39018087855297,1.1235672299703592,0.09033600991309879,-1.0,860.0591086806264,3.4676030741569983,11
EXNESS STANDARD COST-CALIBRATED APPROXIMATION,ADX25,5.0,forward-validation,229,180,48,180,82,98,25.555555555555554,1.0284635615328463,0.023550666299146844,-1.0,94.74619263833256,3.4552368873469983,10
EXNESS STANDARD COST-CALIBRATED APPROXIMATION,ADX25,10.0,development,486,393,90,392,185,207,26.27551020408163,1.067472607253859,0.05139053108184326,-1.0,483.6026701955665,3.714135361370621,11
EXNESS STANDARD COST-CALIBRATED APPROXIMATION,ADX25,10.0,forward-validation,228,184,44,184,86,98,24.456521739130434,0.9687821202057049,-0.020483586720405806,-1.0,-107.75026643457196,3.450394081799762,10
EXNESS STANDARD COST-CALIBRATED APPROXIMATION,ADX25,15.0,development,489,402,84,401,191,210,25.187032418952622,1.0078040202433307,0.008041632532857255,-1.0,58.24953390857638,3.9544619692919043,11
EXNESS STANDARD COST-CALIBRATED APPROXIMATION,ADX25,15.0,forward-validation,228,186,42,186,88,98,24.193548387096776,0.956345889702669,-0.030131170502094178,-1.0,-152.75458299392426,3.6634809235335517,10
EXNESS STANDARD COST-CALIBRATED APPROXIMATION,ADX25,20.0,development,486,408,75,407,196,211,23.34152334152334,0.9154124907468187,-0.06203501185626701,-1.0,-656.9767795497755,4.211299892780462,11
EXNESS STANDARD COST-CALIBRATED APPROXIMATION,ADX25,20.0,forward-validation,228,189,39,189,91,98,23.809523809523807,0.9388750650479041,-0.04318066099910945,-1.0,-217.4953473606747,3.905226523190381,10
