segment_id,signal_time,direction,setup_id,classification,original_status,synthetic_status,original_fill_time,synthetic_fill_time,original_fill_price,synthetic_fill_price,original_cancel_reason,synthetic_cancel_reason,created_time,trigger_price,structural_stop,original_signal_state,synthetic_signal_state,audit_fill_time,bid_open,bid_high,bid_low,bid_close,ask_open,ask_high,ask_low,ask_close,spread,reason,explanation,prior_difference_signal_time,prior_difference_category
S01,2021-01-14 08:15:00+00:00,LONG,BTC_V2_SETUP_B,SYNTHETIC_ONLY_FILL,expired,triggered,,2021-01-14 08:15:00+00:00,,38792.84895343083,Not triggered by the end of the expiry bar.,,2021-01-14 08:15:00+00:00,38792.84895343083,38077.264186276676,"flat, no pending order or active lock","flat, no pending order or active lock",2021-01-14 08:15:00+00:00,38700.76,38789.0,38350.01,38412.29,38710.76,38799.0,38360.01,38422.29,10.0,LONG_ASK_TRIGGER,"Ask high 38799.00 reached 38792.85; Bid high 38789.00 did not. Original status: expired. Original at signal: flat, no pending order or active lock. Synthetic at signal: flat, no pending order or active lock.",,
S02,2021-06-07 18:15:00+00:00,SHORT,BTC_V2_SETUP_B,SYNTHETIC_ONLY_FILL,,triggered,,2021-06-07 18:15:00+00:00,,35515.97564819913,,,2021-06-07 18:15:00+00:00,35515.97564819913,35843.617407203485,active SHORT position from 2021-06-07 17:15:00+00:00 (signal 2021-06-07 17:15:00+00:00),"flat, no pending order or active lock",2021-06-07 18:15:00+00:00,35561.09,35667.04,35429.58,35653.83,35571.09,35677.04,35439.58,35663.83,10.0,OTHER,"Sell stop uses Bid in both models; Bid low 35429.58, trigger 35515.98. One model had no pending order: original=ORDER_NOT_CREATED, synthetic=triggered. Original at signal: active SHORT position from 2021-06-07 17:15:00+00:00 (signal 2021-06-07 17:15:00+00:00). Synthetic at signal: flat, no pending order or active lock.",,
S02,2021-06-11 10:45:00+00:00,LONG,BTC_V2_SETUP_B,SYNTHETIC_ONLY_FILL,expired,triggered,,2021-06-11 10:45:00+00:00,,37689.37269090321,Not triggered by the end of the expiry bar.,,2021-06-11 10:45:00+00:00,37689.37269090321,37270.299236387145,"flat, no pending order or active lock","flat, no pending order or active lock",2021-06-11 10:45:00+00:00,37660.36,37680.65,37434.4,37509.44,37670.36,37690.65,37444.4,37519.44,10.0,LONG_ASK_TRIGGER,"Ask high 37690.65 reached 37689.37; Bid high 37680.65 did not. Original status: expired. Original at signal: flat, no pending order or active lock. Synthetic at signal: flat, no pending order or active lock. Prior divergent order: 2021-06-07 18:15:00+00:00 (SYNTHETIC_ONLY_FILL).",2021-06-07 18:15:00+00:00,SYNTHETIC_ONLY_FILL
S02,2021-07-04 15:00:00+00:00,LONG,BTC_V2_SETUP_B,SYNTHETIC_ONLY_FILL,expired,triggered,,2021-07-04 15:00:00+00:00,,35525.44459372942,Not triggered by the end of the expiry bar.,,2021-07-04 15:00:00+00:00,35525.44459372942,35292.881625082315,"flat, no pending order or active lock","flat, no pending order or active lock",2021-07-04 15:00:00+00:00,35454.8,35524.46,35418.49,35442.86,35464.8,35534.46,35428.49,35452.86,10.0,LONG_ASK_TRIGGER,"Ask high 35534.46 reached 35525.44; Bid high 35524.46 did not. Original status: expired. Original at signal: flat, no pending order or active lock. Synthetic at signal: flat, no pending order or active lock. Prior divergent order: 2021-06-29 12:45:00+00:00 (TIMING_CHANGED_FILL).",2021-06-29 12:45:00+00:00,TIMING_CHANGED_FILL
S02,2021-09-06 09:45:00+00:00,LONG,BTC_V2_SETUP_B,SYNTHETIC_ONLY_FILL,expired,triggered,,2021-09-06 09:45:00+00:00,,51911.05745785244,Not triggered by the end of the expiry bar.,,2021-09-06 09:45:00+00:00,51911.05745785244,51716.45016859023,"flat, no pending order or active lock","flat, no pending order or active lock",2021-09-06 09:45:00+00:00,51891.07,51903.79,51834.44,51870.4,51901.07,51913.79,51844.44,51880.4,10.0,LONG_ASK_TRIGGER,"Ask high 51913.79 reached 51911.06; Bid high 51903.79 did not. Original status: expired. Original at signal: flat, no pending order or active lock. Synthetic at signal: flat, no pending order or active lock. Prior divergent order: 2021-09-06 07:45:00+00:00 (PRICE_CHANGED_FILL).",2021-09-06 07:45:00+00:00,PRICE_CHANGED_FILL
S03,2021-10-15 10:00:00+00:00,LONG,BTC_V2_SETUP_B,SYNTHETIC_ONLY_FILL,expired,triggered,,2021-10-15 10:00:00+00:00,,59396.96105034802,Not triggered by the end of the expiry bar.,,2021-10-15 10:00:00+00:00,59396.96105034802,58982.4957986079,"flat, no pending order or active lock","flat, no pending order or active lock",2021-10-15 10:00:00+00:00,59374.45,59389.94,59197.44,59254.75,59384.45,59399.94,59207.44,59264.75,10.0,LONG_ASK_TRIGGER,"Ask high 59399.94 reached 59396.96; Bid high 59389.94 did not. Original status: expired. Original at signal: flat, no pending order or active lock. Synthetic at signal: flat, no pending order or active lock.",,
S05,2021-12-14 09:45:00+00:00,SHORT,BTC_V2_SETUP_B,SYNTHETIC_ONLY_FILL,,triggered,,2021-12-14 09:45:00+00:00,,46994.825492389646,,,2021-12-14 09:45:00+00:00,46994.825492389646,47469.17803044142,active SHORT position from 2021-12-13 19:15:00+00:00 (signal 2021-12-13 19:15:00+00:00),"flat, no pending order or active lock",2021-12-14 09:45:00+00:00,47011.5,47096.21,46820.0,46843.84,47021.5,47106.21,46830.0,46853.84,10.0,OTHER,"Sell stop uses Bid in both models; Bid low 46820.00, trigger 46994.83. One model had no pending order: original=ORDER_NOT_CREATED, synthetic=triggered. Original at signal: active SHORT position from 2021-12-13 19:15:00+00:00 (signal 2021-12-13 19:15:00+00:00). Synthetic at signal: flat, no pending order or active lock.",,
S09,2022-07-26 18:45:00+00:00,SHORT,BTC_V2_SETUP_B,SYNTHETIC_ONLY_FILL,,triggered,,2022-07-26 19:00:00+00:00,,20826.2597927533,,,2022-07-26 18:45:00+00:00,20826.2597927533,20978.60082898681,active SHORT position from 2022-07-26 13:15:00+00:00 (signal 2022-07-26 13:15:00+00:00),"flat, no pending order or active lock",2022-07-26 19:00:00+00:00,20913.28,20943.41,20814.88,20913.52,20923.28,20953.41,20824.88,20923.52,10.0,OTHER,"Sell stop uses Bid in both models; Bid low 20814.88, trigger 20826.26. One model had no pending order: original=ORDER_NOT_CREATED, synthetic=triggered. Original at signal: active SHORT position from 2022-07-26 13:15:00+00:00 (signal 2022-07-26 13:15:00+00:00). Synthetic at signal: flat, no pending order or active lock.",,
S12,2022-12-26 18:15:00+00:00,SHORT,BTC_V2_SETUP_B,SYNTHETIC_ONLY_FILL,,triggered,,2022-12-26 18:15:00+00:00,,16826.594534299024,,,2022-12-26 18:15:00+00:00,16826.594534299024,16840.62186280391,active SHORT position from 2022-12-26 15:15:00+00:00 (signal 2022-12-26 15:00:00+00:00),"flat, no pending order or active lock",2022-12-26 18:15:00+00:00,16827.0,16828.0,16821.0,16827.0,16837.0,16838.0,16831.0,16837.0,10.0,OTHER,"Sell stop uses Bid in both models; Bid low 16821.00, trigger 16826.59. One model had no pending order: original=ORDER_NOT_CREATED, synthetic=triggered. Original at signal: active SHORT position from 2022-12-26 15:15:00+00:00 (signal 2022-12-26 15:00:00+00:00). Synthetic at signal: flat, no pending order or active lock.",,
S12,2023-01-14 08:45:00+00:00,LONG,BTC_V2_SETUP_B,SYNTHETIC_ONLY_FILL,expired,triggered,,2023-01-14 08:45:00+00:00,,21023.306748726012,Not triggered by the end of the expiry bar.,,2023-01-14 08:45:00+00:00,21023.306748726012,20883.773005095958,"flat, no pending order or active lock","flat, no pending order or active lock",2023-01-14 08:45:00+00:00,21010.0,21021.0,20976.0,21005.0,21020.0,21031.0,20986.0,21015.0,10.0,LONG_ASK_TRIGGER,"Ask high 21031.00 reached 21023.31; Bid high 21021.00 did not. Original status: expired. Original at signal: flat, no pending order or active lock. Synthetic at signal: flat, no pending order or active lock. Prior divergent order: 2023-01-10 14:00:00+00:00 (PRICE_CHANGED_FILL).",2023-01-10 14:00:00+00:00,PRICE_CHANGED_FILL
S12,2023-01-14 12:45:00+00:00,LONG,BTC_V2_SETUP_B,SYNTHETIC_ONLY_FILL,expired,triggered,,2023-01-14 12:45:00+00:00,,20965.83015124043,Not triggered by the end of the expiry bar.,,2023-01-14 12:45:00+00:00,20965.83015124043,20559.679395038293,"flat, no pending order or active lock","flat, no pending order or active lock",2023-01-14 12:45:00+00:00,20951.0,20961.0,20879.0,20911.0,20961.0,20971.0,20889.0,20921.0,10.0,LONG_ASK_TRIGGER,"Ask high 20971.00 reached 20965.83; Bid high 20961.00 did not. Original status: expired. Original at signal: flat, no pending order or active lock. Synthetic at signal: flat, no pending order or active lock. Prior divergent order: 2023-01-14 08:45:00+00:00 (SYNTHETIC_ONLY_FILL).",2023-01-14 08:45:00+00:00,SYNTHETIC_ONLY_FILL
S12,2023-01-27 08:00:00+00:00,LONG,BTC_V2_SETUP_B,SYNTHETIC_ONLY_FILL,expired,triggered,,2023-01-27 08:00:00+00:00,,23091.0,Not triggered by the end of the expiry bar.,,2023-01-27 08:00:00+00:00,23090.143885957314,22969.424456170742,"flat, no pending order or active lock","flat, no pending order or active lock",2023-01-27 08:00:00+00:00,23081.0,23090.0,23006.0,23006.0,23091.0,23100.0,23016.0,23016.0,10.0,LONG_ASK_TRIGGER,"Ask high 23100.00 reached 23090.14; Bid high 23090.00 did not. Original status: expired. Original at signal: flat, no pending order or active lock. Synthetic at signal: flat, no pending order or active lock. Prior divergent order: 2023-01-23 18:00:00+00:00 (PRICE_CHANGED_FILL).",2023-01-23 18:00:00+00:00,PRICE_CHANGED_FILL
S12,2023-02-10 15:45:00+00:00,SHORT,BTC_V2_SETUP_B,SYNTHETIC_ONLY_FILL,,triggered,,2023-02-10 15:45:00+00:00,,21726.952007322885,,,2023-02-10 15:45:00+00:00,21726.952007322885,21909.19197070846,active SHORT position from 2023-02-10 10:00:00+00:00 (signal 2023-02-10 10:00:00+00:00),"flat, no pending order or active lock",2023-02-10 15:45:00+00:00,21730.0,21730.0,21534.0,21661.0,21740.0,21740.0,21544.0,21671.0,10.0,OTHER,"Sell stop uses Bid in both models; Bid low 21534.00, trigger 21726.95. One model had no pending order: original=ORDER_NOT_CREATED, synthetic=triggered. Original at signal: active SHORT position from 2023-02-10 10:00:00+00:00 (signal 2023-02-10 10:00:00+00:00). Synthetic at signal: flat, no pending order or active lock. Prior divergent order: 2023-02-02 18:15:00+00:00 (PRICE_CHANGED_FILL).",2023-02-02 18:15:00+00:00,PRICE_CHANGED_FILL
S13,2023-04-05 08:30:00+00:00,LONG,BTC_V2_SETUP_B,SYNTHETIC_ONLY_FILL,expired,triggered,,2023-04-05 08:30:00+00:00,,28606.538688150595,Not triggered by the end of the expiry bar.,,2023-04-05 08:30:00+00:00,28606.538688150595,28436.84524739762,"flat, no pending order or active lock","flat, no pending order or active lock",2023-04-05 08:30:00+00:00,28582.0,28603.0,28569.0,28576.0,28592.0,28613.0,28579.0,28586.0,10.0,LONG_ASK_TRIGGER,"Ask high 28613.00 reached 28606.54; Bid high 28603.00 did not. Original status: expired. Original at signal: flat, no pending order or active lock. Synthetic at signal: flat, no pending order or active lock.",,
S16,2023-08-30 08:45:00+00:00,LONG,BTC_V2_SETUP_B,SYNTHETIC_ONLY_FILL,expired,triggered,,2023-08-30 08:45:00+00:00,,27495.0,Not triggered by the end of the expiry bar.,,2023-08-30 08:45:00+00:00,27493.144305009166,27400.422779963337,"flat, no pending order or active lock","flat, no pending order or active lock",2023-08-30 08:45:00+00:00,27485.0,27487.0,27464.0,27471.0,27495.0,27497.0,27474.0,27481.0,10.0,LONG_ASK_TRIGGER,"Ask high 27497.00 reached 27493.14; Bid high 27487.00 did not. Original status: expired. Original at signal: flat, no pending order or active lock. Synthetic at signal: flat, no pending order or active lock. Prior divergent order: 2023-08-14 08:15:00+00:00 (TIMING_CHANGED_FILL).",2023-08-14 08:15:00+00:00,TIMING_CHANGED_FILL
S16,2023-11-05 08:00:00+00:00,LONG,BTC_V2_SETUP_B,SYNTHETIC_ONLY_FILL,expired,triggered,,2023-11-05 08:00:00+00:00,,35208.0,Not triggered by the end of the expiry bar.,,2023-11-05 08:00:00+00:00,35205.113742192705,35094.54503122917,"flat, no pending order or active lock","flat, no pending order or active lock",2023-11-05 08:00:00+00:00,35198.0,35205.0,35166.0,35184.0,35208.0,35215.0,35176.0,35194.0,10.0,LONG_ASK_TRIGGER,"Ask high 35215.00 reached 35205.11; Bid high 35205.00 did not. Original status: expired. Original at signal: flat, no pending order or active lock. Synthetic at signal: flat, no pending order or active lock. Prior divergent order: 2023-10-30 12:15:00+00:00 (PRICE_CHANGED_FILL).",2023-10-30 12:15:00+00:00,PRICE_CHANGED_FILL
S16,2023-11-20 08:00:00+00:00,LONG,BTC_V2_SETUP_B,SYNTHETIC_ONLY_FILL,expired,triggered,,2023-11-20 08:00:00+00:00,,37277.0,Not triggered by the end of the expiry bar.,,2023-11-20 08:00:00+00:00,37272.58312827007,37169.66748691972,"flat, no pending order or active lock","flat, no pending order or active lock",2023-11-20 08:00:00+00:00,37267.0,37267.0,37172.0,37179.0,37277.0,37277.0,37182.0,37189.0,10.0,LONG_ASK_TRIGGER,"Ask high 37277.00 reached 37272.58; Bid high 37267.00 did not. Original status: expired. Original at signal: flat, no pending order or active lock. Synthetic at signal: flat, no pending order or active lock. Prior divergent order: 2023-11-19 08:15:00+00:00 (PRICE_CHANGED_FILL).",2023-11-19 08:15:00+00:00,PRICE_CHANGED_FILL
S16,2023-11-23 08:45:00+00:00,LONG,BTC_V2_SETUP_B,SYNTHETIC_ONLY_FILL,expired,triggered,,2023-11-23 08:45:00+00:00,,37523.40320311781,Not triggered by the end of the expiry bar.,,2023-11-23 08:45:00+00:00,37523.40320311781,37387.387187528766,"flat, no pending order or active lock","flat, no pending order or active lock",2023-11-23 08:45:00+00:00,37497.0,37516.0,37450.0,37515.0,37507.0,37526.0,37460.0,37525.0,10.0,LONG_ASK_TRIGGER,"Ask high 37526.00 reached 37523.40; Bid high 37516.00 did not. Original status: expired. Original at signal: flat, no pending order or active lock. Synthetic at signal: flat, no pending order or active lock. Prior divergent order: 2023-11-20 08:00:00+00:00 (SYNTHETIC_ONLY_FILL).",2023-11-20 08:00:00+00:00,SYNTHETIC_ONLY_FILL
S16,2024-01-17 12:15:00+00:00,SHORT,BTC_V2_SETUP_B,SYNTHETIC_ONLY_FILL,,triggered,,2024-01-17 12:30:00+00:00,,42536.22361714448,,,2024-01-17 12:15:00+00:00,42536.22361714448,42724.105531422065,active SHORT position from 2024-01-17 08:00:00+00:00 (signal 2024-01-17 08:00:00+00:00),"flat, no pending order or active lock",2024-01-17 12:30:00+00:00,42616.0,42709.0,42400.0,42641.0,42626.0,42719.0,42410.0,42651.0,10.0,OTHER,"Sell stop uses Bid in both models; Bid low 42400.00, trigger 42536.22. One model had no pending order: original=ORDER_NOT_CREATED, synthetic=triggered. Original at signal: active SHORT position from 2024-01-17 08:00:00+00:00 (signal 2024-01-17 08:00:00+00:00). Synthetic at signal: flat, no pending order or active lock. Prior divergent order: 2024-01-08 10:30:00+00:00 (PRICE_CHANGED_FILL).",2024-01-08 10:30:00+00:00,PRICE_CHANGED_FILL
S16,2024-01-30 07:30:00+00:00,LONG,BTC_V2_SETUP_B,SYNTHETIC_ONLY_FILL,expired,triggered,,2024-01-30 07:30:00+00:00,,43443.0,Not triggered by the end of the expiry bar.,,2024-01-30 07:30:00+00:00,43439.38296027128,43298.4681589149,"flat, no pending order or active lock","flat, no pending order or active lock",2024-01-30 07:30:00+00:00,43433.0,43434.0,43359.0,43365.0,43443.0,43444.0,43369.0,43375.0,10.0,LONG_ASK_TRIGGER,"Ask high 43444.00 reached 43439.38; Bid high 43434.00 did not. Original status: expired. Original at signal: flat, no pending order or active lock. Synthetic at signal: flat, no pending order or active lock. Prior divergent order: 2024-01-17 12:15:00+00:00 (SYNTHETIC_ONLY_FILL).",2024-01-17 12:15:00+00:00,SYNTHETIC_ONLY_FILL
S19,2024-08-25 14:45:00+00:00,LONG,BTC_V2_SETUP_B,SYNTHETIC_ONLY_FILL,expired,triggered,,2024-08-25 14:45:00+00:00,,64284.0,Not triggered by the end of the expiry bar.,,2024-08-25 14:45:00+00:00,64280.115984788434,64100.53606084625,"flat, no pending order or active lock","flat, no pending order or active lock",2024-08-25 14:45:00+00:00,64274.0,64274.0,64148.0,64182.0,64284.0,64284.0,64158.0,64192.0,10.0,LONG_ASK_TRIGGER,"Ask high 64284.00 reached 64280.12; Bid high 64274.00 did not. Original status: expired. Original at signal: flat, no pending order or active lock. Synthetic at signal: flat, no pending order or active lock. Prior divergent order: 2024-08-23 09:00:00+00:00 (PRICE_CHANGED_FILL).",2024-08-23 09:00:00+00:00,PRICE_CHANGED_FILL
S19,2024-09-21 15:00:00+00:00,LONG,BTC_V2_SETUP_B,SYNTHETIC_ONLY_FILL,expired,triggered,,2024-09-21 15:00:00+00:00,,63306.36892842042,Not triggered by the end of the expiry bar.,,2024-09-21 15:00:00+00:00,63306.36892842042,63149.524286318316,"flat, no pending order or active lock","flat, no pending order or active lock",2024-09-21 15:00:00+00:00,63292.0,63300.0,63076.0,63087.0,63302.0,63310.0,63086.0,63097.0,10.0,LONG_ASK_TRIGGER,"Ask high 63310.00 reached 63306.37; Bid high 63300.00 did not. Original status: expired. Original at signal: flat, no pending order or active lock. Synthetic at signal: flat, no pending order or active lock. Prior divergent order: 2024-09-15 15:00:00+00:00 (PRICE_CHANGED_FILL).",2024-09-15 15:00:00+00:00,PRICE_CHANGED_FILL
S19,2024-11-15 10:30:00+00:00,LONG,BTC_V2_SETUP_B,SYNTHETIC_ONLY_FILL,expired,triggered,,2024-11-15 10:45:00+00:00,,89449.40265963988,Not triggered by the end of the expiry bar.,,2024-11-15 10:30:00+00:00,89449.40265963988,88893.38936144048,"flat, no pending order or active lock","flat, no pending order or active lock",2024-11-15 10:45:00+00:00,89149.0,89449.0,89148.0,89361.0,89159.0,89459.0,89158.0,89371.0,10.0,LONG_ASK_TRIGGER,"Ask high 89459.00 reached 89449.40; Bid high 89449.00 did not. Original status: expired. Original at signal: flat, no pending order or active lock. Synthetic at signal: flat, no pending order or active lock. Prior divergent order: 2024-10-12 14:15:00+00:00 (PRICE_CHANGED_FILL).",2024-10-12 14:15:00+00:00,PRICE_CHANGED_FILL
S19,2024-11-30 19:45:00+00:00,LONG,BTC_V2_SETUP_B,SYNTHETIC_ONLY_FILL,expired,triggered,,2024-11-30 19:45:00+00:00,,97096.6935302165,Not triggered by the end of the expiry bar.,,2024-11-30 19:45:00+00:00,97096.6935302165,96892.22587913401,"flat, no pending order or active lock","flat, no pending order or active lock",2024-11-30 19:45:00+00:00,97085.0,97094.0,97044.0,97065.0,97095.0,97104.0,97054.0,97075.0,10.0,LONG_ASK_TRIGGER,"Ask high 97104.00 reached 97096.69; Bid high 97094.00 did not. Original status: expired. Original at signal: flat, no pending order or active lock. Synthetic at signal: flat, no pending order or active lock. Prior divergent order: 2024-11-29 09:45:00+00:00 (TIMING_CHANGED_FILL).",2024-11-29 09:45:00+00:00,TIMING_CHANGED_FILL
S21,2025-01-15 07:30:00+00:00,LONG,BTC_V2_SETUP_B,SYNTHETIC_ONLY_FILL,expired,triggered,,2025-01-15 07:30:00+00:00,,97535.49079897632,Not triggered by the end of the expiry bar.,,2025-01-15 07:30:00+00:00,97535.49079897632,96999.03680409472,"flat, no pending order or active lock","flat, no pending order or active lock",2025-01-15 07:30:00+00:00,97500.0,97534.0,97226.0,97250.0,97510.0,97544.0,97236.0,97260.0,10.0,LONG_ASK_TRIGGER,"Ask high 97544.00 reached 97535.49; Bid high 97534.00 did not. Original status: expired. Original at signal: flat, no pending order or active lock. Synthetic at signal: flat, no pending order or active lock.",,
S22,2025-04-15 07:30:00+00:00,LONG,BTC_V2_SETUP_B,SYNTHETIC_ONLY_FILL,expired,triggered,,2025-04-15 07:45:00+00:00,,85767.0877606734,Not triggered by the end of the expiry bar.,,2025-04-15 07:30:00+00:00,85767.0877606734,85345.64895730642,"flat, no pending order or active lock","flat, no pending order or active lock",2025-04-15 07:45:00+00:00,85681.0,85766.0,85639.0,85733.0,85691.0,85776.0,85649.0,85743.0,10.0,LONG_ASK_TRIGGER,"Ask high 85776.00 reached 85767.09; Bid high 85766.00 did not. Original status: expired. Original at signal: flat, no pending order or active lock. Synthetic at signal: flat, no pending order or active lock. Prior divergent order: 2025-04-12 19:00:00+00:00 (TIMING_CHANGED_FILL).",2025-04-12 19:00:00+00:00,TIMING_CHANGED_FILL
S22,2025-04-17 12:30:00+00:00,LONG,BTC_V2_SETUP_B,SYNTHETIC_ONLY_FILL,expired,triggered,,2025-04-17 12:30:00+00:00,,84853.88744014576,Not triggered by the end of the expiry bar.,,2025-04-17 12:30:00+00:00,84853.88744014576,84521.45023941695,"flat, no pending order or active lock","flat, no pending order or active lock",2025-04-17 12:30:00+00:00,84841.0,84845.0,84697.0,84795.0,84851.0,84855.0,84707.0,84805.0,10.0,LONG_ASK_TRIGGER,"Ask high 84855.00 reached 84853.89; Bid high 84845.00 did not. Original status: expired. Original at signal: flat, no pending order or active lock. Synthetic at signal: flat, no pending order or active lock. Prior divergent order: 2025-04-15 13:00:00+00:00 (ORIGINAL_ONLY_FILL).",2025-04-15 13:00:00+00:00,ORIGINAL_ONLY_FILL
S22,2025-08-10 09:00:00+00:00,LONG,BTC_V2_SETUP_B,SYNTHETIC_ONLY_FILL,expired,triggered,,2025-08-10 09:15:00+00:00,,118411.87355813474,Not triggered by the end of the expiry bar.,,2025-08-10 09:00:00+00:00,118411.87355813474,118049.50576746103,"flat, no pending order or active lock","flat, no pending order or active lock",2025-08-10 09:15:00+00:00,118325.0,118404.0,118262.0,118275.0,118335.0,118414.0,118272.0,118285.0,10.0,LONG_ASK_TRIGGER,"Ask high 118414.00 reached 118411.87; Bid high 118404.00 did not. Original status: expired. Original at signal: flat, no pending order or active lock. Synthetic at signal: flat, no pending order or active lock. Prior divergent order: 2025-08-09 07:30:00+00:00 (PRICE_CHANGED_FILL).",2025-08-09 07:30:00+00:00,PRICE_CHANGED_FILL
S22,2025-09-08 13:15:00+00:00,LONG,BTC_V2_SETUP_B,SYNTHETIC_ONLY_FILL,expired,triggered,,2025-09-08 13:30:00+00:00,,112353.76768533187,Not triggered by the end of the expiry bar.,,2025-09-08 13:15:00+00:00,112353.76768533187,111968.92925867252,"flat, no pending order or active lock","flat, no pending order or active lock",2025-09-08 13:30:00+00:00,112193.0,112349.0,111972.0,112195.0,112203.0,112359.0,111982.0,112205.0,10.0,LONG_ASK_TRIGGER,"Ask high 112359.00 reached 112353.77; Bid high 112349.00 did not. Original status: expired. Original at signal: flat, no pending order or active lock. Synthetic at signal: flat, no pending order or active lock. Prior divergent order: 2025-09-08 10:30:00+00:00 (TIMING_CHANGED_FILL).",2025-09-08 10:30:00+00:00,TIMING_CHANGED_FILL
S23,2025-10-26 08:45:00+00:00,LONG,BTC_V2_SETUP_B,SYNTHETIC_ONLY_FILL,expired,triggered,,2025-10-26 08:45:00+00:00,,111871.0,Not triggered by the end of the expiry bar.,,2025-10-26 08:45:00+00:00,111868.23792664104,111736.04829343583,"flat, no pending order or active lock","flat, no pending order or active lock",2025-10-26 08:45:00+00:00,111861.0,111865.0,111792.0,111800.0,111871.0,111875.0,111802.0,111810.0,10.0,LONG_ASK_TRIGGER,"Ask high 111875.00 reached 111868.24; Bid high 111865.00 did not. Original status: expired. Original at signal: flat, no pending order or active lock. Synthetic at signal: flat, no pending order or active lock.",,
S23,2026-01-15 13:00:00+00:00,LONG,BTC_V2_SETUP_B,SYNTHETIC_ONLY_FILL,expired,triggered,,2026-01-15 13:00:00+00:00,,96977.08665817202,Not triggered by the end of the expiry bar.,,2026-01-15 13:00:00+00:00,96977.08665817202,96552.65336731193,"flat, no pending order or active lock","flat, no pending order or active lock",2026-01-15 13:00:00+00:00,96964.0,96968.0,96835.0,96837.0,96974.0,96978.0,96845.0,96847.0,10.0,LONG_ASK_TRIGGER,"Ask high 96978.00 reached 96977.09; Bid high 96968.00 did not. Original status: expired. Original at signal: flat, no pending order or active lock. Synthetic at signal: flat, no pending order or active lock. Prior divergent order: 2025-10-26 08:45:00+00:00 (SYNTHETIC_ONLY_FILL).",2025-10-26 08:45:00+00:00,SYNTHETIC_ONLY_FILL
S23,2026-01-18 19:00:00+00:00,LONG,BTC_V2_SETUP_B,SYNTHETIC_ONLY_FILL,expired,triggered,,2026-01-18 19:00:00+00:00,,95483.91636120324,Not triggered by the end of the expiry bar.,,2026-01-18 19:00:00+00:00,95483.91636120324,95266.33455518704,"flat, no pending order or active lock","flat, no pending order or active lock",2026-01-18 19:00:00+00:00,95412.0,95479.0,95410.0,95410.0,95422.0,95489.0,95420.0,95420.0,10.0,LONG_ASK_TRIGGER,"Ask high 95489.00 reached 95483.92; Bid high 95479.00 did not. Original status: expired. Original at signal: flat, no pending order or active lock. Synthetic at signal: flat, no pending order or active lock. Prior divergent order: 2026-01-15 14:15:00+00:00 (ORIGINAL_ONLY_FILL).",2026-01-15 14:15:00+00:00,ORIGINAL_ONLY_FILL
S23,2026-04-10 18:00:00+00:00,LONG,BTC_V2_SETUP_B,SYNTHETIC_ONLY_FILL,expired,triggered,,2026-04-10 18:15:00+00:00,,73190.7330845066,Not triggered by the end of the expiry bar.,,2026-04-10 18:00:00+00:00,73190.7330845066,72784.06766197359,"flat, no pending order or active lock","flat, no pending order or active lock",2026-04-10 18:15:00+00:00,73120.0,73184.0,72919.0,73035.0,73130.0,73194.0,72929.0,73045.0,10.0,LONG_ASK_TRIGGER,"Ask high 73194.00 reached 73190.73; Bid high 73184.00 did not. Original status: expired. Original at signal: flat, no pending order or active lock. Synthetic at signal: flat, no pending order or active lock. Prior divergent order: 2026-03-15 09:00:00+00:00 (PRICE_CHANGED_FILL).",2026-03-15 09:00:00+00:00,PRICE_CHANGED_FILL
S23,2026-07-21 19:45:00+00:00,LONG,BTC_V2_SETUP_B,SYNTHETIC_ONLY_FILL,expired,triggered,,2026-07-21 19:45:00+00:00,,66482.46212134734,Not triggered by the end of the expiry bar.,,2026-07-21 19:45:00+00:00,66482.46212134734,66224.99151461062,"flat, no pending order or active lock","flat, no pending order or active lock",2026-07-21 19:45:00+00:00,66432.59,66474.59,66390.18,66417.92,66442.59,66484.59,66400.18,66427.92,10.0,LONG_ASK_TRIGGER,"Ask high 66484.59 reached 66482.46; Bid high 66474.59 did not. Original status: expired. Original at signal: flat, no pending order or active lock. Synthetic at signal: flat, no pending order or active lock. Prior divergent order: 2026-07-19 10:45:00+00:00 (PRICE_CHANGED_FILL).",2026-07-19 10:45:00+00:00,PRICE_CHANGED_FILL
S24,2026-08-24 15:30:00+00:00,LONG,BTC_V2_SETUP_B,SYNTHETIC_ONLY_FILL,expired,triggered,,2026-08-24 15:30:00+00:00,,79995.80886997964,Not triggered by the end of the expiry bar.,,2026-08-24 15:30:00+00:00,79995.80886997964,79256.2445200815,"flat, no pending order or active lock","flat, no pending order or active lock",2026-08-24 15:30:00+00:00,79884.46,79989.36,79010.0,79293.76,79894.46,79999.36,79020.0,79303.76,10.0,LONG_ASK_TRIGGER,"Ask high 79999.36 reached 79995.81; Bid high 79989.36 did not. Original status: expired. Original at signal: flat, no pending order or active lock. Synthetic at signal: flat, no pending order or active lock.",,
