model,year,trades,wins,losses,breakeven,win_rate_percent,gross_pnl,costs,net_pnl,profit_factor,average_r,median_r,expectancy_r,max_dd_percent,maximum_consecutive_losses,average_bars_held,full_stop_percent,breakeven_exit_percent,partial_exit_percent
E0,2021,162,39,123,0,24.074074074074073,-136.78643512064403,344.4308702452356,-481.21730536587967,0.8430571011047177,-0.11708239707528272,-0.9999999999999987,-0.11708239707528272,4.818466388198028,13,20.969135802469136,75.92592592592592,0.0,0.0
E0,2022,136,34,102,0,25.0,-60.85621132667768,452.49746620825357,-513.3536775349312,0.7965727115983852,-0.15021001640988316,-0.9999999999999994,-0.15021001640988316,3.123411478101425,11,28.955882352941178,75.0,0.0,0.0
E0,2023,171,51,120,0,29.82456140350877,697.4625346662895,906.0740891191738,-208.61155445288438,0.9297380650383387,-0.04623093030709926,-0.9999999999999996,-0.04623093030709926,3.5552481994310545,9,21.11111111111111,69.5906432748538,0.0,0.0
E0,2024,170,48,122,0,28.235294117647058,398.77096609768313,650.0473231898584,-251.27635709217503,0.9164221465520306,-0.05727102826951894,-0.999999999999999,-0.05727102826951894,4.5584560980604145,10,30.458823529411763,71.76470588235294,0.0,0.0
E1,2021,162,49,113,0,30.246913580246915,-342.6117287970585,344.5124133969881,-687.1241421940467,0.7559917669943295,-0.1694733090591487,-0.9999999999999986,-0.1694733090591487,4.400068560171548,13,13.641975308641975,69.75308641975309,0.0,0.0
E1,2022,136,45,91,0,33.088235294117645,-39.40983751115647,452.56223022774293,-491.97206773889945,0.7812744817834781,-0.1452856005105498,-0.9999999999999993,-0.1452856005105498,3.330069222869806,10,19.86764705882353,66.91176470588235,0.0,0.0
E1,2023,171,65,106,0,38.01169590643275,579.7225735587593,906.0438241651423,-326.32125060638293,0.8753612728633927,-0.07534674479566446,-0.9999999999999994,-0.07534674479566446,3.4959095147370873,9,15.725146198830409,61.40350877192983,0.0,0.0
E1,2024,170,60,110,0,35.294117647058826,131.76740126286705,649.8910503083125,-518.1236490454455,0.8090172162690058,-0.1207500620779429,-0.9999999999999989,-0.1207500620779429,4.618106223077921,10,21.758823529411764,64.70588235294117,0.0,0.0
E2,2021,162,56,106,0,34.5679012345679,-498.6152055923038,344.4684928399645,-843.0836984322684,0.6807093690084152,-0.20896153215611032,-0.9999999999999984,-0.20896153215611032,4.399365434838947,7,11.061728395061728,65.4320987654321,0.0,0.0
E2,2022,136,60,76,0,44.11764705882353,272.7265221262586,452.53773197577175,-179.8112098495132,0.9045138847223004,-0.05245624965187032,-0.9999999999999983,-0.05245624965187032,2.5896613218495625,7,13.544117647058824,55.88235294117647,0.0,0.0
E2,2023,171,80,91,0,46.783625730994146,670.9379271679458,906.1419081994586,-235.2039810315128,0.8950782979190404,-0.05434895586300258,-0.901380499895373,-0.05434895586300258,3.384836090964279,7,11.052631578947368,52.63157894736842,0.0,0.0
E2,2024,170,73,97,0,42.94117647058823,196.6287106612543,649.8847342840693,-453.256023622815,0.8105636982043007,-0.10600525433401627,-0.999999999999998,-0.10600525433401627,4.43601724654307,6,15.117647058823529,57.05882352941176,0.0,0.0
E3,2021,162,21,141,0,12.962962962962962,-699.0466760808745,344.29193320649165,-1043.3386092873661,0.5735461798713795,-0.25880109068317886,-0.9999999999999976,-0.25880109068317886,5.8783082067448635,25,10.944444444444445,58.0246913580247,29.01234567901235,0.0
E3,2022,136,18,118,0,13.23529411764706,-135.9145922760315,452.7271495358305,-588.6417418118622,0.6546689002011513,-0.17232947905040444,-0.22359205776386692,-0.17232947905040444,2.524722660640909,11,14.845588235294118,44.85294117647059,41.911764705882355,0.0
E3,2023,171,18,153,0,10.526315789473683,-398.891859655693,906.1078298224471,-1304.9996894781402,0.4258490274988177,-0.3024088004368854,-0.32965406858124224,-0.3024088004368854,6.278637918507066,21,10.426900584795321,44.44444444444444,44.44444444444444,0.0
E3,2024,170,21,149,0,12.352941176470589,-345.89663759343523,649.7926700384653,-995.6893076319006,0.5553388959879701,-0.23672261122103214,-0.2645152673682615,-0.23672261122103214,8.867086031958223,45,16.029411764705884,46.470588235294116,41.17647058823529,0.0
E4,2021,162,29,133,0,17.901234567901234,-431.19272760387344,344.26307797735194,-775.4558055812254,0.7125774545887076,-0.1912335950586571,-0.9999999999999984,-0.1912335950586571,6.150072674985006,25,16.438271604938272,65.4320987654321,16.666666666666664,0.0
E4,2022,136,24,112,0,17.647058823529413,-94.11146596293992,452.57671318610545,-546.6881791490455,0.7276599938275432,-0.1603258185818816,-0.9999999999999983,-0.1603258185818816,3.020027864269912,11,20.897058823529413,55.88235294117647,26.47058823529412,0.0
E4,2023,171,23,148,0,13.450292397660817,-365.0568397841438,906.0507059526489,-1271.1075457367929,0.49546034084264745,-0.2943109677791607,-0.901380499895373,-0.2943109677791607,5.671170502845325,21,13.649122807017545,52.63157894736842,33.33333333333333,0.0
E4,2024,170,32,138,0,18.823529411764707,-83.04164722293939,649.9014526661676,-732.9430998891069,0.7137097378770667,-0.1730471875617657,-0.999999999999998,-0.1730471875617657,6.719994812998394,19,23.070588235294117,57.05882352941176,24.11764705882353,0.0
E5,2021,162,39,123,0,24.074074074074073,-367.35658550521407,344.5037017389549,-711.8602872441691,0.704364769595262,-0.17531222339721342,-0.9999999999999976,-0.17531222339721342,3.9421620867850073,13,20.969135802469136,58.0246913580247,0.0,41.9753086419753
E5,2022,136,34,102,0,25.0,113.38742855659774,452.54673330273323,-339.1593047461354,0.793125153236564,-0.09940240655101962,-0.16862105534213484,-0.09940240655101962,2.521519930887462,11,28.955882352941178,44.85294117647059,0.0,55.14705882352941
E5,2023,171,51,120,0,29.82456140350877,552.5271255881714,906.115022813598,-353.5878972254265,0.8319980776145934,-0.0811640157645046,-0.244624201786599,-0.0811640157645046,2.786066809837644,9,21.11111111111111,44.44444444444444,0.0,55.55555555555556
E5,2024,170,48,122,0,28.235294117647058,298.5787459380406,649.9805627333773,-351.4018167953367,0.8345740708637477,-0.08148503808924097,-0.24694986898887097,-0.08148503808924097,4.347391343625295,10,30.458823529411763,46.470588235294116,0.0,53.529411764705884
E6,2021,162,68,94,0,41.9753086419753,-648.4867059853295,344.4342332195829,-992.9209392049123,0.5760022197384712,-0.2461715702011615,-0.9999999999999976,-0.2461715702011615,4.861115734970626,6,10.944444444444445,58.0246913580247,29.01234567901235,41.9753086419753
E6,2022,136,72,64,0,52.94117647058824,75.85823808192092,452.66157496652164,-376.8033368846008,0.7532189812060743,-0.11046213787128026,0.16461191335419967,-0.11046213787128026,2.363336131671676,6,14.845588235294118,44.85294117647059,41.911764705882355,55.14705882352941
E6,2023,171,85,86,0,49.707602339181285,4.349928427180281,906.1318931652347,-901.7819647380545,0.528399398478552,-0.20925295082939765,-0.010060494203344808,-0.20925295082939765,5.060639007663049,7,10.426900584795321,44.44444444444444,44.44444444444444,55.55555555555556
E6,2024,170,89,81,0,52.352941176470594,-73.75505590751857,649.8532361576808,-723.6082920651994,0.6301458385891032,-0.17121082956499753,0.10322709894760744,-0.17121082956499753,6.514643496415265,6,16.029411764705884,46.470588235294116,41.17647058823529,53.529411764705884
E7,2021,162,26,136,0,16.049382716049383,-953.8647232768773,344.44016731543525,-1298.3048905923124,0.46711403519044814,-0.3215886836402643,-0.9999999999999976,-0.3215886836402643,6.025177268118132,16,10.04320987654321,58.0246913580247,25.925925925925924,0.0
E7,2022,136,25,111,0,18.38235294117647,-215.31202932514748,452.7562648961257,-668.0682942212732,0.6035918269214191,-0.1969180856508029,-0.22359205776386692,-0.1969180856508029,2.917602471048067,11,11.977941176470589,44.85294117647059,36.76470588235294,0.0
E7,2023,171,25,146,0,14.619883040935672,-450.3542295732185,906.1528947654742,-1356.5071243386928,0.39763328637544226,-0.3152269478430733,-0.32965406858124224,-0.3152269478430733,7.1007484090037725,13,9.777777777777779,44.44444444444444,40.35087719298245,0.0
E7,2024,170,29,141,0,17.058823529411764,-458.0766002802692,649.7837682975453,-1107.8603685778144,0.4981799264143545,-0.2630364685470733,-0.24881604848098154,-0.2630364685470733,8.576196975447129,20,13.047058823529412,46.470588235294116,36.470588235294116,0.0
