start,end,candles
2021-01-01 00:00:00+00:00,2021-04-14 08:00:00+00:00,9921
2021-04-14 09:30:00+00:00,2021-09-22 10:00:00+00:00,15459
2021-09-22 10:30:00+00:00,2021-10-20 08:00:00+00:00,2679
2021-10-20 09:00:00+00:00,2021-11-24 09:00:00+00:00,3361
2021-11-24 10:00:00+00:00,2022-01-05 08:00:00+00:00,4025
2022-01-05 10:15:00+00:00,2022-02-16 09:00:00+00:00,4028
2022-02-16 09:45:00+00:00,2022-05-11 08:00:00+00:00,8058
2022-05-11 09:00:00+00:00,2022-07-13 10:45:00+00:00,6056
2022-07-13 12:15:00+00:00,2022-07-27 08:00:00+00:00,1328
2022-07-27 09:00:00+00:00,2022-08-10 08:00:00+00:00,1341
2022-08-10 08:30:00+00:00,2022-12-07 08:00:00+00:00,11423
2022-12-07 08:30:00+00:00,2023-03-23 10:00:00+00:00,10183
2023-03-23 11:45:00+00:00,2023-06-28 09:00:00+00:00,9302
2023-06-28 09:45:00+00:00,2023-07-03 10:30:00+00:00,484
2023-07-03 11:00:00+00:00,2023-07-03 11:00:00+00:00,1
2023-07-03 13:15:00+00:00,2024-02-18 16:30:00+00:00,22094
2024-02-18 17:30:00+00:00,2024-03-29 10:15:00+00:00,3812
2024-03-29 11:00:00+00:00,2024-04-07 08:00:00+00:00,853
2024-04-07 09:00:00+00:00,2024-12-07 01:15:00+00:00,23394
2024-12-07 04:30:00+00:00,2024-12-11 10:00:00+00:00,407
2024-12-11 10:45:00+00:00,2025-03-23 08:30:00+00:00,9784
2025-03-23 10:00:00+00:00,2025-10-17 12:15:00+00:00,19978
2025-10-17 13:00:00+00:00,2026-08-05 09:00:00+00:00,28017
2026-08-05 09:45:00+00:00,2026-09-17 01:30:00+00:00,4096
