month,trades,long_trades,short_trades,wins,losses,breakeven,win_rate,gross_profit,gross_loss,net_pnl,profit_factor,average_r,median_r,expectancy_r,average_winner_r,average_loser_r,max_drawdown_percent,maximum_losing_streak
2025-10,10,9,1,1,9,0,10.0,59.05518060742369,-224.07860727211016,-165.02342666468647,0.2635467139248592,-0.6637792775703053,-1.0,-0.6637792775703053,2.3622072242969474,-1.0,2.2276307590409123,9
2025-11,19,2,17,6,13,0,31.57894736842105,385.54896850504156,-321.4122483818369,64.13672012320468,1.1995465961428153,0.14038754398851727,-0.9999999999999999,0.14038754398851727,2.611227222630305,-1.0,1.2437656054785025,5
2025-12,15,3,12,2,13,0,13.333333333333334,94.80648113519864,-314.12420217348216,-219.3177210382835,0.3018120873183774,-0.5957821999741065,-0.9999999999999999,-0.5957821999741065,1.9221444324096155,-0.9831555280331408,2.7111454030105206,8
2026-01,17,7,10,4,13,0,23.52941176470588,218.9431316039745,-312.7477819427677,-93.80465033879315,0.7000629396759103,-0.226623028902354,-1.0,-0.226623028902354,2.2868521271649955,-1.0000000000000002,1.9266443040131218,7
2026-02,18,0,18,5,13,0,27.77777777777778,322.770642786004,-315.39785876040395,7.372784025600026,1.0233761384892623,0.020466150088186752,-1.0,0.020466150088186752,2.6736781403174725,-1.0,2.9590918241180963,12
2026-03,16,10,6,4,12,0,25.0,243.99910009359073,-287.7430018761762,-43.74390178258548,0.8479757926435698,-0.11127618090603902,-0.9999999999999999,-0.11127618090603902,2.5548952763758437,-1.0,1.7369295509861735,7
2026-04,16,14,2,6,10,0,37.5,317.1408591493797,-239.71725904443286,77.42360010494684,1.3229788310344228,0.20495480754929435,-1.0,0.20495480754929435,2.2132128201314516,-1.0,0.7481265625000092,3
2026-05,21,10,11,5,16,0,23.809523809523807,219.39181366307707,-383.6548751915804,-164.26306152850336,0.5718468025553499,-0.3258264484026104,-1.0,-0.3258264484026104,1.8315289167090363,-1.0,2.199075109897834,8
2026-06,17,2,15,7,10,0,41.17647058823529,399.57791740535316,-240.44925534781174,159.12866205754142,1.661797275385031,0.3960825662385977,-0.9999999999999999,0.3960825662385977,2.3904862322937377,-1.0,1.490656191464818,6
2026-07,10,8,2,4,6,0,40.0,230.66368041737223,-145.09342210851926,85.57025830885294,1.5897597359365656,0.3577962386857219,-0.9999999999999998,0.3577962386857219,2.394490596714305,-1.0,0.4993750000000098,2
2026-08,1,0,1,0,1,0,0.0,0.0,-24.268698158168252,-24.268698158168252,0.0,-1.0000000000000002,-1.0000000000000002,-1.0000000000000002,0.0,-1.0000000000000002,0.2500000000000003,1
