timeframe,timestamp,reason_code,ny_time,gap_prev_min,gap_next_min,raw_line
M15,2017.05.29 18:45:00,MEMORIAL_DAY_AFTER_EARLY_CLOSE,Mon 2017-05-29 14:45,75.0,195.0,"2017.05.29 18:45:00,1266.850,1266.895,1266.790,1266.820,4,0,0"
M15,2018.03.30 00:00:00,GOOD_FRIDAY_EVE_AFTER_CLOSE,Thu 2018-03-29 20:00,195.0,4260.0,"2018.03.30 00:00:00,1325.100,1325.100,1325.100,1325.100,1,0,0"
M15,2018.07.01 00:00:00,WEEKEND_SATURDAY_NY,Sat 2018-06-30 20:00,1635.0,1380.0,"2018.07.01 00:00:00,1253.020,1254.149,1252.785,1253.365,2202,0,0"
M15,2018.07.08 00:00:00,WEEKEND_SATURDAY_NY,Sat 2018-07-07 20:00,1635.0,1380.0,"2018.07.08 00:00:00,1255.830,1256.555,1255.637,1256.397,1155,0,0"
M15,2018.07.15 00:00:00,WEEKEND_SATURDAY_NY,Sat 2018-07-14 20:00,1635.0,1380.0,"2018.07.15 00:00:00,1241.630,1242.103,1241.064,1241.118,1341,0,0"
M15,2018.07.22 00:00:00,WEEKEND_SATURDAY_NY,Sat 2018-07-21 20:00,1635.0,1380.0,"2018.07.22 00:00:00,1231.819,1233.267,1231.500,1232.849,2812,0,0"
M15,2018.07.29 00:00:00,WEEKEND_SATURDAY_NY,Sat 2018-07-28 20:00,1635.0,1380.0,"2018.07.29 00:00:00,1223.091,1223.572,1222.006,1222.439,1397,0,0"
M15,2018.08.05 00:00:00,WEEKEND_SATURDAY_NY,Sat 2018-08-04 20:00,1635.0,1380.0,"2018.08.05 00:00:00,1213.690,1215.044,1213.516,1214.790,1573,0,0"
M15,2018.08.12 00:00:00,WEEKEND_SATURDAY_NY,Sat 2018-08-11 20:00,1635.0,1380.0,"2018.08.12 00:00:00,1212.460,1213.801,1211.927,1212.318,2155,0,0"
M15,2018.08.19 00:00:00,WEEKEND_SATURDAY_NY,Sat 2018-08-18 20:00,1635.0,1380.0,"2018.08.19 00:00:00,1183.230,1183.792,1182.915,1183.535,1707,0,0"
M15,2018.08.26 00:00:00,WEEKEND_SATURDAY_NY,Sat 2018-08-25 20:00,1635.0,1380.0,"2018.08.26 00:00:00,1206.470,1207.867,1206.054,1207.786,2329,0,0"
M15,2018.09.02 00:00:00,WEEKEND_SATURDAY_NY,Sat 2018-09-01 20:00,1635.0,1380.0,"2018.09.02 00:00:00,1199.640,1200.007,1198.719,1199.095,1723,0,0"
M15,2018.09.09 00:00:00,WEEKEND_SATURDAY_NY,Sat 2018-09-08 20:00,1635.0,1380.0,"2018.09.09 00:00:00,1195.010,1196.234,1194.902,1196.117,1686,0,0"
M15,2018.09.16 00:00:00,WEEKEND_SATURDAY_NY,Sat 2018-09-15 20:00,1635.0,1380.0,"2018.09.16 00:00:00,1194.160,1194.368,1193.014,1193.366,1706,0,0"
M15,2018.09.23 00:00:00,WEEKEND_SATURDAY_NY,Sat 2018-09-22 20:00,1635.0,1380.0,"2018.09.23 00:00:00,1197.680,1198.440,1197.033,1197.935,1502,0,0"
M15,2018.09.30 00:00:00,WEEKEND_SATURDAY_NY,Sat 2018-09-29 20:00,1635.0,1380.0,"2018.09.30 00:00:00,1191.410,1192.131,1190.673,1190.872,1971,0,0"
M15,2018.10.07 00:00:00,WEEKEND_SATURDAY_NY,Sat 2018-10-06 20:00,1635.0,1380.0,"2018.10.07 00:00:00,1203.120,1203.970,1202.859,1203.755,1636,0,0"
M15,2018.10.14 00:00:00,WEEKEND_SATURDAY_NY,Sat 2018-10-13 20:00,1635.0,1380.0,"2018.10.14 00:00:00,1218.857,1220.249,1218.857,1219.204,1383,0,0"
M15,2018.10.21 00:00:00,WEEKEND_SATURDAY_NY,Sat 2018-10-20 20:00,1635.0,1320.0,"2018.10.21 00:00:00,1228.066,1228.122,1226.754,1227.274,2346,0,0"
M15,2018.10.28 00:00:00,WEEKEND_SATURDAY_NY,Sat 2018-10-27 20:00,1635.0,1380.0,"2018.10.28 00:00:00,1233.097,1233.928,1232.671,1232.738,2310,0,0"
M15,2018.11.04 00:00:00,WEEKEND_SATURDAY_NY,Sat 2018-11-03 20:00,1635.0,1380.0,"2018.11.04 00:00:00,1233.117,1234.183,1233.117,1234.042,1457,0,0"
M15,2018.11.11 00:00:00,WEEKEND_SATURDAY_NY,Sat 2018-11-10 19:00,1575.0,1380.0,"2018.11.11 00:00:00,1209.544,1210.727,1209.217,1210.726,1496,0,0"
M15,2018.11.18 00:00:00,WEEKEND_SATURDAY_NY,Sat 2018-11-17 19:00,1575.0,1380.0,"2018.11.18 00:00:00,1221.955,1222.686,1221.555,1222.522,1413,0,0"
M15,2018.11.25 00:00:00,WEEKEND_SATURDAY_NY,Sat 2018-11-24 19:00,1755.0,1380.0,"2018.11.25 00:00:00,1223.581,1224.339,1223.283,1224.300,1484,0,0"
M15,2018.12.02 00:00:00,WEEKEND_SATURDAY_NY,Sat 2018-12-01 19:00,1575.0,1380.0,"2018.12.02 00:00:00,1223.023,1223.174,1221.970,1222.050,1661,0,0"
M15,2018.12.09 00:00:00,WEEKEND_SATURDAY_NY,Sat 2018-12-08 19:00,1575.0,1380.0,"2018.12.09 00:00:00,1250.260,1250.477,1248.844,1248.988,1833,0,0"
M15,2018.12.16 00:00:00,WEEKEND_SATURDAY_NY,Sat 2018-12-15 19:00,1575.0,1380.0,"2018.12.16 00:00:00,1237.299,1237.913,1236.962,1237.071,1210,0,0"
M15,2018.12.23 00:00:00,WEEKEND_SATURDAY_NY,Sat 2018-12-22 19:00,1575.0,1380.0,"2018.12.23 00:00:00,1258.600,1259.027,1257.980,1258.859,1593,0,0"
M15,2018.12.26 00:00:00,CHRISTMAS_DAY,Tue 2018-12-25 19:00,1815.0,420.0,"2018.12.26 00:00:00,1273.740,1278.990,1264.572,1269.120,63034,0,0"
M15,2018.12.30 00:00:00,WEEKEND_SATURDAY_NY,Sat 2018-12-29 19:00,1575.0,1380.0,"2018.12.30 00:00:00,1280.074,1280.074,1278.913,1279.756,1382,0,0"
M15,2019.01.06 00:00:00,WEEKEND_SATURDAY_NY,Sat 2019-01-05 19:00,1575.0,1380.0,"2019.01.06 00:00:00,1285.549,1285.938,1284.114,1284.203,1669,0,0"
M15,2019.01.13 00:00:00,WEEKEND_SATURDAY_NY,Sat 2019-01-12 19:00,1575.0,1380.0,"2019.01.13 00:00:00,1288.078,1288.572,1287.884,1288.107,1437,0,0"
M15,2019.01.20 00:00:00,WEEKEND_SATURDAY_NY,Sat 2019-01-19 19:00,1575.0,1380.0,"2019.01.20 00:00:00,1282.538,1283.237,1282.464,1282.578,1347,0,0"
M15,2019.01.27 00:00:00,WEEKEND_SATURDAY_NY,Sat 2019-01-26 19:00,1575.0,1380.0,"2019.01.27 00:00:00,1302.403,1302.517,1299.918,1300.004,1606,0,0"
M15,2019.02.03 00:00:00,WEEKEND_SATURDAY_NY,Sat 2019-02-02 19:00,1575.0,1380.0,"2019.02.03 00:00:00,1317.638,1317.886,1316.529,1317.116,1391,0,0"
M15,2019.02.10 00:00:00,WEEKEND_SATURDAY_NY,Sat 2019-02-09 19:00,1575.0,1380.0,"2019.02.10 00:00:00,1313.520,1313.932,1313.372,1313.651,1254,0,0"
M15,2019.02.17 00:00:00,WEEKEND_SATURDAY_NY,Sat 2019-02-16 19:00,1575.0,1380.0,"2019.02.17 00:00:00,1320.975,1321.303,1320.583,1321.084,1512,0,0"
M15,2019.02.24 00:00:00,WEEKEND_SATURDAY_NY,Sat 2019-02-23 19:00,1575.0,1380.0,"2019.02.24 00:00:00,1327.607,1328.511,1327.511,1327.710,1405,0,0"
M15,2019.03.03 00:00:00,WEEKEND_SATURDAY_NY,Sat 2019-03-02 19:00,1575.0,1380.0,"2019.03.03 00:00:00,1295.386,1296.153,1295.016,1295.190,1759,0,0"
M15,2019.03.10 00:00:00,WEEKEND_SATURDAY_NY,Sat 2019-03-09 19:00,1575.0,1380.0,"2019.03.10 00:00:00,1296.869,1297.359,1296.613,1297.210,1349,0,0"
M15,2019.03.17 00:00:00,WEEKEND_SATURDAY_NY,Sat 2019-03-16 20:00,1635.0,1320.0,"2019.03.17 00:00:00,1302.109,1302.301,1300.568,1300.579,2466,0,0"
M15,2019.03.24 00:00:00,WEEKEND_SATURDAY_NY,Sat 2019-03-23 20:00,1635.0,1320.0,"2019.03.24 00:00:00,1313.470,1313.771,1311.644,1311.644,2504,0,0"
M15,2019.03.31 00:00:00,WEEKEND_SATURDAY_NY,Sat 2019-03-30 20:00,1635.0,1320.0,"2019.03.31 00:00:00,1292.237,1293.188,1291.446,1291.714,2757,0,0"
M15,2019.04.07 00:00:00,WEEKEND_SATURDAY_NY,Sat 2019-04-06 20:00,1635.0,1320.0,"2019.04.07 00:00:00,1292.246,1293.615,1291.401,1291.755,2356,0,0"
M15,2019.04.14 00:00:00,WEEKEND_SATURDAY_NY,Sat 2019-04-13 20:00,1635.0,1320.0,"2019.04.14 00:00:00,1291.299,1291.907,1289.320,1289.732,2555,0,0"
M15,2019.04.28 00:00:00,WEEKEND_SATURDAY_NY,Sat 2019-04-27 20:00,1635.0,1320.0,"2019.04.28 00:00:00,1285.979,1286.616,1285.712,1285.822,1974,0,0"
M15,2019.05.05 00:00:00,WEEKEND_SATURDAY_NY,Sat 2019-05-04 20:00,1635.0,1320.0,"2019.05.05 00:00:00,1282.584,1285.752,1281.669,1284.203,5254,0,0"
M15,2019.05.12 00:00:00,WEEKEND_SATURDAY_NY,Sat 2019-05-11 20:00,1635.0,1320.0,"2019.05.12 00:00:00,1287.211,1288.026,1286.841,1287.175,2731,0,0"
M15,2019.05.19 00:00:00,WEEKEND_SATURDAY_NY,Sat 2019-05-18 20:00,1635.0,1320.0,"2019.05.19 00:00:00,1278.353,1278.841,1276.969,1277.713,2338,0,0"
M15,2019.05.26 00:00:00,WEEKEND_SATURDAY_NY,Sat 2019-05-25 20:00,1635.0,1320.0,"2019.05.26 00:00:00,1285.418,1285.576,1284.100,1284.679,2102,0,0"
M15,2019.06.02 00:00:00,WEEKEND_SATURDAY_NY,Sat 2019-06-01 20:00,1635.0,1320.0,"2019.06.02 00:00:00,1306.676,1309.387,1306.440,1309.259,3687,0,0"
M15,2019.06.09 00:00:00,WEEKEND_SATURDAY_NY,Sat 2019-06-08 20:00,1635.0,1320.0,"2019.06.09 00:00:00,1334.672,1335.765,1333.279,1334.981,3631,0,0"
M15,2019.06.16 00:00:00,WEEKEND_SATURDAY_NY,Sat 2019-06-15 20:00,1635.0,1320.0,"2019.06.16 00:00:00,1341.811,1341.999,1338.505,1338.532,2853,0,0"
M15,2019.06.23 00:00:00,WEEKEND_SATURDAY_NY,Sat 2019-06-22 20:00,1635.0,1320.0,"2019.06.23 00:00:00,1400.407,1410.164,1400.295,1406.811,6467,0,0"
M15,2019.06.30 00:00:00,WEEKEND_SATURDAY_NY,Sat 2019-06-29 20:00,1635.0,1320.0,"2019.06.30 00:00:00,1393.072,1397.690,1389.255,1392.085,7789,0,0"
M15,2019.07.07 00:00:00,WEEKEND_SATURDAY_NY,Sat 2019-07-06 20:00,1635.0,1320.0,"2019.07.07 00:00:00,1399.279,1399.306,1392.706,1395.651,4858,0,0"
M15,2019.07.14 00:00:00,WEEKEND_SATURDAY_NY,Sat 2019-07-13 20:00,1635.0,1320.0,"2019.07.14 00:00:00,1416.621,1419.668,1412.835,1416.199,4426,0,0"
M15,2019.07.21 00:00:00,WEEKEND_SATURDAY_NY,Sat 2019-07-20 20:00,1635.0,1320.0,"2019.07.21 00:00:00,1426.629,1427.068,1423.581,1425.038,3530,0,0"
M15,2019.07.28 00:00:00,WEEKEND_SATURDAY_NY,Sat 2019-07-27 20:00,1635.0,1320.0,"2019.07.28 00:00:00,1420.739,1420.858,1419.289,1420.079,2201,0,0"
M15,2019.08.04 00:00:00,WEEKEND_SATURDAY_NY,Sat 2019-08-03 20:00,1635.0,1320.0,"2019.08.04 00:00:00,1440.304,1441.167,1436.728,1439.554,3094,0,0"
M15,2019.08.11 00:00:00,WEEKEND_SATURDAY_NY,Sat 2019-08-10 20:00,1635.0,1320.0,"2019.08.11 00:00:00,1496.193,1501.473,1494.538,1500.747,3494,0,0"
M15,2019.08.18 00:00:00,WEEKEND_SATURDAY_NY,Sat 2019-08-17 20:00,1635.0,1320.0,"2019.08.18 00:00:00,1509.674,1512.896,1509.050,1509.341,2965,0,0"
M15,2019.08.25 00:00:00,WEEKEND_SATURDAY_NY,Sat 2019-08-24 20:00,1635.0,1320.0,"2019.08.25 00:00:00,1546.310,1554.998,1543.391,1547.301,9369,0,0"
M15,2019.09.01 00:00:00,WEEKEND_SATURDAY_NY,Sat 2019-08-31 20:00,1635.0,1320.0,"2019.09.01 00:00:00,1529.531,1533.446,1528.299,1529.069,3924,0,0"
M15,2019.09.08 00:00:00,WEEKEND_SATURDAY_NY,Sat 2019-09-07 20:00,1635.0,1320.0,"2019.09.08 00:00:00,1505.025,1507.613,1503.375,1505.810,3832,0,0"
M15,2019.09.15 00:00:00,WEEKEND_SATURDAY_NY,Sat 2019-09-14 20:00,1635.0,1320.0,"2019.09.15 00:00:00,1500.594,1507.757,1498.627,1506.059,7258,0,0"
M15,2019.09.22 00:00:00,WEEKEND_SATURDAY_NY,Sat 2019-09-21 20:00,1635.0,1320.0,"2019.09.22 00:00:00,1512.856,1514.344,1511.696,1514.329,4315,0,0"
M15,2019.09.29 00:00:00,WEEKEND_SATURDAY_NY,Sat 2019-09-28 20:00,1635.0,1320.0,"2019.09.29 00:00:00,1496.467,1500.435,1496.033,1496.222,3679,0,0"
M15,2019.10.06 00:00:00,WEEKEND_SATURDAY_NY,Sat 2019-10-05 20:00,1635.0,1320.0,"2019.10.06 00:00:00,1508.319,1508.602,1505.394,1508.064,2554,0,0"
M15,2019.10.13 00:00:00,WEEKEND_SATURDAY_NY,Sat 2019-10-12 20:00,1635.0,1320.0,"2019.10.13 00:00:00,1486.820,1487.230,1482.815,1484.586,3643,0,0"
M15,2019.10.20 00:00:00,WEEKEND_SATURDAY_NY,Sat 2019-10-19 20:00,1635.0,1320.0,"2019.10.20 00:00:00,1491.988,1492.132,1490.489,1491.538,2765,0,0"
M15,2019.10.27 00:00:00,WEEKEND_SATURDAY_NY,Sat 2019-10-26 20:00,1635.0,1320.0,"2019.10.27 00:00:00,1502.711,1504.100,1502.212,1503.947,2235,0,0"
M15,2019.11.03 00:00:00,WEEKEND_SATURDAY_NY,Sat 2019-11-02 20:00,1635.0,1380.0,"2019.11.03 00:00:00,1512.838,1513.146,1512.227,1512.852,1262,0,0"
M15,2019.11.10 00:00:00,WEEKEND_SATURDAY_NY,Sat 2019-11-09 19:00,1575.0,1380.0,"2019.11.10 00:00:00,1460.307,1461.038,1459.980,1460.966,1448,0,0"
M15,2019.11.17 00:00:00,WEEKEND_SATURDAY_NY,Sat 2019-11-16 19:00,1575.0,1380.0,"2019.11.17 00:00:00,1467.963,1469.539,1467.650,1469.001,1321,0,0"
M15,2019.11.24 00:00:00,WEEKEND_SATURDAY_NY,Sat 2019-11-23 19:00,1575.0,1380.0,"2019.11.24 00:00:00,1460.590,1460.928,1459.640,1460.412,1491,0,0"
M15,2019.12.26 00:00:00,CHRISTMAS_DAY,Wed 2019-12-25 19:00,1815.0,360.0,"2019.12.26 00:00:00,1504.340,1512.501,1502.695,1511.122,35931,0,0"
M15,2019.12.29 00:00:00,WEEKEND_SATURDAY_NY,Sat 2019-12-28 19:00,1575.0,1380.0,"2019.12.29 00:00:00,1511.309,1513.889,1511.012,1513.466,1799,0,0"
M15,2020.01.02 00:00:00,NEW_YEARS_DAY,Wed 2020-01-01 19:00,1815.0,60.0,"2020.01.02 00:00:00,1518.464,1531.275,1517.172,1528.743,49163,0,0"
M15,2020.01.05 00:00:00,WEEKEND_SATURDAY_NY,Sat 2020-01-04 19:00,1575.0,1380.0,"2020.01.05 00:00:00,1576.329,1582.102,1566.855,1569.216,5730,0,0"
M15,2020.01.12 00:00:00,WEEKEND_SATURDAY_NY,Sat 2020-01-11 19:00,1575.0,1380.0,"2020.01.12 00:00:00,1559.714,1560.563,1557.998,1559.187,1859,0,0"
M15,2020.01.19 00:00:00,WEEKEND_SATURDAY_NY,Sat 2020-01-18 19:00,1575.0,1380.0,"2020.01.19 00:00:00,1558.947,1558.947,1556.292,1556.980,1805,0,0"
M15,2020.01.26 00:00:00,WEEKEND_SATURDAY_NY,Sat 2020-01-25 19:00,1575.0,1380.0,"2020.01.26 00:00:00,1581.234,1588.516,1581.234,1582.664,4435,0,0"
M15,2020.02.02 00:00:00,WEEKEND_SATURDAY_NY,Sat 2020-02-01 19:00,1575.0,1380.0,"2020.02.02 00:00:00,1588.544,1592.017,1587.972,1589.412,3041,0,0"
M15,2020.02.09 00:00:00,WEEKEND_SATURDAY_NY,Sat 2020-02-08 19:00,1575.0,1380.0,"2020.02.09 00:00:00,1569.258,1576.551,1569.028,1574.764,2835,0,0"
M15,2020.02.16 00:00:00,WEEKEND_SATURDAY_NY,Sat 2020-02-15 19:00,1575.0,1380.0,"2020.02.16 00:00:00,1581.444,1583.045,1580.429,1582.913,1717,0,0"
M15,2020.02.23 00:00:00,WEEKEND_SATURDAY_NY,Sat 2020-02-22 19:00,1575.0,1380.0,"2020.02.23 00:00:00,1659.760,1680.967,1657.703,1665.512,5109,0,0"
M15,2020.03.01 00:00:00,WEEKEND_SATURDAY_NY,Sat 2020-02-29 19:00,1575.0,1380.0,"2020.03.01 00:00:00,1582.112,1588.335,1575.451,1584.992,4753,0,0"
M15,2020.03.08 00:00:00,WEEKEND_SATURDAY_NY,Sat 2020-03-07 19:00,1575.0,1320.0,"2020.03.08 00:00:00,1696.280,1703.179,1679.712,1700.043,12186,0,0"
M15,2020.03.15 00:00:00,WEEKEND_SATURDAY_NY,Sat 2020-03-14 20:00,1635.0,1320.0,"2020.03.15 00:00:00,1551.879,1575.370,1540.122,1557.510,20018,0,0"
M15,2020.03.22 00:00:00,WEEKEND_SATURDAY_NY,Sat 2020-03-21 20:00,1635.0,1320.0,"2020.03.22 00:00:00,1502.200,1507.935,1482.773,1491.601,12432,0,0"
M15,2020.03.29 00:00:00,WEEKEND_SATURDAY_NY,Sat 2020-03-28 20:00,1635.0,1320.0,"2020.03.29 00:00:00,1628.767,1630.463,1619.009,1627.402,1333,0,0"
M15,2020.04.05 00:00:00,WEEKEND_SATURDAY_NY,Sat 2020-04-04 20:00,1635.0,1320.0,"2020.04.05 00:00:00,1613.913,1618.872,1608.502,1618.872,2362,0,0"
M15,2020.04.12 00:00:00,WEEKEND_SATURDAY_NY,Sat 2020-04-11 20:00,3075.0,1365.0,"2020.04.12 00:00:00,1684.492,1691.295,1683.877,1686.825,2623,0,0"
M15,2020.04.19 00:00:00,WEEKEND_SATURDAY_NY,Sat 2020-04-18 20:00,1635.0,1320.0,"2020.04.19 00:00:00,1682.777,1683.185,1673.878,1675.506,4793,0,0"
M15,2020.04.26 00:00:00,WEEKEND_SATURDAY_NY,Sat 2020-04-25 20:00,1635.0,1320.0,"2020.04.26 00:00:00,1721.908,1725.615,1718.882,1724.978,4645,0,0"
M15,2020.05.03 00:00:00,WEEKEND_SATURDAY_NY,Sat 2020-05-02 20:00,1635.0,1320.0,"2020.05.03 00:00:00,1698.504,1699.649,1691.615,1699.269,5005,0,0"
M15,2020.05.10 00:00:00,WEEKEND_SATURDAY_NY,Sat 2020-05-09 20:00,1635.0,1320.0,"2020.05.10 00:00:00,1702.072,1707.454,1701.274,1706.479,5600,0,0"
M15,2020.05.17 00:00:00,WEEKEND_SATURDAY_NY,Sat 2020-05-16 20:00,1635.0,1320.0,"2020.05.17 00:00:00,1747.441,1759.776,1743.217,1758.137,8823,0,0"
M15,2020.05.24 00:00:00,WEEKEND_SATURDAY_NY,Sat 2020-05-23 20:00,1635.0,1320.0,"2020.05.24 00:00:00,1731.595,1733.303,1729.697,1730.676,3100,0,0"
M15,2020.05.31 00:00:00,WEEKEND_SATURDAY_NY,Sat 2020-05-30 20:00,1635.0,1320.0,"2020.05.31 00:00:00,1733.361,1740.011,1731.502,1739.611,5255,0,0"
M15,2020.06.07 00:00:00,WEEKEND_SATURDAY_NY,Sat 2020-06-06 20:00,1635.0,1320.0,"2020.06.07 00:00:00,1681.207,1682.980,1677.301,1681.323,4508,0,0"
M15,2020.06.14 00:00:00,WEEKEND_SATURDAY_NY,Sat 2020-06-13 20:00,1635.0,1320.0,"2020.06.14 00:00:00,1730.841,1733.370,1729.536,1732.553,3951,0,0"
M15,2020.06.21 00:00:00,WEEKEND_SATURDAY_NY,Sat 2020-06-20 20:00,1635.0,1320.0,"2020.06.21 00:00:00,1746.411,1749.969,1743.864,1749.125,5397,0,0"
M15,2020.06.28 00:00:00,WEEKEND_SATURDAY_NY,Sat 2020-06-27 20:00,1635.0,1320.0,"2020.06.28 00:00:00,1770.599,1775.047,1769.991,1771.212,4591,0,0"
M15,2020.07.05 00:00:00,WEEKEND_SATURDAY_NY,Sat 2020-07-04 20:00,1875.0,1320.0,"2020.07.05 00:00:00,1773.537,1775.963,1773.263,1775.327,2812,0,0"
M15,2020.07.12 00:00:00,WEEKEND_SATURDAY_NY,Sat 2020-07-11 20:00,1635.0,1320.0,"2020.07.12 00:00:00,1799.343,1801.095,1797.908,1800.013,3395,0,0"
M15,2020.07.19 00:00:00,WEEKEND_SATURDAY_NY,Sat 2020-07-18 20:00,1635.0,1320.0,"2020.07.19 00:00:00,1808.109,1810.619,1807.808,1808.998,3036,0,0"
M15,2020.07.26 00:00:00,WEEKEND_SATURDAY_NY,Sat 2020-07-25 20:00,1635.0,1320.0,"2020.07.26 00:00:00,1902.646,1914.580,1902.646,1913.493,7315,0,0"
M15,2020.08.02 00:00:00,WEEKEND_SATURDAY_NY,Sat 2020-08-01 20:00,1635.0,1320.0,"2020.08.02 00:00:00,1982.988,1984.734,1977.002,1981.738,7656,0,0"
M15,2020.08.09 00:00:00,WEEKEND_SATURDAY_NY,Sat 2020-08-08 20:00,1635.0,1320.0,"2020.08.09 00:00:00,2026.671,2030.778,2018.676,2027.120,7584,0,0"
M15,2020.08.16 00:00:00,WEEKEND_SATURDAY_NY,Sat 2020-08-15 20:00,1635.0,1320.0,"2020.08.16 00:00:00,1944.835,1951.221,1931.853,1932.534,6351,0,0"
M15,2020.08.23 00:00:00,WEEKEND_SATURDAY_NY,Sat 2020-08-22 20:00,1635.0,1320.0,"2020.08.23 00:00:00,1936.426,1938.261,1929.819,1935.019,5596,0,0"
M15,2020.08.30 00:00:00,WEEKEND_SATURDAY_NY,Sat 2020-08-29 20:00,1635.0,1320.0,"2020.08.30 00:00:00,1968.915,1975.843,1968.820,1973.073,6149,0,0"
M15,2020.09.06 00:00:00,WEEKEND_SATURDAY_NY,Sat 2020-09-05 20:00,1635.0,1320.0,"2020.09.06 00:00:00,1932.511,1937.574,1932.506,1934.348,4369,0,0"
M15,2020.09.13 00:00:00,WEEKEND_SATURDAY_NY,Sat 2020-09-12 20:00,1635.0,1320.0,"2020.09.13 00:00:00,1937.168,1943.020,1937.136,1942.747,3421,0,0"
M15,2020.09.20 00:00:00,WEEKEND_SATURDAY_NY,Sat 2020-09-19 20:00,1635.0,1320.0,"2020.09.20 00:00:00,1949.641,1950.829,1946.445,1948.398,3876,0,0"
M15,2020.09.27 00:00:00,WEEKEND_SATURDAY_NY,Sat 2020-09-26 20:00,1635.0,1320.0,"2020.09.27 00:00:00,1862.899,1865.865,1860.887,1862.341,3712,0,0"
M15,2020.10.04 00:00:00,WEEKEND_SATURDAY_NY,Sat 2020-10-03 20:00,1635.0,1320.0,"2020.10.04 00:00:00,1903.345,1904.290,1898.045,1902.902,4528,0,0"
M15,2020.10.11 00:00:00,WEEKEND_SATURDAY_NY,Sat 2020-10-10 20:00,1635.0,1320.0,"2020.10.11 00:00:00,1926.646,1933.178,1926.617,1929.087,5284,0,0"
M15,2020.10.18 00:00:00,WEEKEND_SATURDAY_NY,Sat 2020-10-17 20:00,1635.0,1320.0,"2020.10.18 00:00:00,1899.865,1902.928,1898.642,1900.779,3889,0,0"
M15,2020.10.25 00:00:00,WEEKEND_SATURDAY_NY,Sat 2020-10-24 20:00,1635.0,1320.0,"2020.10.25 00:00:00,1901.513,1902.021,1891.277,1898.453,5738,0,0"
M15,2020.11.01 00:00:00,WEEKEND_SATURDAY_NY,Sat 2020-10-31 20:00,1635.0,1380.0,"2020.11.01 00:00:00,1879.301,1879.301,1875.215,1877.049,2326,0,0"
M15,2020.11.08 00:00:00,WEEKEND_SATURDAY_NY,Sat 2020-11-07 19:00,1575.0,1380.0,"2020.11.08 00:00:00,1957.117,1959.741,1955.222,1958.496,2833,0,0"
M15,2020.11.15 00:00:00,WEEKEND_SATURDAY_NY,Sat 2020-11-14 19:00,1575.0,1380.0,"2020.11.15 00:00:00,1887.920,1891.535,1887.778,1890.357,2038,0,0"
M15,2020.11.22 00:00:00,WEEKEND_SATURDAY_NY,Sat 2020-11-21 19:00,1575.0,1380.0,"2020.11.22 00:00:00,1870.778,1872.086,1870.128,1872.049,1224,0,0"
M15,2020.11.29 00:00:00,WEEKEND_SATURDAY_NY,Sat 2020-11-28 19:00,1770.0,1380.0,"2020.11.29 00:00:00,1789.439,1789.747,1785.301,1786.606,1472,0,0"
M15,2020.12.06 00:00:00,WEEKEND_SATURDAY_NY,Sat 2020-12-05 19:00,1575.0,1380.0,"2020.12.06 00:00:00,1836.608,1837.985,1832.954,1835.276,2197,0,0"
M15,2020.12.13 00:00:00,WEEKEND_SATURDAY_NY,Sat 2020-12-12 19:00,1575.0,1380.0,"2020.12.13 00:00:00,1837.111,1837.993,1835.841,1837.892,1730,0,0"
M15,2020.12.20 00:00:00,WEEKEND_SATURDAY_NY,Sat 2020-12-19 19:00,1575.0,1380.0,"2020.12.20 00:00:00,1882.823,1884.935,1882.445,1883.035,1957,0,0"
M15,2020.12.27 00:00:00,WEEKEND_SATURDAY_NY,Sat 2020-12-26 19:00,3255.0,1380.0,"2020.12.27 00:00:00,1888.893,1889.770,1885.718,1888.248,2548,0,0"
M15,2021.01.03 00:00:00,WEEKEND_SATURDAY_NY,Sat 2021-01-02 19:00,3255.0,1380.0,"2021.01.03 00:00:00,1909.308,1914.896,1907.729,1913.094,3729,0,0"
M15,2021.01.10 00:00:00,WEEKEND_SATURDAY_NY,Sat 2021-01-09 19:00,1575.0,1380.0,"2021.01.10 00:00:00,1855.038,1855.537,1841.553,1844.710,4879,0,0"
M15,2021.01.17 00:00:00,WEEKEND_SATURDAY_NY,Sat 2021-01-16 19:00,1575.0,1380.0,"2021.01.17 00:00:00,1827.947,1829.232,1802.438,1810.546,6811,0,0"
M15,2021.01.24 00:00:00,WEEKEND_SATURDAY_NY,Sat 2021-01-23 19:00,1575.0,1380.0,"2021.01.24 00:00:00,1858.206,1859.405,1856.571,1856.851,2042,0,0"
M15,2021.01.31 00:00:00,WEEKEND_SATURDAY_NY,Sat 2021-01-30 19:00,1575.0,1380.0,"2021.01.31 00:00:00,1855.282,1859.901,1851.596,1855.826,7043,0,0"
M15,2021.02.07 00:00:00,WEEKEND_SATURDAY_NY,Sat 2021-02-06 19:00,1575.0,1380.0,"2021.02.07 00:00:00,1817.259,1818.709,1815.763,1817.970,2411,0,0"
M15,2021.02.14 00:00:00,WEEKEND_SATURDAY_NY,Sat 2021-02-13 19:00,1575.0,1380.0,"2021.02.14 00:00:00,1824.898,1825.770,1820.100,1820.939,2478,0,0"
M15,2021.02.21 00:00:00,WEEKEND_SATURDAY_NY,Sat 2021-02-20 19:00,1575.0,1380.0,"2021.02.21 00:00:00,1786.332,1788.083,1781.291,1783.358,3526,0,0"
M15,2021.02.28 00:00:00,WEEKEND_SATURDAY_NY,Sat 2021-02-27 19:00,1575.0,1380.0,"2021.02.28 00:00:00,1737.958,1739.940,1735.286,1739.239,4219,0,0"
M15,2021.03.07 00:00:00,WEEKEND_SATURDAY_NY,Sat 2021-03-06 19:00,1575.0,1380.0,"2021.03.07 00:00:00,1706.301,1713.915,1706.268,1707.726,4831,0,0"
M15,2021.03.14 00:00:00,WEEKEND_SATURDAY_NY,Sat 2021-03-13 19:00,1575.0,1320.0,"2021.03.14 00:00:00,1728.251,1728.348,1724.244,1725.335,5273,0,0"
M15,2021.03.21 00:00:00,WEEKEND_SATURDAY_NY,Sat 2021-03-20 20:00,1635.0,1320.0,"2021.03.21 00:00:00,1743.714,1744.315,1737.981,1738.234,5917,0,0"
M15,2021.03.28 00:00:00,WEEKEND_SATURDAY_NY,Sat 2021-03-27 20:00,1635.0,1320.0,"2021.03.28 00:00:00,1731.377,1732.549,1730.611,1730.999,3554,0,0"
M15,2021.04.04 00:00:00,WEEKEND_SATURDAY_NY,Sat 2021-04-03 20:00,3075.0,1320.0,"2021.04.04 00:00:00,1728.462,1729.917,1726.908,1728.011,4911,0,0"
M15,2021.04.11 00:00:00,WEEKEND_SATURDAY_NY,Sat 2021-04-10 20:00,1635.0,1320.0,"2021.04.11 00:00:00,1742.481,1743.475,1740.490,1741.591,3757,0,0"
M15,2021.04.18 00:00:00,WEEKEND_SATURDAY_NY,Sat 2021-04-17 20:00,1635.0,1320.0,"2021.04.18 00:00:00,1775.640,1778.053,1774.762,1776.723,3628,0,0"
M15,2021.04.25 00:00:00,WEEKEND_SATURDAY_NY,Sat 2021-04-24 20:00,1635.0,1320.0,"2021.04.25 00:00:00,1775.596,1775.980,1773.860,1774.789,2870,0,0"
M15,2021.05.02 00:00:00,WEEKEND_SATURDAY_NY,Sat 2021-05-01 20:00,1635.0,1320.0,"2021.05.02 00:00:00,1767.058,1769.024,1766.046,1769.017,3250,0,0"
M15,2021.05.09 00:00:00,WEEKEND_SATURDAY_NY,Sat 2021-05-08 20:00,1635.0,1320.0,"2021.05.09 00:00:00,1832.896,1836.787,1831.996,1836.162,4185,0,0"
M15,2021.05.16 00:00:00,WEEKEND_SATURDAY_NY,Sat 2021-05-15 20:00,1635.0,1320.0,"2021.05.16 00:00:00,1843.784,1847.964,1843.784,1847.074,3875,0,0"
M15,2021.05.23 00:00:00,WEEKEND_SATURDAY_NY,Sat 2021-05-22 20:00,1635.0,1320.0,"2021.05.23 00:00:00,1880.985,1883.761,1880.148,1883.459,3008,0,0"
M15,2021.05.30 00:00:00,WEEKEND_SATURDAY_NY,Sat 2021-05-29 20:00,1635.0,1320.0,"2021.05.30 00:00:00,1903.805,1904.750,1903.214,1903.798,2406,0,0"
M15,2021.06.06 00:00:00,WEEKEND_SATURDAY_NY,Sat 2021-06-05 20:00,1635.0,1320.0,"2021.06.06 00:00:00,1889.994,1890.631,1888.646,1889.265,2273,0,0"
M15,2021.06.13 00:00:00,WEEKEND_SATURDAY_NY,Sat 2021-06-12 20:00,1635.0,1320.0,"2021.06.13 00:00:00,1876.160,1877.608,1873.194,1873.652,3778,0,0"
M15,2021.06.20 00:00:00,WEEKEND_SATURDAY_NY,Sat 2021-06-19 20:00,1635.0,1320.0,"2021.06.20 00:00:00,1768.728,1770.029,1767.355,1769.324,5065,0,0"
M15,2021.06.27 00:00:00,WEEKEND_SATURDAY_NY,Sat 2021-06-26 20:00,1635.0,1320.0,"2021.06.27 00:00:00,1781.264,1782.753,1780.545,1781.905,2843,0,0"
M15,2021.07.04 00:00:00,WEEKEND_SATURDAY_NY,Sat 2021-07-03 20:00,1635.0,1320.0,"2021.07.04 00:00:00,1787.277,1787.581,1785.461,1786.184,2611,0,0"
M15,2021.07.11 00:00:00,WEEKEND_SATURDAY_NY,Sat 2021-07-10 20:00,1635.0,1320.0,"2021.07.11 00:00:00,1808.049,1808.455,1806.301,1806.405,2546,0,0"
M15,2021.07.18 00:00:00,WEEKEND_SATURDAY_NY,Sat 2021-07-17 20:00,1635.0,1320.0,"2021.07.18 00:00:00,1811.224,1815.844,1810.351,1815.700,3327,0,0"
M15,2021.07.25 00:00:00,WEEKEND_SATURDAY_NY,Sat 2021-07-24 20:00,1635.0,1320.0,"2021.07.25 00:00:00,1802.274,1802.712,1800.053,1800.344,2119,0,0"
M15,2021.08.01 00:00:00,WEEKEND_SATURDAY_NY,Sat 2021-07-31 20:00,1635.0,1320.0,"2021.08.01 00:00:00,1814.431,1814.955,1812.009,1813.790,2616,0,0"
M15,2021.08.08 00:00:00,WEEKEND_SATURDAY_NY,Sat 2021-08-07 20:00,1635.0,1320.0,"2021.08.08 00:00:00,1761.426,1762.323,1686.784,1719.053,34651,0,0"
M15,2021.08.15 00:00:00,WEEKEND_SATURDAY_NY,Sat 2021-08-14 20:00,1635.0,1320.0,"2021.08.15 00:00:00,1779.017,1779.976,1778.408,1778.763,2836,0,0"
H1,2017.05.29 18:00:00,H1_HOUR_WITHOUT_M15_AFTER_REPAIR,Mon 2017-05-29 14:00,,,"2017.05.29 18:00:00,1266.850,1266.895,1266.790,1266.820,4,0,0"
H1,2018.03.30 00:00:00,H1_HOUR_WITHOUT_M15_AFTER_REPAIR,Thu 2018-03-29 20:00,,,"2018.03.30 00:00:00,1325.100,1325.100,1325.100,1325.100,1,0,0"
H1,2018.07.01 00:00:00,H1_HOUR_WITHOUT_M15_AFTER_REPAIR,Sat 2018-06-30 20:00,,,"2018.07.01 00:00:00,1253.020,1254.149,1252.785,1253.365,2202,0,0"
H1,2018.07.08 00:00:00,H1_HOUR_WITHOUT_M15_AFTER_REPAIR,Sat 2018-07-07 20:00,,,"2018.07.08 00:00:00,1255.830,1256.555,1255.637,1256.397,1155,0,0"
H1,2018.07.15 00:00:00,H1_HOUR_WITHOUT_M15_AFTER_REPAIR,Sat 2018-07-14 20:00,,,"2018.07.15 00:00:00,1241.630,1242.103,1241.064,1241.118,1341,0,0"
H1,2018.07.22 00:00:00,H1_HOUR_WITHOUT_M15_AFTER_REPAIR,Sat 2018-07-21 20:00,,,"2018.07.22 00:00:00,1231.819,1233.267,1231.500,1232.849,2812,0,0"
H1,2018.07.29 00:00:00,H1_HOUR_WITHOUT_M15_AFTER_REPAIR,Sat 2018-07-28 20:00,,,"2018.07.29 00:00:00,1223.091,1223.572,1222.006,1222.439,1397,0,0"
H1,2018.08.05 00:00:00,H1_HOUR_WITHOUT_M15_AFTER_REPAIR,Sat 2018-08-04 20:00,,,"2018.08.05 00:00:00,1213.690,1215.044,1213.516,1214.790,1573,0,0"
H1,2018.08.12 00:00:00,H1_HOUR_WITHOUT_M15_AFTER_REPAIR,Sat 2018-08-11 20:00,,,"2018.08.12 00:00:00,1212.460,1213.801,1211.927,1212.318,2155,0,0"
H1,2018.08.19 00:00:00,H1_HOUR_WITHOUT_M15_AFTER_REPAIR,Sat 2018-08-18 20:00,,,"2018.08.19 00:00:00,1183.230,1183.792,1182.915,1183.535,1707,0,0"
H1,2018.08.26 00:00:00,H1_HOUR_WITHOUT_M15_AFTER_REPAIR,Sat 2018-08-25 20:00,,,"2018.08.26 00:00:00,1206.470,1207.867,1206.054,1207.786,2329,0,0"
H1,2018.09.02 00:00:00,H1_HOUR_WITHOUT_M15_AFTER_REPAIR,Sat 2018-09-01 20:00,,,"2018.09.02 00:00:00,1199.640,1200.007,1198.719,1199.095,1723,0,0"
H1,2018.09.09 00:00:00,H1_HOUR_WITHOUT_M15_AFTER_REPAIR,Sat 2018-09-08 20:00,,,"2018.09.09 00:00:00,1195.010,1196.234,1194.902,1196.117,1686,0,0"
H1,2018.09.16 00:00:00,H1_HOUR_WITHOUT_M15_AFTER_REPAIR,Sat 2018-09-15 20:00,,,"2018.09.16 00:00:00,1194.160,1194.368,1193.014,1193.366,1706,0,0"
H1,2018.09.23 00:00:00,H1_HOUR_WITHOUT_M15_AFTER_REPAIR,Sat 2018-09-22 20:00,,,"2018.09.23 00:00:00,1197.680,1198.440,1197.033,1197.935,1502,0,0"
H1,2018.09.30 00:00:00,H1_HOUR_WITHOUT_M15_AFTER_REPAIR,Sat 2018-09-29 20:00,,,"2018.09.30 00:00:00,1191.410,1192.131,1190.673,1190.872,1971,0,0"
H1,2018.10.07 00:00:00,H1_HOUR_WITHOUT_M15_AFTER_REPAIR,Sat 2018-10-06 20:00,,,"2018.10.07 00:00:00,1203.120,1203.970,1202.859,1203.755,1636,0,0"
H1,2018.10.14 00:00:00,H1_HOUR_WITHOUT_M15_AFTER_REPAIR,Sat 2018-10-13 20:00,,,"2018.10.14 00:00:00,1218.857,1220.249,1218.857,1219.204,1383,0,0"
H1,2018.10.21 00:00:00,H1_HOUR_WITHOUT_M15_AFTER_REPAIR,Sat 2018-10-20 20:00,,,"2018.10.21 00:00:00,1228.066,1228.122,1226.754,1227.274,2346,0,0"
H1,2018.10.28 00:00:00,H1_HOUR_WITHOUT_M15_AFTER_REPAIR,Sat 2018-10-27 20:00,,,"2018.10.28 00:00:00,1233.097,1233.928,1232.671,1232.738,2310,0,0"
H1,2018.11.04 00:00:00,H1_HOUR_WITHOUT_M15_AFTER_REPAIR,Sat 2018-11-03 20:00,,,"2018.11.04 00:00:00,1233.117,1234.183,1233.117,1234.042,1457,0,0"
H1,2018.11.11 00:00:00,H1_HOUR_WITHOUT_M15_AFTER_REPAIR,Sat 2018-11-10 19:00,,,"2018.11.11 00:00:00,1209.544,1210.727,1209.217,1210.726,1496,0,0"
H1,2018.11.18 00:00:00,H1_HOUR_WITHOUT_M15_AFTER_REPAIR,Sat 2018-11-17 19:00,,,"2018.11.18 00:00:00,1221.955,1222.686,1221.555,1222.522,1413,0,0"
H1,2018.11.25 00:00:00,H1_HOUR_WITHOUT_M15_AFTER_REPAIR,Sat 2018-11-24 19:00,,,"2018.11.25 00:00:00,1223.581,1224.339,1223.283,1224.300,1484,0,0"
H1,2018.12.02 00:00:00,H1_HOUR_WITHOUT_M15_AFTER_REPAIR,Sat 2018-12-01 19:00,,,"2018.12.02 00:00:00,1223.023,1223.174,1221.970,1222.050,1661,0,0"
H1,2018.12.09 00:00:00,H1_HOUR_WITHOUT_M15_AFTER_REPAIR,Sat 2018-12-08 19:00,,,"2018.12.09 00:00:00,1250.260,1250.477,1248.844,1248.988,1833,0,0"
H1,2018.12.16 00:00:00,H1_HOUR_WITHOUT_M15_AFTER_REPAIR,Sat 2018-12-15 19:00,,,"2018.12.16 00:00:00,1237.299,1237.913,1236.962,1237.071,1210,0,0"
H1,2018.12.23 00:00:00,H1_HOUR_WITHOUT_M15_AFTER_REPAIR,Sat 2018-12-22 19:00,,,"2018.12.23 00:00:00,1258.600,1259.027,1257.980,1258.859,1593,0,0"
H1,2018.12.26 00:00:00,H1_HOUR_WITHOUT_M15_AFTER_REPAIR,Tue 2018-12-25 19:00,,,"2018.12.26 00:00:00,1273.740,1278.990,1264.572,1269.120,63034,0,0"
H1,2018.12.30 00:00:00,H1_HOUR_WITHOUT_M15_AFTER_REPAIR,Sat 2018-12-29 19:00,,,"2018.12.30 00:00:00,1280.074,1280.074,1278.913,1279.756,1382,0,0"
H1,2019.01.06 00:00:00,H1_HOUR_WITHOUT_M15_AFTER_REPAIR,Sat 2019-01-05 19:00,,,"2019.01.06 00:00:00,1285.549,1285.938,1284.114,1284.203,1669,0,0"
H1,2019.01.13 00:00:00,H1_HOUR_WITHOUT_M15_AFTER_REPAIR,Sat 2019-01-12 19:00,,,"2019.01.13 00:00:00,1288.078,1288.572,1287.884,1288.107,1437,0,0"
H1,2019.01.20 00:00:00,H1_HOUR_WITHOUT_M15_AFTER_REPAIR,Sat 2019-01-19 19:00,,,"2019.01.20 00:00:00,1282.538,1283.237,1282.464,1282.578,1347,0,0"
H1,2019.01.27 00:00:00,H1_HOUR_WITHOUT_M15_AFTER_REPAIR,Sat 2019-01-26 19:00,,,"2019.01.27 00:00:00,1302.403,1302.517,1299.918,1300.004,1606,0,0"
H1,2019.02.03 00:00:00,H1_HOUR_WITHOUT_M15_AFTER_REPAIR,Sat 2019-02-02 19:00,,,"2019.02.03 00:00:00,1317.638,1317.886,1316.529,1317.116,1391,0,0"
H1,2019.02.10 00:00:00,H1_HOUR_WITHOUT_M15_AFTER_REPAIR,Sat 2019-02-09 19:00,,,"2019.02.10 00:00:00,1313.520,1313.932,1313.372,1313.651,1254,0,0"
H1,2019.02.17 00:00:00,H1_HOUR_WITHOUT_M15_AFTER_REPAIR,Sat 2019-02-16 19:00,,,"2019.02.17 00:00:00,1320.975,1321.303,1320.583,1321.084,1512,0,0"
H1,2019.02.24 00:00:00,H1_HOUR_WITHOUT_M15_AFTER_REPAIR,Sat 2019-02-23 19:00,,,"2019.02.24 00:00:00,1327.607,1328.511,1327.511,1327.710,1405,0,0"
H1,2019.03.03 00:00:00,H1_HOUR_WITHOUT_M15_AFTER_REPAIR,Sat 2019-03-02 19:00,,,"2019.03.03 00:00:00,1295.386,1296.153,1295.016,1295.190,1759,0,0"
H1,2019.03.10 00:00:00,H1_HOUR_WITHOUT_M15_AFTER_REPAIR,Sat 2019-03-09 19:00,,,"2019.03.10 00:00:00,1296.869,1297.359,1296.613,1297.210,1349,0,0"
H1,2019.03.17 00:00:00,H1_HOUR_WITHOUT_M15_AFTER_REPAIR,Sat 2019-03-16 20:00,,,"2019.03.17 00:00:00,1302.109,1302.301,1300.568,1300.579,2466,0,0"
H1,2019.03.24 00:00:00,H1_HOUR_WITHOUT_M15_AFTER_REPAIR,Sat 2019-03-23 20:00,,,"2019.03.24 00:00:00,1313.470,1313.771,1311.644,1311.644,2504,0,0"
H1,2019.03.31 00:00:00,H1_HOUR_WITHOUT_M15_AFTER_REPAIR,Sat 2019-03-30 20:00,,,"2019.03.31 00:00:00,1292.237,1293.188,1291.446,1291.714,2757,0,0"
H1,2019.04.07 00:00:00,H1_HOUR_WITHOUT_M15_AFTER_REPAIR,Sat 2019-04-06 20:00,,,"2019.04.07 00:00:00,1292.246,1293.615,1291.401,1291.755,2356,0,0"
H1,2019.04.14 00:00:00,H1_HOUR_WITHOUT_M15_AFTER_REPAIR,Sat 2019-04-13 20:00,,,"2019.04.14 00:00:00,1291.299,1291.907,1289.320,1289.732,2555,0,0"
H1,2019.04.28 00:00:00,H1_HOUR_WITHOUT_M15_AFTER_REPAIR,Sat 2019-04-27 20:00,,,"2019.04.28 00:00:00,1285.979,1286.616,1285.712,1285.822,1974,0,0"
H1,2019.05.05 00:00:00,H1_HOUR_WITHOUT_M15_AFTER_REPAIR,Sat 2019-05-04 20:00,,,"2019.05.05 00:00:00,1282.584,1285.752,1281.669,1284.203,5254,0,0"
H1,2019.05.12 00:00:00,H1_HOUR_WITHOUT_M15_AFTER_REPAIR,Sat 2019-05-11 20:00,,,"2019.05.12 00:00:00,1287.211,1288.026,1286.841,1287.175,2731,0,0"
H1,2019.05.19 00:00:00,H1_HOUR_WITHOUT_M15_AFTER_REPAIR,Sat 2019-05-18 20:00,,,"2019.05.19 00:00:00,1278.353,1278.841,1276.969,1277.713,2338,0,0"
H1,2019.05.26 00:00:00,H1_HOUR_WITHOUT_M15_AFTER_REPAIR,Sat 2019-05-25 20:00,,,"2019.05.26 00:00:00,1285.418,1285.576,1284.100,1284.679,2102,0,0"
H1,2019.06.02 00:00:00,H1_HOUR_WITHOUT_M15_AFTER_REPAIR,Sat 2019-06-01 20:00,,,"2019.06.02 00:00:00,1306.676,1309.387,1306.440,1309.259,3687,0,0"
H1,2019.06.09 00:00:00,H1_HOUR_WITHOUT_M15_AFTER_REPAIR,Sat 2019-06-08 20:00,,,"2019.06.09 00:00:00,1334.672,1335.765,1333.279,1334.981,3631,0,0"
H1,2019.06.16 00:00:00,H1_HOUR_WITHOUT_M15_AFTER_REPAIR,Sat 2019-06-15 20:00,,,"2019.06.16 00:00:00,1341.811,1341.999,1338.505,1338.532,2853,0,0"
H1,2019.06.23 00:00:00,H1_HOUR_WITHOUT_M15_AFTER_REPAIR,Sat 2019-06-22 20:00,,,"2019.06.23 00:00:00,1400.407,1410.164,1400.295,1406.811,6467,0,0"
H1,2019.06.30 00:00:00,H1_HOUR_WITHOUT_M15_AFTER_REPAIR,Sat 2019-06-29 20:00,,,"2019.06.30 00:00:00,1393.072,1397.690,1389.255,1392.085,7789,0,0"
H1,2019.07.07 00:00:00,H1_HOUR_WITHOUT_M15_AFTER_REPAIR,Sat 2019-07-06 20:00,,,"2019.07.07 00:00:00,1399.279,1399.306,1392.706,1395.651,4858,0,0"
H1,2019.07.14 00:00:00,H1_HOUR_WITHOUT_M15_AFTER_REPAIR,Sat 2019-07-13 20:00,,,"2019.07.14 00:00:00,1416.621,1419.668,1412.835,1416.199,4426,0,0"
H1,2019.07.21 00:00:00,H1_HOUR_WITHOUT_M15_AFTER_REPAIR,Sat 2019-07-20 20:00,,,"2019.07.21 00:00:00,1426.629,1427.068,1423.581,1425.038,3530,0,0"
H1,2019.07.28 00:00:00,H1_HOUR_WITHOUT_M15_AFTER_REPAIR,Sat 2019-07-27 20:00,,,"2019.07.28 00:00:00,1420.739,1420.858,1419.289,1420.079,2201,0,0"
H1,2019.08.04 00:00:00,H1_HOUR_WITHOUT_M15_AFTER_REPAIR,Sat 2019-08-03 20:00,,,"2019.08.04 00:00:00,1440.304,1441.167,1436.728,1439.554,3094,0,0"
H1,2019.08.11 00:00:00,H1_HOUR_WITHOUT_M15_AFTER_REPAIR,Sat 2019-08-10 20:00,,,"2019.08.11 00:00:00,1496.193,1501.473,1494.538,1500.747,3494,0,0"
H1,2019.08.18 00:00:00,H1_HOUR_WITHOUT_M15_AFTER_REPAIR,Sat 2019-08-17 20:00,,,"2019.08.18 00:00:00,1509.674,1512.896,1509.050,1509.341,2965,0,0"
H1,2019.08.25 00:00:00,H1_HOUR_WITHOUT_M15_AFTER_REPAIR,Sat 2019-08-24 20:00,,,"2019.08.25 00:00:00,1546.310,1554.998,1543.391,1547.301,9369,0,0"
H1,2019.09.01 00:00:00,H1_HOUR_WITHOUT_M15_AFTER_REPAIR,Sat 2019-08-31 20:00,,,"2019.09.01 00:00:00,1529.531,1533.446,1528.299,1529.069,3924,0,0"
H1,2019.09.08 00:00:00,H1_HOUR_WITHOUT_M15_AFTER_REPAIR,Sat 2019-09-07 20:00,,,"2019.09.08 00:00:00,1505.025,1507.613,1503.375,1505.810,3832,0,0"
H1,2019.09.15 00:00:00,H1_HOUR_WITHOUT_M15_AFTER_REPAIR,Sat 2019-09-14 20:00,,,"2019.09.15 00:00:00,1500.594,1507.757,1498.627,1506.059,7258,0,0"
H1,2019.09.22 00:00:00,H1_HOUR_WITHOUT_M15_AFTER_REPAIR,Sat 2019-09-21 20:00,,,"2019.09.22 00:00:00,1512.856,1514.344,1511.696,1514.329,4315,0,0"
H1,2019.09.29 00:00:00,H1_HOUR_WITHOUT_M15_AFTER_REPAIR,Sat 2019-09-28 20:00,,,"2019.09.29 00:00:00,1496.467,1500.435,1496.033,1496.222,3679,0,0"
H1,2019.10.06 00:00:00,H1_HOUR_WITHOUT_M15_AFTER_REPAIR,Sat 2019-10-05 20:00,,,"2019.10.06 00:00:00,1508.319,1508.602,1505.394,1508.064,2554,0,0"
H1,2019.10.13 00:00:00,H1_HOUR_WITHOUT_M15_AFTER_REPAIR,Sat 2019-10-12 20:00,,,"2019.10.13 00:00:00,1486.820,1487.230,1482.815,1484.586,3643,0,0"
H1,2019.10.20 00:00:00,H1_HOUR_WITHOUT_M15_AFTER_REPAIR,Sat 2019-10-19 20:00,,,"2019.10.20 00:00:00,1491.988,1492.132,1490.489,1491.538,2765,0,0"
H1,2019.10.27 00:00:00,H1_HOUR_WITHOUT_M15_AFTER_REPAIR,Sat 2019-10-26 20:00,,,"2019.10.27 00:00:00,1502.711,1504.100,1502.212,1503.947,2235,0,0"
H1,2019.11.03 00:00:00,H1_HOUR_WITHOUT_M15_AFTER_REPAIR,Sat 2019-11-02 20:00,,,"2019.11.03 00:00:00,1512.838,1513.146,1512.227,1512.852,1262,0,0"
H1,2019.11.10 00:00:00,H1_HOUR_WITHOUT_M15_AFTER_REPAIR,Sat 2019-11-09 19:00,,,"2019.11.10 00:00:00,1460.307,1461.038,1459.980,1460.966,1448,0,0"
H1,2019.11.17 00:00:00,H1_HOUR_WITHOUT_M15_AFTER_REPAIR,Sat 2019-11-16 19:00,,,"2019.11.17 00:00:00,1467.963,1469.539,1467.650,1469.001,1321,0,0"
H1,2019.11.24 00:00:00,H1_HOUR_WITHOUT_M15_AFTER_REPAIR,Sat 2019-11-23 19:00,,,"2019.11.24 00:00:00,1460.590,1460.928,1459.640,1460.412,1491,0,0"
H1,2019.12.26 00:00:00,H1_HOUR_WITHOUT_M15_AFTER_REPAIR,Wed 2019-12-25 19:00,,,"2019.12.26 00:00:00,1504.340,1512.501,1502.695,1511.122,35931,0,0"
H1,2019.12.29 00:00:00,H1_HOUR_WITHOUT_M15_AFTER_REPAIR,Sat 2019-12-28 19:00,,,"2019.12.29 00:00:00,1511.309,1513.889,1511.012,1513.466,1799,0,0"
H1,2020.01.02 00:00:00,H1_HOUR_WITHOUT_M15_AFTER_REPAIR,Wed 2020-01-01 19:00,,,"2020.01.02 00:00:00,1518.464,1531.275,1517.172,1528.743,49163,0,0"
H1,2020.01.05 00:00:00,H1_HOUR_WITHOUT_M15_AFTER_REPAIR,Sat 2020-01-04 19:00,,,"2020.01.05 00:00:00,1576.329,1582.102,1566.855,1569.216,5730,0,0"
H1,2020.01.12 00:00:00,H1_HOUR_WITHOUT_M15_AFTER_REPAIR,Sat 2020-01-11 19:00,,,"2020.01.12 00:00:00,1559.714,1560.563,1557.998,1559.187,1859,0,0"
H1,2020.01.19 00:00:00,H1_HOUR_WITHOUT_M15_AFTER_REPAIR,Sat 2020-01-18 19:00,,,"2020.01.19 00:00:00,1558.947,1558.947,1556.292,1556.980,1805,0,0"
H1,2020.01.26 00:00:00,H1_HOUR_WITHOUT_M15_AFTER_REPAIR,Sat 2020-01-25 19:00,,,"2020.01.26 00:00:00,1581.234,1588.516,1581.234,1582.664,4435,0,0"
H1,2020.02.02 00:00:00,H1_HOUR_WITHOUT_M15_AFTER_REPAIR,Sat 2020-02-01 19:00,,,"2020.02.02 00:00:00,1588.544,1592.017,1587.972,1589.412,3041,0,0"
H1,2020.02.09 00:00:00,H1_HOUR_WITHOUT_M15_AFTER_REPAIR,Sat 2020-02-08 19:00,,,"2020.02.09 00:00:00,1569.258,1576.551,1569.028,1574.764,2835,0,0"
H1,2020.02.16 00:00:00,H1_HOUR_WITHOUT_M15_AFTER_REPAIR,Sat 2020-02-15 19:00,,,"2020.02.16 00:00:00,1581.444,1583.045,1580.429,1582.913,1717,0,0"
H1,2020.02.23 00:00:00,H1_HOUR_WITHOUT_M15_AFTER_REPAIR,Sat 2020-02-22 19:00,,,"2020.02.23 00:00:00,1659.760,1680.967,1657.703,1665.512,5109,0,0"
H1,2020.03.01 00:00:00,H1_HOUR_WITHOUT_M15_AFTER_REPAIR,Sat 2020-02-29 19:00,,,"2020.03.01 00:00:00,1582.112,1588.335,1575.451,1584.992,4753,0,0"
H1,2020.03.08 00:00:00,H1_HOUR_WITHOUT_M15_AFTER_REPAIR,Sat 2020-03-07 19:00,,,"2020.03.08 00:00:00,1696.280,1703.179,1679.712,1700.043,12186,0,0"
H1,2020.03.15 00:00:00,H1_HOUR_WITHOUT_M15_AFTER_REPAIR,Sat 2020-03-14 20:00,,,"2020.03.15 00:00:00,1551.879,1575.370,1540.122,1557.510,20018,0,0"
H1,2020.03.22 00:00:00,H1_HOUR_WITHOUT_M15_AFTER_REPAIR,Sat 2020-03-21 20:00,,,"2020.03.22 00:00:00,1502.200,1507.935,1482.773,1491.601,12432,0,0"
H1,2020.03.29 00:00:00,H1_HOUR_WITHOUT_M15_AFTER_REPAIR,Sat 2020-03-28 20:00,,,"2020.03.29 00:00:00,1628.767,1630.463,1619.009,1627.402,1333,0,0"
H1,2020.04.05 00:00:00,H1_HOUR_WITHOUT_M15_AFTER_REPAIR,Sat 2020-04-04 20:00,,,"2020.04.05 00:00:00,1613.913,1618.872,1608.502,1618.872,2362,0,0"
H1,2020.04.12 00:00:00,H1_HOUR_WITHOUT_M15_AFTER_REPAIR,Sat 2020-04-11 20:00,,,"2020.04.12 00:00:00,1684.492,1691.295,1683.877,1686.825,2623,0,0"
H1,2020.04.19 00:00:00,H1_HOUR_WITHOUT_M15_AFTER_REPAIR,Sat 2020-04-18 20:00,,,"2020.04.19 00:00:00,1682.777,1683.185,1673.878,1675.506,4793,0,0"
H1,2020.04.26 00:00:00,H1_HOUR_WITHOUT_M15_AFTER_REPAIR,Sat 2020-04-25 20:00,,,"2020.04.26 00:00:00,1721.908,1725.615,1718.882,1724.978,4645,0,0"
H1,2020.05.03 00:00:00,H1_HOUR_WITHOUT_M15_AFTER_REPAIR,Sat 2020-05-02 20:00,,,"2020.05.03 00:00:00,1698.504,1699.649,1691.615,1699.269,5005,0,0"
H1,2020.05.10 00:00:00,H1_HOUR_WITHOUT_M15_AFTER_REPAIR,Sat 2020-05-09 20:00,,,"2020.05.10 00:00:00,1702.072,1707.454,1701.274,1706.479,5600,0,0"
H1,2020.05.17 00:00:00,H1_HOUR_WITHOUT_M15_AFTER_REPAIR,Sat 2020-05-16 20:00,,,"2020.05.17 00:00:00,1747.441,1759.776,1743.217,1758.137,8823,0,0"
H1,2020.05.24 00:00:00,H1_HOUR_WITHOUT_M15_AFTER_REPAIR,Sat 2020-05-23 20:00,,,"2020.05.24 00:00:00,1731.595,1733.303,1729.697,1730.676,3100,0,0"
H1,2020.05.31 00:00:00,H1_HOUR_WITHOUT_M15_AFTER_REPAIR,Sat 2020-05-30 20:00,,,"2020.05.31 00:00:00,1733.361,1740.011,1731.502,1739.611,5255,0,0"
H1,2020.06.07 00:00:00,H1_HOUR_WITHOUT_M15_AFTER_REPAIR,Sat 2020-06-06 20:00,,,"2020.06.07 00:00:00,1681.207,1682.980,1677.301,1681.323,4508,0,0"
H1,2020.06.14 00:00:00,H1_HOUR_WITHOUT_M15_AFTER_REPAIR,Sat 2020-06-13 20:00,,,"2020.06.14 00:00:00,1730.841,1733.370,1729.536,1732.553,3951,0,0"
H1,2020.06.21 00:00:00,H1_HOUR_WITHOUT_M15_AFTER_REPAIR,Sat 2020-06-20 20:00,,,"2020.06.21 00:00:00,1746.411,1749.969,1743.864,1749.125,5397,0,0"
H1,2020.06.28 00:00:00,H1_HOUR_WITHOUT_M15_AFTER_REPAIR,Sat 2020-06-27 20:00,,,"2020.06.28 00:00:00,1770.599,1775.047,1769.991,1771.212,4591,0,0"
H1,2020.07.05 00:00:00,H1_HOUR_WITHOUT_M15_AFTER_REPAIR,Sat 2020-07-04 20:00,,,"2020.07.05 00:00:00,1773.537,1775.963,1773.263,1775.327,2812,0,0"
H1,2020.07.12 00:00:00,H1_HOUR_WITHOUT_M15_AFTER_REPAIR,Sat 2020-07-11 20:00,,,"2020.07.12 00:00:00,1799.343,1801.095,1797.908,1800.013,3395,0,0"
H1,2020.07.19 00:00:00,H1_HOUR_WITHOUT_M15_AFTER_REPAIR,Sat 2020-07-18 20:00,,,"2020.07.19 00:00:00,1808.109,1810.619,1807.808,1808.998,3036,0,0"
H1,2020.07.26 00:00:00,H1_HOUR_WITHOUT_M15_AFTER_REPAIR,Sat 2020-07-25 20:00,,,"2020.07.26 00:00:00,1902.646,1914.580,1902.646,1913.493,7315,0,0"
H1,2020.08.02 00:00:00,H1_HOUR_WITHOUT_M15_AFTER_REPAIR,Sat 2020-08-01 20:00,,,"2020.08.02 00:00:00,1982.988,1984.734,1977.002,1981.738,7656,0,0"
H1,2020.08.09 00:00:00,H1_HOUR_WITHOUT_M15_AFTER_REPAIR,Sat 2020-08-08 20:00,,,"2020.08.09 00:00:00,2026.671,2030.778,2018.676,2027.120,7584,0,0"
H1,2020.08.16 00:00:00,H1_HOUR_WITHOUT_M15_AFTER_REPAIR,Sat 2020-08-15 20:00,,,"2020.08.16 00:00:00,1944.835,1951.221,1931.853,1932.534,6351,0,0"
H1,2020.08.23 00:00:00,H1_HOUR_WITHOUT_M15_AFTER_REPAIR,Sat 2020-08-22 20:00,,,"2020.08.23 00:00:00,1936.426,1938.261,1929.819,1935.019,5596,0,0"
H1,2020.08.30 00:00:00,H1_HOUR_WITHOUT_M15_AFTER_REPAIR,Sat 2020-08-29 20:00,,,"2020.08.30 00:00:00,1968.915,1975.843,1968.820,1973.073,6149,0,0"
H1,2020.09.06 00:00:00,H1_HOUR_WITHOUT_M15_AFTER_REPAIR,Sat 2020-09-05 20:00,,,"2020.09.06 00:00:00,1932.511,1937.574,1932.506,1934.348,4369,0,0"
H1,2020.09.13 00:00:00,H1_HOUR_WITHOUT_M15_AFTER_REPAIR,Sat 2020-09-12 20:00,,,"2020.09.13 00:00:00,1937.168,1943.020,1937.136,1942.747,3421,0,0"
H1,2020.09.20 00:00:00,H1_HOUR_WITHOUT_M15_AFTER_REPAIR,Sat 2020-09-19 20:00,,,"2020.09.20 00:00:00,1949.641,1950.829,1946.445,1948.398,3876,0,0"
H1,2020.09.27 00:00:00,H1_HOUR_WITHOUT_M15_AFTER_REPAIR,Sat 2020-09-26 20:00,,,"2020.09.27 00:00:00,1862.899,1865.865,1860.887,1862.341,3712,0,0"
H1,2020.10.04 00:00:00,H1_HOUR_WITHOUT_M15_AFTER_REPAIR,Sat 2020-10-03 20:00,,,"2020.10.04 00:00:00,1903.345,1904.290,1898.045,1902.902,4528,0,0"
H1,2020.10.11 00:00:00,H1_HOUR_WITHOUT_M15_AFTER_REPAIR,Sat 2020-10-10 20:00,,,"2020.10.11 00:00:00,1926.646,1933.178,1926.617,1929.087,5284,0,0"
H1,2020.10.18 00:00:00,H1_HOUR_WITHOUT_M15_AFTER_REPAIR,Sat 2020-10-17 20:00,,,"2020.10.18 00:00:00,1899.865,1902.928,1898.642,1900.779,3889,0,0"
H1,2020.10.25 00:00:00,H1_HOUR_WITHOUT_M15_AFTER_REPAIR,Sat 2020-10-24 20:00,,,"2020.10.25 00:00:00,1901.513,1902.021,1891.277,1898.453,5738,0,0"
H1,2020.11.01 00:00:00,H1_HOUR_WITHOUT_M15_AFTER_REPAIR,Sat 2020-10-31 20:00,,,"2020.11.01 00:00:00,1879.301,1879.301,1875.215,1877.049,2326,0,0"
H1,2020.11.08 00:00:00,H1_HOUR_WITHOUT_M15_AFTER_REPAIR,Sat 2020-11-07 19:00,,,"2020.11.08 00:00:00,1957.117,1959.741,1955.222,1958.496,2833,0,0"
H1,2020.11.15 00:00:00,H1_HOUR_WITHOUT_M15_AFTER_REPAIR,Sat 2020-11-14 19:00,,,"2020.11.15 00:00:00,1887.920,1891.535,1887.778,1890.357,2038,0,0"
H1,2020.11.22 00:00:00,H1_HOUR_WITHOUT_M15_AFTER_REPAIR,Sat 2020-11-21 19:00,,,"2020.11.22 00:00:00,1870.778,1872.086,1870.128,1872.049,1224,0,0"
H1,2020.11.29 00:00:00,H1_HOUR_WITHOUT_M15_AFTER_REPAIR,Sat 2020-11-28 19:00,,,"2020.11.29 00:00:00,1789.439,1789.747,1785.301,1786.606,1472,0,0"
H1,2020.12.06 00:00:00,H1_HOUR_WITHOUT_M15_AFTER_REPAIR,Sat 2020-12-05 19:00,,,"2020.12.06 00:00:00,1836.608,1837.985,1832.954,1835.276,2197,0,0"
H1,2020.12.13 00:00:00,H1_HOUR_WITHOUT_M15_AFTER_REPAIR,Sat 2020-12-12 19:00,,,"2020.12.13 00:00:00,1837.111,1837.993,1835.841,1837.892,1730,0,0"
H1,2020.12.20 00:00:00,H1_HOUR_WITHOUT_M15_AFTER_REPAIR,Sat 2020-12-19 19:00,,,"2020.12.20 00:00:00,1882.823,1884.935,1882.445,1883.035,1957,0,0"
H1,2020.12.27 00:00:00,H1_HOUR_WITHOUT_M15_AFTER_REPAIR,Sat 2020-12-26 19:00,,,"2020.12.27 00:00:00,1888.893,1889.770,1885.718,1888.248,2548,0,0"
H1,2021.01.03 00:00:00,H1_HOUR_WITHOUT_M15_AFTER_REPAIR,Sat 2021-01-02 19:00,,,"2021.01.03 00:00:00,1909.308,1914.896,1907.729,1913.094,3729,0,0"
H1,2021.01.10 00:00:00,H1_HOUR_WITHOUT_M15_AFTER_REPAIR,Sat 2021-01-09 19:00,,,"2021.01.10 00:00:00,1855.038,1855.537,1841.553,1844.710,4879,0,0"
H1,2021.01.17 00:00:00,H1_HOUR_WITHOUT_M15_AFTER_REPAIR,Sat 2021-01-16 19:00,,,"2021.01.17 00:00:00,1827.947,1829.232,1802.438,1810.546,6811,0,0"
H1,2021.01.24 00:00:00,H1_HOUR_WITHOUT_M15_AFTER_REPAIR,Sat 2021-01-23 19:00,,,"2021.01.24 00:00:00,1858.206,1859.405,1856.571,1856.851,2042,0,0"
H1,2021.01.31 00:00:00,H1_HOUR_WITHOUT_M15_AFTER_REPAIR,Sat 2021-01-30 19:00,,,"2021.01.31 00:00:00,1855.282,1859.901,1851.596,1855.826,7043,0,0"
H1,2021.02.07 00:00:00,H1_HOUR_WITHOUT_M15_AFTER_REPAIR,Sat 2021-02-06 19:00,,,"2021.02.07 00:00:00,1817.259,1818.709,1815.763,1817.970,2411,0,0"
H1,2021.02.14 00:00:00,H1_HOUR_WITHOUT_M15_AFTER_REPAIR,Sat 2021-02-13 19:00,,,"2021.02.14 00:00:00,1824.898,1825.770,1820.100,1820.939,2478,0,0"
H1,2021.02.21 00:00:00,H1_HOUR_WITHOUT_M15_AFTER_REPAIR,Sat 2021-02-20 19:00,,,"2021.02.21 00:00:00,1786.332,1788.083,1781.291,1783.358,3526,0,0"
H1,2021.02.28 00:00:00,H1_HOUR_WITHOUT_M15_AFTER_REPAIR,Sat 2021-02-27 19:00,,,"2021.02.28 00:00:00,1737.958,1739.940,1735.286,1739.239,4219,0,0"
H1,2021.03.07 00:00:00,H1_HOUR_WITHOUT_M15_AFTER_REPAIR,Sat 2021-03-06 19:00,,,"2021.03.07 00:00:00,1706.301,1713.915,1706.268,1707.726,4831,0,0"
H1,2021.03.14 00:00:00,H1_HOUR_WITHOUT_M15_AFTER_REPAIR,Sat 2021-03-13 19:00,,,"2021.03.14 00:00:00,1728.251,1728.348,1724.244,1725.335,5273,0,0"
H1,2021.03.21 00:00:00,H1_HOUR_WITHOUT_M15_AFTER_REPAIR,Sat 2021-03-20 20:00,,,"2021.03.21 00:00:00,1743.714,1744.315,1737.981,1738.234,5917,0,0"
H1,2021.03.28 00:00:00,H1_HOUR_WITHOUT_M15_AFTER_REPAIR,Sat 2021-03-27 20:00,,,"2021.03.28 00:00:00,1731.377,1732.549,1730.611,1730.999,3554,0,0"
H1,2021.04.04 00:00:00,H1_HOUR_WITHOUT_M15_AFTER_REPAIR,Sat 2021-04-03 20:00,,,"2021.04.04 00:00:00,1728.462,1729.917,1726.908,1728.011,4911,0,0"
H1,2021.04.11 00:00:00,H1_HOUR_WITHOUT_M15_AFTER_REPAIR,Sat 2021-04-10 20:00,,,"2021.04.11 00:00:00,1742.481,1743.475,1740.490,1741.591,3757,0,0"
H1,2021.04.18 00:00:00,H1_HOUR_WITHOUT_M15_AFTER_REPAIR,Sat 2021-04-17 20:00,,,"2021.04.18 00:00:00,1775.640,1778.053,1774.762,1776.723,3628,0,0"
H1,2021.04.25 00:00:00,H1_HOUR_WITHOUT_M15_AFTER_REPAIR,Sat 2021-04-24 20:00,,,"2021.04.25 00:00:00,1775.596,1775.980,1773.860,1774.789,2870,0,0"
H1,2021.05.02 00:00:00,H1_HOUR_WITHOUT_M15_AFTER_REPAIR,Sat 2021-05-01 20:00,,,"2021.05.02 00:00:00,1767.058,1769.024,1766.046,1769.017,3250,0,0"
H1,2021.05.09 00:00:00,H1_HOUR_WITHOUT_M15_AFTER_REPAIR,Sat 2021-05-08 20:00,,,"2021.05.09 00:00:00,1832.896,1836.787,1831.996,1836.162,4185,0,0"
H1,2021.05.16 00:00:00,H1_HOUR_WITHOUT_M15_AFTER_REPAIR,Sat 2021-05-15 20:00,,,"2021.05.16 00:00:00,1843.784,1847.964,1843.784,1847.074,3875,0,0"
H1,2021.05.23 00:00:00,H1_HOUR_WITHOUT_M15_AFTER_REPAIR,Sat 2021-05-22 20:00,,,"2021.05.23 00:00:00,1880.985,1883.761,1880.148,1883.459,3008,0,0"
H1,2021.05.30 00:00:00,H1_HOUR_WITHOUT_M15_AFTER_REPAIR,Sat 2021-05-29 20:00,,,"2021.05.30 00:00:00,1903.805,1904.750,1903.214,1903.798,2406,0,0"
H1,2021.06.06 00:00:00,H1_HOUR_WITHOUT_M15_AFTER_REPAIR,Sat 2021-06-05 20:00,,,"2021.06.06 00:00:00,1889.994,1890.631,1888.646,1889.265,2273,0,0"
H1,2021.06.13 00:00:00,H1_HOUR_WITHOUT_M15_AFTER_REPAIR,Sat 2021-06-12 20:00,,,"2021.06.13 00:00:00,1876.160,1877.608,1873.194,1873.652,3778,0,0"
H1,2021.06.20 00:00:00,H1_HOUR_WITHOUT_M15_AFTER_REPAIR,Sat 2021-06-19 20:00,,,"2021.06.20 00:00:00,1768.728,1770.029,1767.355,1769.324,5065,0,0"
H1,2021.06.27 00:00:00,H1_HOUR_WITHOUT_M15_AFTER_REPAIR,Sat 2021-06-26 20:00,,,"2021.06.27 00:00:00,1781.264,1782.753,1780.545,1781.905,2843,0,0"
H1,2021.07.04 00:00:00,H1_HOUR_WITHOUT_M15_AFTER_REPAIR,Sat 2021-07-03 20:00,,,"2021.07.04 00:00:00,1787.277,1787.581,1785.461,1786.184,2611,0,0"
H1,2021.07.11 00:00:00,H1_HOUR_WITHOUT_M15_AFTER_REPAIR,Sat 2021-07-10 20:00,,,"2021.07.11 00:00:00,1808.049,1808.455,1806.301,1806.405,2546,0,0"
H1,2021.07.18 00:00:00,H1_HOUR_WITHOUT_M15_AFTER_REPAIR,Sat 2021-07-17 20:00,,,"2021.07.18 00:00:00,1811.224,1815.844,1810.351,1815.700,3327,0,0"
H1,2021.07.25 00:00:00,H1_HOUR_WITHOUT_M15_AFTER_REPAIR,Sat 2021-07-24 20:00,,,"2021.07.25 00:00:00,1802.274,1802.712,1800.053,1800.344,2119,0,0"
H1,2021.08.01 00:00:00,H1_HOUR_WITHOUT_M15_AFTER_REPAIR,Sat 2021-07-31 20:00,,,"2021.08.01 00:00:00,1814.431,1814.955,1812.009,1813.790,2616,0,0"
H1,2021.08.08 00:00:00,H1_HOUR_WITHOUT_M15_AFTER_REPAIR,Sat 2021-08-07 20:00,,,"2021.08.08 00:00:00,1761.426,1762.323,1686.784,1719.053,34651,0,0"
H1,2021.08.15 00:00:00,H1_HOUR_WITHOUT_M15_AFTER_REPAIR,Sat 2021-08-14 20:00,,,"2021.08.15 00:00:00,1779.017,1779.976,1778.408,1778.763,2836,0,0"
