candidate_id,year,control_signals,signals_allowed,signals_blocked,signal_allowed_percent,control_trades_allowed,control_trades_blocked,allowed_counterfactual_pnl,blocked_counterfactual_pnl,allowed_counterfactual_pf,blocked_counterfactual_pf,gated_run_trades,gated_run_pnl
control,2023,31,31,0,100.0,19,0,-174.79469205201264,0.0,0.5582590817764778,,19,-174.79469205201264
control,2024,368,368,0,100.0,239,0,1457.5253594268827,0.0,1.342762512370835,,239,1457.5253594268827
control,2025,362,362,0,100.0,251,0,-353.5991558650999,0.0,0.9226026937376081,,251,-353.5991558650999
control,2026,253,253,0,100.0,163,0,1074.1235975531877,0.0,1.3778242810469168,,163,1074.1235975531877
control,All,1014,1014,0,100.0,672,0,2003.2551090629574,0.0,1.1661139139438788,,672,2003.2551090629574
C1_ATR_P20,2023,31,24,7,77.41935483870968,15,4,-75.29606524544909,-99.49862680656352,0.7457900876350367,0.0,15,-75.92547977729555
C1_ATR_P20,2024,368,295,73,80.16304347826086,193,46,1343.9936698034237,113.53168962345859,1.3934476029637868,1.1357468497448675,197,1439.0634090058404
C1_ATR_P20,2025,362,210,152,58.011049723756905,144,107,-403.5045448271088,49.90538896200909,0.8548797736874078,1.0279091214933378,148,-210.34102988779836
C1_ATR_P20,2026,253,162,91,64.03162055335969,101,62,261.17639901653286,812.9471985366546,1.1355194203293288,1.887793995132622,105,369.89950968070576
C1_ATR_P20,All,1014,691,323,68.14595660749507,453,219,1126.3694587473985,876.8856503155587,1.1337755335230377,1.2409238470181294,465,1522.6964090214522
