candidate_id,period,spread_usd_per_btc,trades,long_trades,short_trades,wins,losses,win_rate_percent,profit_factor,average_r,net_pnl
control,development,0.0,258,160,98,77,181,29.844961240310074,1.2759756866568126,0.18818970236412427,1282.7306673748697
control,2025,0.0,251,123,128,60,191,23.904382470119522,0.9226026937376081,-0.05512403775920403,-353.5991558650999
control,2026,0.0,163,79,84,51,112,31.28834355828221,1.3778242810469168,0.259764348840817,1074.1235975531877
control,2025–2026,0.0,414,202,212,111,303,26.811594202898554,1.09721653707319,0.06885375696495882,720.5244416880878
control,development,10.0,258,160,98,77,181,29.844961240310074,1.2221153047872981,0.1556675337104184,1066.7444490970202
control,2025,10.0,251,123,128,60,191,23.904382470119522,0.8942562417123263,-0.07780214272233608,-494.16334363301576
control,2026,10.0,163,79,84,51,112,31.28834355828221,1.3199507995909803,0.2284923339078265,939.0211391607447
control,2025–2026,10.0,414,202,212,111,303,26.811594202898554,1.0584715440094212,0.04279205942915304,444.857795527729
control,development,20.0,258,160,98,77,181,29.844961240310074,1.1716159730406681,0.12314536505671239,850.7582308191709
control,2025,20.0,251,123,128,60,191,23.904382470119522,0.8671508627031191,-0.10048024768546812,-634.7275314009318
control,2026,20.0,163,79,84,51,112,31.28834355828221,1.265594388313039,0.19722031897483608,803.9186807683022
control,2025–2026,20.0,414,202,212,111,303,26.811594202898554,1.021678185083746,0.016730361893347315,169.19114936737054
control,development,30.0,258,160,98,77,181,29.844961240310074,1.1241726012081164,0.09062319640300645,634.7720125413211
control,2025,30.0,251,123,128,60,191,23.904382470119522,0.8412067971815081,-0.12315835264860014,-775.2917191688477
control,2026,30.0,163,79,84,51,112,31.28834355828221,1.2144438943286109,0.1659483040418456,668.8162223758595
control,2025–2026,30.0,414,202,212,111,303,26.811594202898554,0.98669262350899,-0.009331335642458456,-106.47549679298811
C1_ATR_P20,development,0.0,212,126,86,66,146,31.132075471698112,1.360757075331285,0.24528301886792447,1363.1379292285449
C1_ATR_P20,2025,0.0,148,61,87,35,113,23.64864864864865,0.9252824204624479,-0.05405405405405404,-210.34102988779836
C1_ATR_P20,2026,0.0,105,53,52,30,75,28.57142857142857,1.1904086963930076,0.14318504504584995,369.89950968070576
C1_ATR_P20,2025–2026,0.0,253,114,139,65,188,25.691699604743086,1.0335361283399773,0.027804070078317183,159.55847979290738
C1_ATR_P20,development,10.0,212,126,86,66,146,31.132075471698112,1.3106231104665662,0.21677359693073647,1207.407833045183
C1_ATR_P20,2025,10.0,148,61,87,35,113,23.64864864864865,0.905396342662896,-0.07041116089362347,-270.58863225705716
C1_ATR_P20,2026,10.0,105,53,52,30,75,28.57142857142857,1.1552199325583483,0.12055630426624071,308.39102733698536
C1_ATR_P20,2025–2026,10.0,253,114,139,65,188,25.691699604743086,1.007799076488963,0.008844111208296488,37.8023950799284
C1_ATR_P20,development,20.0,212,126,86,66,146,31.132075471698112,1.2632120116235637,0.18826417499354856,1051.6777368618207
C1_ATR_P20,2025,20.0,148,61,87,35,113,23.64864864864865,0.8861274737703406,-0.08676826773319286,-330.8362346263157
C1_ATR_P20,2026,20.0,105,53,52,30,75,28.57142857142857,1.1215607252880497,0.09792756348663162,246.88254499326518
C1_ATR_P20,2025–2026,20.0,253,114,139,65,188,25.691699604743086,0.9829924532108478,-0.010115847661724202,-83.95368963305043
C1_ATR_P20,development,30.0,212,126,86,66,146,31.132075471698112,1.2183078177743583,0.15975475305636053,895.9476406784582
C1_ATR_P20,2025,30.0,148,61,87,35,113,23.64864864864865,0.8674475182045316,-0.1031253745727623,-391.08383699557425
C1_ATR_P20,2026,30.0,105,53,52,30,75,28.57142857142857,1.0893334676505342,0.07529882270702237,185.37406264954475
C1_ATR_P20,2025–2026,30.0,253,114,139,65,188,25.691699604743086,0.9590666999679432,-0.029075806531744942,-205.70977434602958
