setup,cost_view,trades,profit_factor,average_r,net_pnl,worst_segment_dd_percent
A,zero_cost,672,1.1661139139438788,0.1146702360021384,2003.2551090629577,5.582815889916689
A,fixed_spread_$10,672,1.1217976366841913,0.0861281790192816,1511.6022446247491,5.878647675356221
A,fixed_spread_$20,672,1.0799207459291864,0.0575861220364249,1019.9493801865414,6.193652101505741
B,zero_cost,498,1.007101546295988,0.0081000477262868,65.59106393706031,6.101302242345277
B,fixed_spread_$10,498,0.9752869949831654,-0.0159363068639649,-233.75397680789547,6.73795099052272
B,fixed_spread_$20,498,0.944935299728675,-0.0399726614542167,-533.0990175528509,7.375478101221707
A+B,zero_cost,787,1.118770272594642,0.08049407132910369,1702.01332657693,9.74364479144715
A+B,fixed_spread_$10,787,1.0775246051312832,0.052663266913722764,1141.993245966059,10.498992920895379
A+B,fixed_spread_$20,787,1.038461944705023,0.024832462498341798,581.9731653551873,11.303160443411198
