server_hour,tick_count,minimum_spread_price,median_spread_price,mean_spread_price,p95_spread_price,maximum_spread_price
0,19615,10.0,10.0,10.0,10.0,10.0
1,21192,10.0,10.0,10.0,10.0,10.0
2,22790,10.0,10.0,10.0,10.0,10.0
3,19948,10.0,10.0,10.0,10.0,10.0
4,18303,10.0,10.0,10.0,10.0,10.0
5,19531,10.0,10.0,10.0,10.0,10.0
6,18101,10.0,10.0,10.0,10.0,10.0
7,17044,10.0,10.0,10.0,10.0,10.0
8,20339,10.0,10.0,10.0,10.0,10.0
9,20510,10.0,10.0,10.0,10.0,10.0
10,19260,10.0,10.0,10.0,10.0,10.0
11,20506,10.0,10.0,10.0,10.0,10.0
12,20973,10.0,10.0,10.0,10.0,10.0
13,31632,10.0,10.0,10.0,10.0,10.0
14,30475,10.0,10.0,10.0,10.0,10.0
15,24586,10.0,10.0,10.0,10.0,10.0
16,23046,10.0,10.0,10.0,10.0,10.0
17,23482,10.0,10.0,10.0,10.0,10.0
18,43106,10.0,10.0,10.0,10.0,10.0
19,26134,10.0,10.0,10.0,10.0,10.0
20,20542,10.0,10.0,10.0,10.0,10.0
21,21059,10.0,10.0,10.0,10.0,10.0
22,20072,10.0,10.0,10.0,10.0,10.0
23,19401,10.0,10.0,10.0,10.0,10.0
