page,bar,o,h,l,c,v
0,0,100.25,100.75,100.25,100.75,100
0,1,100.75,103.5,98.25,102,245
0,2,102,103.75,97.5,99,185
0,3,99,102.25,98.5,100.25,125
0,4,100.25,103.75,98,101.5,270
0,5,101.5,105.25,100.25,102.75,210
0,6,102.75,106.75,102.5,104,150
0,7,104,108.25,102,105.25,295
0,8,105.25,105.25,101.25,102.25,235
0,9,102.25,103.75,102.25,103.5,175
1,182,111,113.5,110.75,112.25,250
1,183,112.25,115,110.25,113.5,190
1,184,113.5,120,109.5,110.5,130
1,185,110.5,111.75,110.5,111.75,275
1,186,111.75,120,110,113,215
1,187,113,116.75,112.25,114.25,155
1,188,114.25,118.25,111.75,115.5,300
1,189,115.5,118.5,111,112.5,240
1,190,112.5,120,112,113.75,180
1,191,113.75,120,111.5,115,120
2,196,115.75,120,115.75,117,230
2,197,117,120,115.25,118.25,170
2,198,118.25,121.5,117.5,119.5,110
2,199,119.5,120,117,120.75,255
2,200,120.75,124.5,119.25,122,195
2,201,122,124.75,117.5,118,135
2,202,118,121.25,115.75,118.25,280
2,203,118.25,118.5,95,118.5,220
2,204,118.5,119,118.25,118.75,160
2,205,118.75,119.5,95,119,100
3,208,115.25,116.75,113.5,115.5,125
3,209,115.5,117.25,114.75,115.75,270
3,210,115.75,117.5,107.5,110,210
3,211,110,110,110,110,150
3,212,110,110,110,110,295
3,213,110,110,110,110,235
3,214,110,110,110,110,175
3,215,110,110,110,110,115
3,216,110,110,110,110,260
3,217,110,110,110,110,200
4,222,110,110.5,110,110.5,105
4,223,110.5,112.25,106,106.5,250
4,224,106.5,108.75,104.25,106.75,190
4,225,106.75,109.25,105.5,107,130
4,226,107,109.75,95,107.25,275
4,227,107.25,110.25,95,107.5,215
4,228,107.5,110.75,106.5,107.75,155
4,229,107.75,107.75,103.75,103.75,300
4,230,103.75,104.25,102,104,240
4,231,104,104.75,103.25,104.25,180
