page,bar,sma5,sma20,ema1,ema9,ema20,rma14,wma10,sma5_gappy,ema9_gappy,rma14_gappy,wma10_gappy
0,0,na,na,100.75,na,na,na,na,na,na,na,na
0,1,na,na,102,na,na,na,na,na,na,na,na
0,2,na,na,99,na,na,na,na,na,na,na,na
0,3,na,na,100.25,na,na,na,na,na,na,na,na
0,4,100.7,na,101.5,na,na,na,na,100.7,na,na,na
0,5,101.1,na,102.75,na,na,na,na,101.1,na,na,na
0,6,101.5,na,104,na,na,na,na,101.5,na,na,na
0,7,102.75,na,105.25,na,na,na,na,102.75,na,na,na
0,8,103.15,na,102.25,101.97222222,na,na,na,103.15,101.97222222,na,na
0,9,103.55,na,103.5,102.27777778,na,na,102.76363636,103.55,102.27777778,na,102.76363636
1,10,103.95,na,104.75,102.77222222,na,na,103.24090909,103.95,102.77222222,na,103.24090909
1,11,104.35,na,106,103.41777778,na,na,103.87272727,104.35,103.41777778,na,103.87272727
1,12,104.75,na,107.25,104.18422222,na,na,104.65909091,104.75,104.18422222,na,104.65909091
1,13,106,na,108.5,105.04737778,na,103.41071429,105.52272727,106,105.04737778,103.41071429,105.52272727
1,14,106.4,na,105.5,105.13790222,na,103.55994898,105.69090909,106.4,105.13790222,103.55994898,105.69090909
1,15,106.8,na,106.75,105.46032178,na,103.78780977,106.01363636,106.8,105.46032178,103.78780977,106.01363636
1,16,107.2,na,108,105.96825742,na,104.0886805,106.49090909,107.2,105.96825742,104.0886805,106.49090909
1,17,107.6,na,109.25,106.62460594,na,104.45734618,107.12272727,107.6,106.62460594,104.45734618,107.12272727
1,18,108,na,110.5,107.39968475,na,104.88896431,107.90909091,108,107.39968475,104.88896431,107.90909091
1,19,108.4,104.7625,107.5,107.4197478,104.7625,105.07546686,108,108.4,107.4197478,105.07546686,108
2,17,107.6,na,109.25,106.62460594,na,104.45734618,107.12272727,107.6,106.62460594,104.45734618,107.12272727
2,18,108,na,110.5,107.39968475,na,104.88896431,107.90909091,108,107.39968475,104.88896431,107.90909091
2,19,108.4,104.7625,107.5,107.4197478,104.7625,105.07546686,108,108.4,107.4197478,105.07546686,108
2,20,108.8,105.1625,108.75,107.68579824,105.1422619,105.33793351,108.24545455,108.4,na,na,na
2,21,109.2,105.5625,110,108.14863859,105.60490363,105.67093826,108.64545455,108.4,na,na,na
2,22,109.6,106.175,111.25,108.76891087,106.14253185,106.06944267,109.2,108.4,na,na,na
2,23,110,106.7875,112.5,109.5151287,106.74800501,106.52876819,109.90909091,109.55,108.43579824,105.60579065,108.77272727
2,24,111.25,107.4,113.75,110.36210296,107.41486168,107.04457046,110.77272727,110.7,109.49863859,106.18751989,109.77272727
2,25,111.65,107.8,110.75,110.43968237,107.7324939,107.309244,110.94090909,111,109.74891087,106.51341133,110.07727273
2,26,112.05,108.2,112,110.75174589,108.13892305,107.644298,111.26363636,111.3,110.1991287,106.90531052,110.53636364
3,150,104.3,109.3125,93,105.02422449,108.35993678,109.46704282,104.78181818,104.3,105.07640109,109.52667902,104.78181818
3,151,102.65,108.45,98.5,103.71937959,107.42089518,108.68368262,103.34090909,102.65,103.76112087,108.73905909,103.34090909
3,152,102.05,107.85,104,103.77550367,107.09509564,108.34913386,103.10454545,102.05,103.8088967,108.40055487,103.10454545
3,153,102.5,107.725,109.5,104.92040294,107.32413415,108.43133858,103.97727273,102.5,104.94711736,108.47908666,103.97727273
3,154,104,107.8625,115,106.93632235,108.055169,108.90052868,105.86363636,104,106.95769389,108.94486619,105.86363636
3,155,102.7,106.5625,86.5,102.84905788,106.00229576,107.30049092,102.40909091,102.7,102.86615511,107.34166146,102.40909091
3,156,101.4,105.525,92,100.6792463,104.66874378,106.20759871,100.31818182,101.4,100.69292409,106.2458285,100.31818182
3,157,100.1,104.75,97.5,100.04339704,103.98600628,105.58562738,99.49545455,100.1,100.05433927,105.62112646,99.49545455
3,158,98.8,104.45,103,100.63471763,103.89210092,105.40093971,99.84545455,100.1,na,na,na
3,159,97.5,104.4125,108.5,102.20777411,104.33094845,105.62230116,101.27272727,100.1,na,na,na
