page,bar,tp,ph33,pl33,ph21,pl13,ph11,pl11,ph22,pl22,ph22_h,pl22_l,ph33_h,pl33_l
0,0,3,na,na,na,na,na,na,na,na,na,na,na,na
0,1,5,na,na,na,na,na,na,na,na,na,na,na,na
0,2,5,na,na,na,na,na,na,na,na,na,na,na,na
0,3,2,na,na,5,na,5,na,na,na,na,na,na,na
0,4,6,na,na,na,na,na,2,na,na,na,97.5,na,na
0,5,6,na,na,na,na,na,na,na,2,na,na,na,na
0,6,6,na,2,na,2,na,na,na,na,na,na,na,na
0,7,1,na,na,6,na,6,na,na,na,na,na,na,na
0,8,4,na,na,na,na,na,1,6,na,na,na,na,na
0,9,7,na,na,na,na,na,na,na,1,108.25,na,na,na
1,10,2,na,1,7,1,7,na,na,na,na,101.25,108.25,na
1,11,7,na,na,na,na,na,2,na,na,na,na,na,na
1,12,3,na,na,7,na,7,na,na,2,na,na,na,na
1,13,9,na,na,na,2,na,3,na,na,na,na,na,na
1,14,1,na,na,9,na,9,na,na,na,na,na,na,na
1,15,1,na,na,na,na,na,na,9,na,na,na,na,na
1,16,9,na,na,na,na,na,1,na,na,na,na,na,na
1,17,2,na,na,9,na,9,na,na,1,na,103.25,na,na
1,18,4,na,1,na,1,na,2,9,na,na,na,na,103.25
1,19,8,9,na,na,na,na,na,na,na,na,na,na,na
2,16,9,na,na,na,na,na,1,na,na,na,na,na,na
2,17,2,na,na,9,na,9,na,na,1,na,103.25,na,na
2,18,4,na,1,na,1,na,2,9,na,na,na,na,103.25
2,19,8,9,na,na,na,na,na,na,na,na,na,na,na
2,20,3,na,na,8,2,8,na,na,na,na,na,na,na
2,21,4,na,na,na,na,na,3,8,na,113.25,106.5,na,na
2,22,8,na,na,na,na,na,na,na,3,na,na,113.25,na
2,23,1,na,na,8,na,8,na,na,na,na,na,na,na
2,24,3,na,na,na,na,na,1,8,na,na,na,na,na
2,25,5,8,na,na,na,na,na,na,1,na,na,na,na
3,184,9,na,na,na,na,na,1,na,na,na,na,na,na
3,185,2,na,na,9,na,9,na,na,1,na,na,na,na
3,186,4,na,1,na,1,na,2,9,na,na,109.5,na,na
3,187,8,9,na,na,na,na,na,na,na,na,na,na,na
3,188,3,na,na,8,2,8,na,na,na,120,na,na,na
3,189,4,na,na,na,na,na,3,8,na,na,na,120,na
3,190,8,na,na,na,na,na,na,na,3,na,na,na,na
3,191,1,na,na,8,na,8,na,na,na,na,111,na,na
3,192,3,na,na,na,na,na,1,8,na,na,na,na,na
3,193,5,8,na,na,na,na,na,na,1,120,na,na,na
4,200,4,na,na,na,na,na,1,6,na,na,na,na,na
4,201,7,na,na,na,na,na,na,na,1,na,na,na,na
4,202,2,na,1,7,1,7,na,na,na,na,na,na,na
4,203,7,na,na,na,na,na,2,na,na,124.75,na,na,na
4,204,3,na,na,7,na,7,na,na,2,na,na,124.75,na
4,205,9,na,na,na,2,na,3,na,na,na,na,na,na
4,206,1,na,na,9,na,9,na,na,na,na,na,na,na
4,207,1,na,na,na,na,na,na,9,na,na,95,na,na
4,208,9,na,na,na,na,na,1,na,na,119.75,na,na,95
4,209,2,na,na,9,na,9,na,na,1,na,na,119.75,na
