sample_id,timestamp_server,open,high,low,close,tick_count,spread_median,spread_mean,spread_max
s01,2026-08-01T12:00:00,63011.69,63058.39,63011.69,63033.81,831,10.0,10.0,10.0
s01,2026-08-01T12:15:00,63032.74,63044.77,63024.26,63030.57,811,10.0,10.0,10.0
s01,2026-08-01T12:30:00,63031.47,63039.14,63016.43,63032.12,832,10.0,10.0,10.0
s01,2026-08-01T12:45:00,63031.02,63044.91,63023.77,63032.87,833,10.0,10.0,10.0
s01,2026-08-01T13:00:00,63033.34,63045.13,63023.61,63035.02,807,10.0,10.0,10.0
s01,2026-08-01T13:15:00,63035.78,63036.07,63015.85,63026.25,793,10.0,10.0,10.0
s01,2026-08-01T13:30:00,63024.97,63032.37,63004.66,63009.24,805,10.0,10.0,10.0
s01,2026-08-01T13:45:00,63009.79,63014.37,62981.79,63004.35,833,10.0,10.0,10.0
s01,2026-08-01T14:00:00,63004.45,63067.31,62996.09,63021.9,853,10.0,10.0,10.0
s01,2026-08-01T14:15:00,63020.51,63056.67,63014.01,63046.9,806,10.0,10.0,10.0
s01,2026-08-01T14:30:00,63045.85,63054.43,63020.66,63047.83,810,10.0,10.0,10.0
s01,2026-08-01T14:45:00,63047.8,63060.71,63010.78,63056.4,827,10.0,10.0,10.0
s01,2026-08-01T15:00:00,63058.31,63063.15,63037.85,63040.95,815,10.0,10.0,10.0
s01,2026-08-01T15:15:00,63041.46,63047.38,62991.59,62996.42,731,10.0,10.0,10.0
s01,2026-08-01T15:30:00,62996.97,63003.42,62979.88,62983.63,708,10.0,10.0,10.0
s01,2026-08-01T15:45:00,62979.17,62989.98,62936.85,62936.85,772,10.0,10.0,10.0
s01,2026-08-01T16:00:00,62936.84,62947.64,62853.66,62878.38,915,10.0,10.0,10.0
s01,2026-08-01T16:15:00,62878.38,62903.71,62855.06,62885.38,813,10.0,10.0,10.0
s01,2026-08-01T16:30:00,62886.49,62960.17,62868.83,62902.3,849,10.0,10.0,10.0
s01,2026-08-01T16:45:00,62901.45,62905.86,62797.27,62866.04,864,10.0,10.0,10.0
s01,2026-08-01T17:00:00,62858.6,62930.02,62792.03,62831.85,903,10.0,10.0,10.0
s01,2026-08-01T17:15:00,62830.29,62831.79,62733.6,62776.31,981,10.0,10.0,10.0
s01,2026-08-01T17:30:00,62775.72,62787.97,62668.61,62750.19,1048,10.0,10.0,10.0
s01,2026-08-01T17:45:00,62750.22,62758.47,62590.55,62646.02,963,10.0,10.0,10.0
s01,2026-08-01T18:00:00,62646.82,62676.27,62549.76,62652.43,1027,10.0,10.0,10.0
s01,2026-08-01T18:15:00,62652.42,62652.42,62439.63,62510.69,1248,10.0,10.0,10.0
s01,2026-08-01T18:30:00,62506.55,62506.55,62192.27,62318.72,1806,10.0,10.0,10.0
s01,2026-08-01T18:45:00,62322.25,62528.96,62214.59,62520.34,1561,10.0,10.0,10.0
s01,2026-08-01T19:00:00,62519.59,62569.4,62453.99,62487.64,1172,10.0,10.0,10.0
s01,2026-08-01T19:15:00,62486.25,62561.68,62425.15,62487.53,991,10.0,10.0,10.0
s01,2026-08-01T19:30:00,62487.32,62534.09,62394.31,62411.84,1014,10.0,10.0,10.0
s01,2026-08-01T19:45:00,62408.65,62487.46,62407.35,62467.83,888,10.0,10.0,10.0
s01,2026-08-01T20:00:00,62466.48,62514.91,62423.92,62499.42,948,10.0,10.0,10.0
s01,2026-08-01T20:15:00,62499.86,62589.49,62494.53,62558.98,991,10.0,10.0,10.0
s01,2026-08-01T20:30:00,62558.95,62569.22,62491.8,62533.98,939,10.0,10.0,10.0
s01,2026-08-01T20:45:00,62531.22,62614.95,62518.66,62608.01,890,10.0,10.0,10.0
s01,2026-08-01T21:00:00,62608.02,62750.86,62598.1,62687.04,1072,10.0,10.0,10.0
s01,2026-08-01T21:15:00,62687.06,62741.61,62681.74,62733.67,912,10.0,10.0,10.0
s01,2026-08-01T21:30:00,62733.65,62819.35,62696.22,62729.36,1112,10.0,10.0,10.0
s01,2026-08-01T21:45:00,62728.87,62772.03,62716.23,62754.7,945,10.0,10.0,10.0
s01,2026-08-01T22:00:00,62756.17,62813.6,62725.21,62794.79,919,10.0,10.0,10.0
s01,2026-08-01T22:15:00,62792.06,62812.66,62759.83,62789.91,800,10.0,10.0,10.0
s01,2026-08-01T22:30:00,62789.27,62799.07,62757.89,62786.68,777,10.0,10.0,10.0
s01,2026-08-01T22:45:00,62788.49,62794.49,62763.57,62770.24,793,10.0,10.0,10.0
s01,2026-08-01T23:00:00,62770.22,62800.07,62735.36,62746.84,842,10.0,10.0,10.0
s01,2026-08-01T23:15:00,62746.16,62751.0,62698.06,62714.54,850,10.0,10.0,10.0
s01,2026-08-01T23:30:00,62711.84,62780.34,62707.5,62759.37,875,10.0,10.0,10.0
s01,2026-08-01T23:45:00,62757.75,62781.16,62743.1,62756.79,831,10.0,10.0,10.0
s01,2026-08-02T00:00:00,62758.0,62915.41,62757.14,62869.76,987,10.0,10.0,10.0
s01,2026-08-02T00:15:00,62867.58,62881.01,62812.01,62824.53,836,10.0,10.0,10.0
s01,2026-08-02T00:30:00,62824.53,62853.26,62780.15,62781.62,841,10.0,10.0,10.0
s01,2026-08-02T00:45:00,62788.8,62803.94,62739.53,62768.34,855,10.0,10.0,10.0
s01,2026-08-02T01:00:00,62770.82,62960.92,62770.82,62941.24,872,10.0,10.0,10.0
s01,2026-08-02T01:15:00,62936.96,63029.45,62901.97,62912.06,935,10.0,10.0,10.0
s01,2026-08-02T01:30:00,62911.63,62961.15,62901.47,62943.83,823,10.0,10.0,10.0
s01,2026-08-02T01:45:00,62946.34,62946.79,62911.67,62917.4,863,10.0,10.0,10.0
s01,2026-08-02T02:00:00,62915.4,63485.6,62879.55,63393.93,2044,10.0,10.0,10.0
s01,2026-08-02T02:15:00,63393.15,63491.0,63322.73,63334.28,1535,10.0,10.0,10.0
s01,2026-08-02T02:30:00,63338.92,63398.07,63255.76,63318.95,1161,10.0,10.0,10.0
s01,2026-08-02T02:45:00,63318.35,63420.94,63269.93,63385.64,1021,10.0,10.0,10.0
s01,2026-08-02T03:00:00,63381.76,63392.43,63307.12,63345.04,1021,10.0,10.0,10.0
s01,2026-08-02T03:15:00,63341.96,63485.27,63299.26,63375.74,1023,10.0,10.0,10.0
s01,2026-08-02T03:30:00,63376.14,63431.09,63375.63,63426.23,863,10.0,10.0,10.0
s01,2026-08-02T03:45:00,63424.85,63437.93,63355.12,63390.82,864,10.0,10.0,10.0
s01,2026-08-02T04:00:00,63389.48,63488.02,63389.48,63467.66,855,10.0,10.0,10.0
s01,2026-08-02T04:15:00,63466.71,63494.52,63438.2,63466.81,875,10.0,10.0,10.0
s01,2026-08-02T04:30:00,63466.83,63492.12,63445.3,63453.73,857,10.0,10.0,10.0
s01,2026-08-02T04:45:00,63451.98,63547.51,63450.7,63506.89,842,10.0,10.0,10.0
s01,2026-08-02T05:00:00,63506.03,63575.74,63386.73,63410.76,948,10.0,10.0,10.0
s01,2026-08-02T05:15:00,63411.41,63432.12,63375.83,63425.76,887,10.0,10.0,10.0
s01,2026-08-02T05:30:00,63423.34,63426.95,63339.84,63352.64,953,10.0,10.0,10.0
s01,2026-08-02T05:45:00,63355.27,63390.61,63348.96,63384.23,829,10.0,10.0,10.0
s01,2026-08-02T06:00:00,63384.83,63419.58,63369.93,63369.93,832,10.0,10.0,10.0
s01,2026-08-02T06:15:00,63369.91,63427.38,63355.03,63419.95,795,10.0,10.0,10.0
s01,2026-08-02T06:30:00,63419.9,63438.25,63386.42,63426.68,866,10.0,10.0,10.0
s01,2026-08-02T06:45:00,63426.68,63433.3,63409.51,63416.03,830,10.0,10.0,10.0
s01,2026-08-02T07:00:00,63414.93,63426.34,63397.55,63419.11,843,10.0,10.0,10.0
s01,2026-08-02T07:15:00,63416.67,63427.4,63403.99,63410.17,809,10.0,10.0,10.0
s01,2026-08-02T07:30:00,63410.98,63468.95,63406.88,63462.35,851,10.0,10.0,10.0
s01,2026-08-02T07:45:00,63464.11,63467.43,63398.91,63426.44,817,10.0,10.0,10.0
s01,2026-08-02T08:00:00,63427.4,63465.57,63411.31,63424.21,887,10.0,10.0,10.0
s01,2026-08-02T08:15:00,63420.36,63425.82,63312.41,63319.21,896,10.0,10.0,10.0
s01,2026-08-02T08:30:00,63319.23,63327.02,63133.62,63156.64,1022,10.0,10.0,10.0
s01,2026-08-02T08:45:00,63160.6,63175.95,63095.57,63128.1,848,10.0,10.0,10.0
s01,2026-08-02T09:00:00,63128.06,63220.4,63018.52,63195.55,1004,10.0,10.0,10.0
s01,2026-08-02T09:15:00,63200.08,63249.03,63158.85,63163.44,929,10.0,10.0,10.0
s01,2026-08-02T09:30:00,63165.41,63259.79,63157.42,63196.35,917,10.0,10.0,10.0
s01,2026-08-02T09:45:00,63196.3,63216.33,63179.13,63202.85,862,10.0,10.0,10.0
s01,2026-08-02T10:00:00,63202.52,63205.34,63127.98,63137.62,882,10.0,10.0,10.0
s01,2026-08-02T10:15:00,63137.64,63209.72,63043.45,63073.1,982,10.0,10.0,10.0
s01,2026-08-02T10:30:00,63073.07,63146.28,63073.07,63136.85,853,10.0,10.0,10.0
s01,2026-08-02T10:45:00,63136.44,63145.99,63117.89,63138.26,789,10.0,10.0,10.0
s01,2026-08-02T11:00:00,63136.23,63141.56,63065.92,63101.9,853,10.0,10.0,10.0
s01,2026-08-02T11:15:00,63097.12,63146.0,63045.61,63088.1,913,10.0,10.0,10.0
s01,2026-08-02T11:30:00,63085.75,63116.67,63023.59,63056.6,1012,10.0,10.0,10.0
s01,2026-08-02T11:45:00,63054.64,63103.85,62919.34,62969.5,1108,10.0,10.0,10.0
