kind,timestamp,difference,binance_open,binance_high,binance_low,binance_close,exness_open,exness_high,exness_low,exness_close,pair,timeframe
largest_close_difference,2026-01-30T18:15:00+00:00,63.350000000000364,4863.16,4875.0,4770.35,4815.74,4808.567,4818.314,4693.457,4742.656,XAU,15m
largest_close_difference,2026-01-30T18:00:00+00:00,45.233000000000175,4903.7,4936.79,4845.0,4863.25,4849.886,4890.146,4786.649,4808.61,XAU,15m
largest_close_difference,2026-01-30T17:45:00+00:00,45.15799999999945,4910.25,4933.58,4864.71,4904.15,4859.763,4879.115,4801.145,4849.92,XAU,15m
largest_close_difference,2026-01-30T17:30:00+00:00,42.542999999999665,4960.3,4960.3,4886.68,4911.05,4925.955,4925.997,4838.814,4859.693,XAU,15m
largest_close_difference,2026-02-02T06:30:00+00:00,40.7529999999997,4517.8,4532.28,4444.0,4499.09,4486.672,4501.014,4402.001,4452.858,XAU,15m
largest_close_difference,2026-01-29T15:30:00+00:00,35.39100000000053,5218.55,5269.56,5140.71,5162.37,5191.405,5257.786,5105.147,5121.936,XAU,15m
largest_close_difference,2026-02-02T01:00:00+00:00,27.184000000000196,4778.28,4800.79,4623.05,4679.06,4766.877,4784.84,4585.266,4643.433,XAU,15m
largest_close_difference,2026-01-30T18:30:00+00:00,26.015000000000327,4815.61,4842.85,4740.9,4816.23,4742.628,4785.68,4682.526,4780.481,XAU,15m
largest_close_difference,2026-02-02T06:15:00+00:00,25.632000000000517,4554.91,4567.49,4471.0,4517.8,4535.57,4549.853,4433.482,4486.643,XAU,15m
largest_close_difference,2026-01-30T17:15:00+00:00,25.515000000001237,4939.29,4968.63,4920.41,4960.31,4914.874,4940.545,4899.316,4925.99,XAU,15m
largest_high_difference,2026-01-28T23:30:00+00:00,51.582000000000335,5491.57,5625.34,5490.0,5530.81,5490.368,5570.018,5489.354,5532.081,XAU,15m
largest_high_difference,2026-01-30T18:30:00+00:00,49.73100000000068,4815.61,4842.85,4740.9,4816.23,4742.628,4785.68,4682.526,4780.481,XAU,15m
largest_high_difference,2026-01-30T18:15:00+00:00,49.44599999999991,4863.16,4875.0,4770.35,4815.74,4808.567,4818.314,4693.457,4742.656,XAU,15m
largest_high_difference,2026-01-30T17:45:00+00:00,47.44499999999971,4910.25,4933.58,4864.71,4904.15,4859.763,4879.115,4801.145,4849.92,XAU,15m
largest_high_difference,2026-02-01T23:00:00+00:00,42.327000000000226,4849.3,4868.98,4703.34,4770.55,4793.519,4819.788,4712.969,4741.669,XAU,15m
largest_high_difference,2026-01-30T18:00:00+00:00,39.40400000000045,4903.7,4936.79,4845.0,4863.25,4849.886,4890.146,4786.649,4808.61,XAU,15m
largest_high_difference,2026-04-12T22:00:00+00:00,27.86999999999989,4711.89,4711.89,4648.0,4678.31,4670.253,4685.152,4666.676,4676.816,XAU,15m
largest_high_difference,2026-01-30T17:30:00+00:00,27.282999999999447,4960.3,4960.3,4886.68,4911.05,4925.955,4925.997,4838.814,4859.693,XAU,15m
largest_high_difference,2026-02-02T06:30:00+00:00,25.747999999999593,4517.8,4532.28,4444.0,4499.09,4486.672,4501.014,4402.001,4452.858,XAU,15m
largest_high_difference,2026-08-25T19:15:00+00:00,23.3199999999988,4664.34,4694.53,4663.14,4664.63,4662.069,4668.264,4659.825,4660.743,XAU,15m
largest_low_difference,2026-02-02T02:30:00+00:00,-73.22000000000025,4746.88,4775.4,4671.32,4764.97,4738.252,4773.092,4735.613,4764.663,XAU,15m
largest_low_difference,2026-01-30T18:15:00+00:00,66.71299999999974,4863.16,4875.0,4770.35,4815.74,4808.567,4818.314,4693.457,4742.656,XAU,15m
largest_low_difference,2026-01-30T17:45:00+00:00,53.63000000000011,4910.25,4933.58,4864.71,4904.15,4859.763,4879.115,4801.145,4849.92,XAU,15m
largest_low_difference,2026-01-30T18:00:00+00:00,48.26900000000023,4903.7,4936.79,4845.0,4863.25,4849.886,4890.146,4786.649,4808.61,XAU,15m
largest_low_difference,2026-01-30T18:30:00+00:00,48.039999999999964,4815.61,4842.85,4740.9,4816.23,4742.628,4785.68,4682.526,4780.481,XAU,15m
largest_low_difference,2026-01-18T23:00:00+00:00,-46.608000000000175,4609.94,4665.0,4609.94,4654.84,4655.358,4658.855,4653.824,4654.378,XAU,15m
largest_low_difference,2026-01-30T17:30:00+00:00,38.1190000000006,4960.3,4960.3,4886.68,4911.05,4925.955,4925.997,4838.814,4859.693,XAU,15m
largest_low_difference,2026-02-02T06:30:00+00:00,34.99799999999959,4517.8,4532.28,4444.0,4499.09,4486.672,4501.014,4402.001,4452.858,XAU,15m
largest_low_difference,2026-01-29T15:45:00+00:00,34.75799999999981,5162.37,5238.26,5156.48,5207.36,5121.695,5211.006,5117.03,5182.906,XAU,15m
largest_low_difference,2026-01-29T15:30:00+00:00,30.871000000000095,5218.55,5269.56,5140.71,5162.37,5191.405,5257.786,5105.147,5121.936,XAU,15m
opposite_direction_min_body_pct,2026-03-01T23:00:00+00:00,0.5430680342993894,5368.77,5373.59,5303.35,5329.48,5319.272,5357.668,5314.681,5348.317,XAU,15m
opposite_direction_min_body_pct,2026-02-12T23:00:00+00:00,0.3504030062239855,4929.6,4930.87,4887.0,4909.36,4893.14,4910.984,4887.646,4910.346,XAU,15m
opposite_direction_min_body_pct,2026-02-08T23:00:00+00:00,0.23999996786880232,4990.22,4995.81,4963.0,4974.6,4967.633,4990.61,4964.715,4979.584,XAU,15m
opposite_direction_min_body_pct,2026-08-30T22:00:00+00:00,0.21635568336815753,4474.53,4474.53,4454.33,4464.87,4439.04,4459.428,4438.975,4458.786,XAU,15m
opposite_direction_min_body_pct,2026-03-02T00:00:00+00:00,0.1952141924717054,5364.82,5388.0,5348.75,5375.37,5386.641,5388.158,5364.064,5376.146,XAU,15m
opposite_direction_min_body_pct,2026-04-07T22:00:00+00:00,0.1838501000398092,4714.28,4748.86,4713.72,4732.16,4740.816,4752.114,4731.312,4732.116,XAU,15m
opposite_direction_min_body_pct,2026-02-05T23:00:00+00:00,0.14864886403577762,4778.54,4793.36,4762.2,4771.28,4761.196,4781.944,4759.434,4768.284,XAU,15m
opposite_direction_min_body_pct,2026-07-22T22:00:00+00:00,0.14067801419195206,4135.62,4135.62,4108.03,4126.57,4117.8,4125.573,4116.127,4123.601,XAU,15m
opposite_direction_min_body_pct,2026-04-12T22:00:00+00:00,0.14033051546180356,4711.89,4711.89,4648.0,4678.31,4670.253,4685.152,4666.676,4676.816,XAU,15m
opposite_direction_min_body_pct,2026-01-08T23:00:00+00:00,0.11218453685888741,4469.75,4477.16,4469.75,4474.77,4482.004,4484.175,4475.273,4476.937,XAU,15m
binance_only_breakout_close_20,2026-02-01T23:00:00+00:00,20.308000000000902,4849.3,4868.98,4703.34,4770.55,4793.519,4819.788,4712.969,4741.669,XAU,15m
binance_only_breakout_close_20,2026-02-08T23:30:00+00:00,-7.190000000000509,5014.76,5034.76,5010.3,5031.88,5024.292,5043.381,5019.83,5040.83,XAU,15m
binance_only_breakout_close_20,2026-01-28T23:30:00+00:00,-3.821999999999207,5491.57,5625.34,5490.0,5530.81,5490.368,5570.018,5489.354,5532.081,XAU,15m
binance_only_breakout_close_20,2026-03-12T17:45:00+00:00,3.5380000000004657,5113.04,5114.84,5105.0,5108.2,5110.403,5112.212,5102.193,5105.382,XAU,15m
binance_only_breakout_close_20,2026-02-08T23:00:00+00:00,-3.22400000000016,4990.22,4995.81,4963.0,4974.6,4967.633,4990.61,4964.715,4979.584,XAU,15m
binance_only_breakout_close_20,2026-01-05T03:00:00+00:00,3.027999999999338,4403.29,4412.5,4403.28,4412.0,4405.379,4414.105,4405.347,4410.694,XAU,15m
binance_only_breakout_close_20,2026-01-08T05:00:00+00:00,2.9290000000000873,4434.0,4435.91,4430.0,4431.89,4431.524,4432.409,4425.786,4427.3,XAU,15m
binance_only_breakout_close_20,2026-01-14T23:15:00+00:00,2.872999999998683,4621.82,4623.83,4612.02,4614.54,4616.765,4618.598,4605.512,4609.136,XAU,15m
binance_only_breakout_close_20,2026-01-23T14:30:00+00:00,2.6200000000008004,4942.03,4951.96,4934.34,4950.88,4939.895,4949.776,4932.804,4947.061,XAU,15m
binance_only_breakout_close_20,2026-01-19T16:45:00+00:00,2.405999999999949,4675.0,4675.55,4673.8,4675.35,4673.144,4673.721,4671.557,4672.183,XAU,15m
exness_only_breakout_close_20,2026-03-01T23:30:00+00:00,-19.79699999999957,5333.5,5372.97,5331.4,5362.61,5355.406,5393.473,5353.65,5381.98,XAU,15m
exness_only_breakout_close_20,2026-01-25T23:45:00+00:00,-19.765000000000327,5016.59,5025.42,5016.04,5022.15,5025.385,5040.296,5025.133,5039.789,XAU,15m
exness_only_breakout_close_20,2026-04-05T22:00:00+00:00,5.886999999999716,4647.1,4664.38,4618.5,4634.15,4662.786,4662.786,4614.153,4630.295,XAU,15m
exness_only_breakout_close_20,2026-01-28T06:45:00+00:00,-5.352000000000771,5260.86,5268.7,5257.1,5266.24,5261.731,5271.375,5257.234,5269.85,XAU,15m
exness_only_breakout_close_20,2026-01-28T01:00:00+00:00,-5.058999999999287,5172.84,5199.98,5168.23,5187.1,5171.877,5202.344,5168.73,5190.731,XAU,15m
exness_only_breakout_close_20,2026-03-13T15:45:00+00:00,4.420000000000073,5051.02,5060.67,5034.01,5040.09,5046.442,5057.234,5031.64,5034.814,XAU,15m
exness_only_breakout_close_20,2026-01-20T07:15:00+00:00,-4.306999999999789,4712.42,4718.99,4711.67,4714.64,4715.468,4722.387,4714.817,4718.143,XAU,15m
exness_only_breakout_close_20,2026-01-02T05:45:00+00:00,-4.221999999999753,4376.03,4379.67,4376.03,4377.5,4378.731,4381.777,4378.381,4380.664,XAU,15m
exness_only_breakout_close_20,2026-03-09T00:00:00+00:00,3.997999999998683,5078.44,5082.25,5032.03,5040.74,5075.946,5080.48,5028.284,5036.265,XAU,15m
exness_only_breakout_close_20,2026-04-07T11:00:00+00:00,3.91399999999976,4654.8,4659.06,4634.07,4639.96,4652.108,4656.222,4628.606,4635.755,XAU,15m
largest_close_difference,2026-01-30T18:00:00+00:00,64.29600000000028,4903.7,4936.79,4770.35,4815.74,4849.886,4890.146,4693.457,4742.656,XAU,30m
largest_close_difference,2026-01-30T17:30:00+00:00,45.70600000000013,4960.3,4960.3,4864.71,4904.15,4925.955,4925.997,4801.145,4849.92,XAU,30m
largest_close_difference,2026-01-30T17:00:00+00:00,25.94800000000123,4997.85,4997.85,4920.41,4960.31,4985.286,4986.077,4899.316,4925.99,XAU,30m
largest_close_difference,2026-02-02T06:00:00+00:00,25.677999999999884,4570.92,4587.48,4471.0,4517.8,4549.34,4573.562,4433.482,4486.643,XAU,30m
largest_close_difference,2026-03-01T23:00:00+00:00,-22.541000000000167,5368.77,5373.59,5303.35,5333.5,5319.272,5358.696,5314.681,5355.495,XAU,30m
largest_close_difference,2026-03-01T23:30:00+00:00,-22.537000000000262,5333.5,5372.97,5331.4,5364.82,5355.406,5393.473,5353.65,5386.916,XAU,30m
largest_close_difference,2026-01-29T15:00:00+00:00,22.3179999999993,5503.79,5504.06,5112.55,5219.15,5497.334,5497.334,5094.978,5191.366,XAU,30m
largest_close_difference,2026-02-01T23:00:00+00:00,20.89299999999912,4849.3,4868.98,4703.34,4756.61,4793.519,4819.788,4697.912,4727.462,XAU,30m
largest_close_difference,2026-01-25T23:30:00+00:00,-19.73700000000008,5012.63,5025.5,5012.62,5022.15,5018.596,5040.296,5016.566,5039.789,XAU,30m
largest_close_difference,2026-02-01T23:30:00+00:00,19.18499999999949,4756.6,4814.28,4737.18,4768.5,4727.377,4788.746,4715.245,4741.06,XAU,30m
largest_high_difference,2026-01-28T23:30:00+00:00,51.23099999999977,5491.57,5625.34,5487.23,5520.0,5490.368,5570.018,5484.208,5513.022,XAU,30m
largest_high_difference,2026-02-01T23:00:00+00:00,43.628999999999905,4849.3,4868.98,4703.34,4756.61,4793.519,4819.788,4697.912,4727.462,XAU,30m
largest_high_difference,2026-01-30T18:00:00+00:00,39.90599999999995,4903.7,4936.79,4770.35,4815.74,4849.886,4890.146,4693.457,4742.656,XAU,30m
largest_high_difference,2026-04-12T22:00:00+00:00,27.871000000001004,4711.89,4711.89,4647.18,4651.15,4670.253,4685.152,4644.273,4647.605,XAU,30m
largest_high_difference,2026-01-30T17:30:00+00:00,27.5649999999996,4960.3,4960.3,4864.71,4904.15,4925.955,4925.997,4801.145,4849.92,XAU,30m
largest_high_difference,2026-08-25T19:00:00+00:00,23.28599999999915,4656.67,4694.53,4655.53,4664.63,4654.365,4668.264,4653.207,4660.743,XAU,30m
largest_high_difference,2026-05-10T22:00:00+00:00,21.46900000000096,4714.06,4719.8,4682.0,4697.26,4691.841,4696.288,4678.931,4694.432,XAU,30m
largest_high_difference,2026-03-01T23:30:00+00:00,-21.34899999999925,5333.5,5372.97,5331.4,5364.82,5355.406,5393.473,5353.65,5386.916,XAU,30m
largest_high_difference,2026-02-01T23:30:00+00:00,19.97099999999955,4756.6,4814.28,4737.18,4768.5,4727.377,4788.746,4715.245,4741.06,XAU,30m
largest_high_difference,2025-12-23T00:00:00+00:00,16.452000000000226,4463.81,4488.0,4463.13,4480.0,4460.236,4468.668,4458.033,4468.172,XAU,30m
largest_low_difference,2026-01-30T18:00:00+00:00,65.47099999999955,4903.7,4936.79,4770.35,4815.74,4849.886,4890.146,4693.457,4742.656,XAU,30m
largest_low_difference,2026-01-30T17:30:00+00:00,52.18199999999979,4960.3,4960.3,4864.71,4904.15,4925.955,4925.997,4801.145,4849.92,XAU,30m
largest_low_difference,2026-01-18T23:00:00+00:00,-47.18499999999949,4609.94,4684.96,4609.94,4679.66,4655.358,4684.375,4653.824,4678.604,XAU,30m
largest_low_difference,2026-01-30T18:30:00+00:00,46.891999999999825,4815.61,4900.0,4740.9,4888.21,4742.628,4894.437,4682.526,4880.538,XAU,30m
largest_low_difference,2026-02-02T02:30:00+00:00,-37.06500000000051,4746.88,4775.4,4671.32,4708.05,4738.252,4773.092,4698.051,4711.079,XAU,30m
largest_low_difference,2026-02-02T06:30:00+00:00,34.89400000000023,4517.8,4537.0,4444.0,4522.03,4486.672,4523.373,4402.001,4503.755,XAU,30m
largest_low_difference,2026-01-29T15:30:00+00:00,30.980000000000473,5218.55,5269.56,5140.71,5207.36,5191.405,5257.786,5105.147,5182.906,XAU,30m
largest_low_difference,2026-02-02T06:00:00+00:00,30.054000000000087,4570.92,4587.48,4471.0,4517.8,4549.34,4573.562,4433.482,4486.643,XAU,30m
largest_low_difference,2026-02-02T01:00:00+00:00,26.40100000000075,4778.28,4800.79,4623.05,4721.2,4766.877,4784.84,4585.266,4696.766,XAU,30m
largest_low_difference,2026-01-26T23:00:00+00:00,-25.89599999999973,4995.1,5045.99,4995.1,5040.05,5029.858,5049.971,5018.936,5045.264,XAU,30m
opposite_direction_min_body_pct,2026-03-01T23:00:00+00:00,0.6612918346301759,5368.77,5373.59,5303.35,5333.5,5319.272,5358.696,5314.681,5355.495,XAU,30m
opposite_direction_min_body_pct,2026-02-12T23:00:00+00:00,0.2240484042142333,4929.6,4930.87,4887.0,4918.58,4893.14,4928.383,4887.646,4920.184,XAU,30m
opposite_direction_min_body_pct,2026-08-30T22:00:00+00:00,0.2044609665427534,4474.53,4474.53,4454.33,4465.4,4439.04,4466.126,4438.975,4459.672,XAU,30m
opposite_direction_min_body_pct,2026-02-17T23:00:00+00:00,0.20145837005217684,4889.25,4890.14,4863.62,4879.42,4863.153,4884.656,4860.045,4877.375,XAU,30m
opposite_direction_min_body_pct,2026-03-31T22:00:00+00:00,0.1499580074795079,4662.01,4683.49,4660.96,4671.99,4681.652,4686.532,4662.98,4674.642,XAU,30m
opposite_direction_min_body_pct,2025-12-28T23:00:00+00:00,0.1406723654751782,4536.08,4547.0,4536.0,4542.47,4546.214,4548.5,4523.347,4536.184,XAU,30m
opposite_direction_min_body_pct,2026-01-05T23:00:00+00:00,0.1324357730331531,4438.58,4453.0,4438.57,4447.44,4454.841,4460.29,4448.621,4448.949,XAU,30m
opposite_direction_min_body_pct,2025-12-29T23:00:00+00:00,0.12481087425992184,4333.34,4352.63,4330.0,4338.94,4339.166,4347.18,4323.343,4333.757,XAU,30m
opposite_direction_min_body_pct,2026-07-26T22:00:00+00:00,0.12315430649786155,4079.71,4100.0,4079.3,4091.36,4091.776,4096.553,4083.688,4086.743,XAU,30m
opposite_direction_min_body_pct,2026-04-07T22:00:00+00:00,0.11908741742917157,4714.28,4748.86,4713.72,4734.88,4740.816,4752.114,4725.479,4735.177,XAU,30m
binance_only_breakout_close_20,2026-02-01T23:00:00+00:00,20.89299999999912,4849.3,4868.98,4703.34,4756.61,4793.519,4819.788,4697.912,4727.462,XAU,30m
binance_only_breakout_close_20,2026-04-05T23:00:00+00:00,7.639000000000124,4647.86,4652.55,4614.5,4615.17,4645.542,4651.266,4609.157,4609.844,XAU,30m
binance_only_breakout_close_20,2026-02-22T23:30:00+00:00,-6.306999999999789,5142.15,5168.88,5139.75,5161.71,5146.124,5171.868,5144.339,5165.373,XAU,30m
binance_only_breakout_close_20,2026-01-12T00:00:00+00:00,-4.507000000000517,4536.82,4560.0,4532.83,4557.88,4540.01,4565.973,4536.272,4564.608,XAU,30m
binance_only_breakout_close_20,2026-04-06T00:00:00+00:00,4.454000000000633,4616.62,4632.18,4601.5,4605.38,4610.685,4629.371,4600.586,4603.239,XAU,30m
binance_only_breakout_close_20,2026-01-30T02:00:00+00:00,4.334999999999127,5307.07,5317.28,5133.8,5182.4,5301.612,5312.884,5112.046,5172.028,XAU,30m
binance_only_breakout_close_20,2026-01-26T21:30:00+00:00,3.946999999999207,5023.82,5025.54,4994.88,5015.25,5020.587,5020.996,4989.632,5009.206,XAU,30m
binance_only_breakout_close_20,2026-05-03T22:00:00+00:00,-3.136000000000422,4643.52,4643.52,4613.01,4620.12,4625.982,4627.096,4612.551,4620.598,XAU,30m
binance_only_breakout_close_20,2026-03-08T23:30:00+00:00,2.9089999999996508,5108.48,5108.88,5040.0,5078.19,5104.384,5105.213,5044.18,5075.447,XAU,30m
binance_only_breakout_close_20,2026-01-27T05:30:00+00:00,-2.0529999999998836,5066.35,5082.24,5062.0,5081.75,5064.473,5085.261,5060.038,5082.944,XAU,30m
exness_only_breakout_close_20,2026-01-25T23:00:00+00:00,-7.987999999999374,5045.58,5045.58,5007.2,5012.64,5019.847,5031.133,5003.575,5018.53,XAU,30m
exness_only_breakout_close_20,2026-02-02T12:30:00+00:00,-6.311000000000604,4781.64,4815.36,4772.7,4793.15,4777.94,4812.462,4770.267,4794.221,XAU,30m
exness_only_breakout_close_20,2026-01-29T06:00:00+00:00,5.045999999999367,5564.7,5604.31,5564.7,5595.42,5562.647,5595.324,5562.602,5586.158,XAU,30m
exness_only_breakout_close_20,2026-03-13T15:30:00+00:00,4.457000000000335,5066.68,5070.84,5034.01,5040.09,5063.064,5068.221,5031.64,5034.814,XAU,30m
exness_only_breakout_close_20,2026-04-12T22:00:00+00:00,4.395999999999731,4711.89,4711.89,4647.18,4651.15,4670.253,4685.152,4644.273,4647.605,XAU,30m
exness_only_breakout_close_20,2026-01-20T07:00:00+00:00,-4.306999999999789,4710.43,4718.99,4709.08,4714.64,4712.461,4722.387,4711.385,4718.143,XAU,30m
exness_only_breakout_close_20,2026-04-02T14:30:00+00:00,-4.082000000000335,4659.99,4694.23,4655.56,4675.71,4664.986,4699.766,4658.791,4681.456,XAU,30m
exness_only_breakout_close_20,2026-01-23T00:30:00+00:00,-3.875,4949.54,4961.63,4944.53,4960.86,4952.09,4965.72,4947.585,4965.123,XAU,30m
exness_only_breakout_close_20,2026-04-01T23:00:00+00:00,-2.063000000000102,4772.47,4794.13,4768.9,4789.65,4776.574,4799.101,4773.708,4794.72,XAU,30m
exness_only_breakout_close_20,2026-04-06T09:00:00+00:00,-1.831000000000131,4693.51,4702.46,4693.51,4700.06,4695.623,4703.739,4695.623,4702.187,XAU,30m
largest_close_difference,2026-01-30T17:00:00+00:00,45.70600000000013,4997.85,4997.85,4864.71,4904.15,4985.286,4986.077,4801.145,4849.92,XAU,1h
largest_close_difference,2026-03-01T23:00:00+00:00,-22.875,5368.77,5373.59,5303.35,5364.82,5319.272,5393.473,5314.681,5386.916,XAU,1h
largest_close_difference,2026-01-25T23:00:00+00:00,-19.869000000000597,5045.58,5045.58,5007.2,5022.15,5019.847,5040.296,5003.575,5039.789,XAU,1h
largest_close_difference,2026-02-01T23:00:00+00:00,19.183999999999287,4849.3,4868.98,4703.34,4768.5,4793.519,4819.788,4697.912,4741.06,XAU,1h
largest_close_difference,2026-01-29T15:00:00+00:00,18.987999999999374,5503.79,5504.06,5112.55,5207.36,5497.334,5497.334,5094.978,5182.906,XAU,1h
largest_close_difference,2025-12-26T15:00:00+00:00,-17.551000000000386,4520.49,4530.0,4514.11,4529.03,4521.042,4547.66,4519.608,4546.678,XAU,1h
largest_close_difference,2026-02-02T05:00:00+00:00,16.59400000000005,4682.73,4698.82,4520.0,4571.29,4679.67,4696.873,4498.139,4549.383,XAU,1h
largest_close_difference,2026-01-30T19:00:00+00:00,-14.034999999999854,4888.21,4946.13,4845.0,4927.15,4880.574,4947.859,4840.071,4932.661,XAU,1h
largest_close_difference,2025-12-29T14:00:00+00:00,13.420000000000073,4438.49,4438.49,4376.9,4384.65,4421.433,4421.433,4356.544,4360.437,XAU,1h
largest_close_difference,2026-02-02T06:00:00+00:00,12.961999999999534,4570.92,4587.48,4444.0,4522.03,4549.34,4573.562,4402.001,4503.755,XAU,1h
largest_high_difference,2026-01-28T23:00:00+00:00,50.82099999999991,5425.11,5625.34,5421.17,5520.0,5448.139,5570.018,5432.519,5513.022,XAU,1h
largest_high_difference,2026-02-01T23:00:00+00:00,43.71799999999985,4849.3,4868.98,4703.34,4768.5,4793.519,4819.788,4697.912,4741.06,XAU,1h
largest_high_difference,2026-01-30T18:00:00+00:00,36.376000000000204,4903.7,4936.79,4740.9,4888.21,4849.886,4894.437,4682.526,4880.538,XAU,1h
largest_high_difference,2026-04-12T22:00:00+00:00,27.871000000001004,4711.89,4711.89,4647.18,4661.39,4670.253,4685.152,4644.273,4658.844,XAU,1h
largest_high_difference,2026-08-25T19:00:00+00:00,23.3199999999988,4656.67,4694.53,4655.53,4670.42,4654.365,4668.264,4653.207,4666.728,XAU,1h
largest_high_difference,2026-05-10T22:00:00+00:00,21.407000000000153,4714.06,4719.8,4682.0,4695.5,4691.841,4696.288,4678.931,4691.965,XAU,1h
largest_high_difference,2026-03-01T23:00:00+00:00,-20.789999999999964,5368.77,5373.59,5303.35,5364.82,5319.272,5393.473,5314.681,5386.916,XAU,1h
largest_high_difference,2025-12-26T15:00:00+00:00,-16.159999999999854,4520.49,4530.0,4514.11,4529.03,4521.042,4547.66,4519.608,4546.678,XAU,1h
largest_high_difference,2025-12-23T00:00:00+00:00,15.923999999999069,4463.81,4488.0,4463.13,4482.32,4460.236,4470.591,4458.033,4470.532,XAU,1h
largest_high_difference,2025-12-26T02:00:00+00:00,14.795000000000073,4505.49,4524.34,4493.26,4502.08,4503.745,4509.756,4492.303,4508.847,XAU,1h
largest_low_difference,2026-01-30T17:00:00+00:00,53.63000000000011,4997.85,4997.85,4864.71,4904.15,4985.286,4986.077,4801.145,4849.92,XAU,1h
largest_low_difference,2026-01-18T23:00:00+00:00,-47.60400000000027,4609.94,4690.99,4609.94,4673.21,4655.358,4690.741,4653.824,4672.573,XAU,1h
largest_low_difference,2026-01-30T18:00:00+00:00,43.889000000000124,4903.7,4936.79,4740.9,4888.21,4849.886,4894.437,4682.526,4880.538,XAU,1h
largest_low_difference,2026-02-02T02:00:00+00:00,-36.66600000000017,4747.76,4775.4,4671.32,4708.05,4736.902,4773.092,4698.051,4711.079,XAU,1h
largest_low_difference,2026-02-02T06:00:00+00:00,35.026999999999134,4570.92,4587.48,4444.0,4522.03,4549.34,4573.562,4402.001,4503.755,XAU,1h
largest_low_difference,2026-02-02T01:00:00+00:00,27.84900000000107,4778.28,4800.79,4623.05,4747.59,4766.877,4784.84,4585.266,4737.008,XAU,1h
largest_low_difference,2026-01-26T23:00:00+00:00,-27.578999999999724,4995.1,5060.0,4995.1,5039.15,5029.858,5061.533,5018.936,5043.629,XAU,1h
largest_low_difference,2026-03-23T07:00:00+00:00,20.58299999999963,4228.29,4238.02,4124.1,4209.86,4220.271,4232.854,4098.462,4203.985,XAU,1h
largest_low_difference,2026-01-29T16:00:00+00:00,20.390000000000327,5207.25,5318.91,5196.72,5272.25,5182.822,5311.274,5172.006,5264.023,XAU,1h
largest_low_difference,2026-05-24T22:00:00+00:00,-19.76800000000003,4527.15,4568.13,4526.85,4567.81,4545.376,4565.528,4543.319,4564.838,XAU,1h
opposite_direction_min_body_pct,2026-01-25T23:00:00+00:00,0.3956911688167899,5045.58,5045.58,5007.2,5022.15,5019.847,5040.296,5003.575,5039.789,XAU,1h
opposite_direction_min_body_pct,2026-01-30T18:00:00+00:00,0.3168849128822162,4903.7,4936.79,4740.9,4888.21,4849.886,4894.437,4682.526,4880.538,XAU,1h
opposite_direction_min_body_pct,2026-02-12T23:00:00+00:00,0.21813953204700415,4929.6,4930.87,4887.0,4918.87,4893.14,4928.383,4887.646,4920.162,XAU,1h
opposite_direction_min_body_pct,2025-12-24T00:00:00+00:00,0.16281803864153935,4515.44,4525.0,4504.16,4508.1,4503.359,4518.016,4500.774,4511.814,XAU,1h
opposite_direction_min_body_pct,2026-08-30T22:00:00+00:00,0.16184272379288525,4474.53,4474.53,4454.33,4467.3,4439.04,4466.126,4438.975,4461.374,XAU,1h
opposite_direction_min_body_pct,2026-06-14T22:00:00+00:00,0.14043436676232154,4292.72,4311.0,4268.05,4286.7,4270.346,4308.995,4269.351,4285.709,XAU,1h
opposite_direction_min_body_pct,2025-12-24T04:00:00+00:00,0.1362212202389729,4507.99,4508.74,4498.4,4500.0,4493.17,4501.566,4491.229,4499.299,XAU,1h
opposite_direction_min_body_pct,2026-02-03T23:00:00+00:00,0.11536378991263943,4943.85,4974.91,4912.96,4949.56,4958.639,4971.988,4909.57,4947.296,XAU,1h
opposite_direction_min_body_pct,2026-01-08T23:00:00+00:00,0.1023616943765866,4469.75,4477.16,4469.75,4474.33,4482.004,4484.175,4472.63,4475.597,XAU,1h
opposite_direction_min_body_pct,2026-07-22T22:00:00+00:00,0.09694802945124151,4135.62,4135.62,4108.03,4124.8,4117.8,4129.89,4116.127,4121.796,XAU,1h
binance_only_breakout_close_20,2026-02-01T23:00:00+00:00,19.183999999999287,4849.3,4868.98,4703.34,4768.5,4793.519,4819.788,4697.912,4741.06,XAU,1h
binance_only_breakout_close_20,2026-01-26T01:00:00+00:00,-6.950000000000728,5040.3,5080.92,5026.0,5066.45,5041.689,5085.699,5029.102,5071.17,XAU,1h
binance_only_breakout_close_20,2026-05-03T23:00:00+00:00,-4.914999999999964,4617.6,4619.64,4609.64,4611.39,4618.949,4620.818,4611.106,4613.721,XAU,1h
binance_only_breakout_close_20,2026-01-28T23:00:00+00:00,4.782000000000153,5425.11,5625.34,5421.17,5520.0,5448.139,5570.018,5432.519,5513.022,XAU,1h
binance_only_breakout_close_20,2026-01-26T21:00:00+00:00,3.946999999999207,5059.35,5063.38,4994.88,5015.25,5055.217,5059.318,4989.632,5009.206,XAU,1h
binance_only_breakout_close_20,2026-03-02T16:00:00+00:00,3.0650000000005093,5315.64,5315.64,5258.0,5291.96,5315.967,5315.967,5260.224,5290.232,XAU,1h
binance_only_breakout_close_20,2026-03-22T22:00:00+00:00,-2.5130000000008295,4482.82,4540.85,4452.57,4501.11,4477.751,4536.196,4449.511,4497.942,XAU,1h
binance_only_breakout_close_20,2026-03-08T22:00:00+00:00,2.2429999999994834,5162.93,5193.82,5107.21,5132.15,5178.794,5180.193,5103.559,5130.073,XAU,1h
binance_only_breakout_close_20,2026-02-05T23:00:00+00:00,-2.2100000000000364,4778.54,4793.36,4700.0,4702.29,4761.196,4781.944,4703.328,4703.768,XAU,1h
binance_only_breakout_close_20,2026-01-22T23:00:00+00:00,-2.0909999999994398,4938.67,4959.49,4928.08,4956.35,4944.346,4960.587,4930.713,4958.972,XAU,1h
exness_only_breakout_close_20,2026-01-25T23:00:00+00:00,-19.869000000000597,5045.58,5045.58,5007.2,5022.15,5019.847,5040.296,5003.575,5039.789,XAU,1h
exness_only_breakout_close_20,2026-04-12T22:00:00+00:00,3.3969999999999345,4711.89,4711.89,4647.18,4661.39,4670.253,4685.152,4644.273,4658.844,XAU,1h
exness_only_breakout_close_20,2026-02-12T14:00:00+00:00,3.265000000001237,5073.47,5076.4,5040.0,5046.27,5075.23,5077.721,5039.03,5044.297,XAU,1h
exness_only_breakout_close_20,2026-09-08T20:00:00+00:00,2.649999999999636,4364.55,4369.16,4351.12,4362.23,4359.499,4364.28,4345.122,4355.427,XAU,1h
exness_only_breakout_close_20,2026-04-16T00:00:00+00:00,-2.616000000000895,4822.4,4836.37,4819.08,4831.28,4823.228,4837.478,4820.546,4833.139,XAU,1h
exness_only_breakout_close_20,2026-01-20T23:00:00+00:00,2.1770000000005894,4768.87,4790.14,4755.41,4778.92,4762.604,4781.083,4757.789,4775.878,XAU,1h
exness_only_breakout_close_20,2026-09-14T09:00:00+00:00,1.2550000000001091,4311.94,4316.64,4284.27,4291.94,4306.446,4311.744,4277.899,4285.633,XAU,1h
exness_only_breakout_close_20,2026-06-14T22:00:00+00:00,-1.1989999999996144,4292.72,4311.0,4268.05,4286.7,4270.346,4308.995,4269.351,4285.709,XAU,1h
exness_only_breakout_close_20,2026-02-03T16:00:00+00:00,-1.1080000000001746,4938.7,4996.18,4931.0,4956.21,4935.437,4993.644,4929.848,4955.65,XAU,1h
exness_only_breakout_close_20,2026-05-10T22:00:00+00:00,1.01299999999992,4714.06,4719.8,4682.0,4695.5,4691.841,4696.288,4678.931,4691.965,XAU,1h
largest_close_difference,2024-08-03T15:45:00+00:00,-753.2799999999988,61387.1,61397.8,60800.0,60857.7,61827.24,61961.51,61555.16,61596.38,BTC,15m
largest_close_difference,2025-10-10T21:30:00+00:00,-580.0199999999895,109183.0,112387.3,108668.3,111243.1,109851.29,113833.1,109262.62,111956.7,BTC,15m
largest_close_difference,2025-10-10T21:15:00+00:00,-549.0899999999965,112137.6,112539.5,101516.5,109183.0,112352.37,112695.81,103597.89,109856.86,BTC,15m
largest_close_difference,2025-10-10T21:45:00+00:00,-460.1100000000006,111243.0,113757.0,111233.6,113253.6,111970.38,114307.79,111954.43,113848.74,BTC,15m
largest_close_difference,2024-08-03T15:30:00+00:00,-449.5500000000029,61548.0,61694.1,61261.1,61387.0,61798.65,61889.62,61698.63,61821.43,BTC,15m
largest_close_difference,2025-10-10T22:30:00+00:00,-436.820000000007,112329.3,113215.2,112044.0,113143.8,112688.52,113812.18,112397.8,113725.77,BTC,15m
largest_close_difference,2025-01-03T16:30:00+00:00,422.50999999999476,98022.0,98343.0,98000.0,98100.0,97793.24,98046.97,97559.95,97650.08,BTC,15m
largest_close_difference,2025-01-03T17:00:00+00:00,357.06999999999243,97822.4,98041.4,97784.3,97863.9,97451.74,97664.68,97407.12,97479.42,BTC,15m
largest_close_difference,2025-01-03T16:45:00+00:00,343.16999999999825,98100.0,98116.0,97675.0,97822.3,97650.06,97665.08,97262.6,97451.72,BTC,15m
largest_close_difference,2024-12-05T03:00:00+00:00,329.31999999999243,101540.7,104630.4,101535.8,103235.1,101267.14,104320.47,101267.14,102923.63,BTC,15m
largest_high_difference,2025-10-10T21:30:00+00:00,-1319.5599999999977,109183.0,112387.3,108668.3,111243.1,109851.29,113833.1,109262.62,111956.7,BTC,15m
largest_high_difference,2024-02-27T02:00:00+00:00,739.2100000000064,55857.3,57780.0,55666.8,56498.3,55706.89,56967.56,55565.11,56268.06,BTC,15m
largest_high_difference,2024-08-03T16:00:00+00:00,-722.6199999999953,60857.8,61001.5,60732.0,60831.0,61596.02,61714.74,60733.88,60772.81,BTC,15m
largest_high_difference,2024-08-03T15:45:00+00:00,-573.2200000000012,61387.1,61397.8,60800.0,60857.7,61827.24,61961.51,61555.16,61596.38,BTC,15m
largest_high_difference,2025-10-10T22:30:00+00:00,-462.52999999999884,112329.3,113215.2,112044.0,113143.8,112688.52,113812.18,112397.8,113725.77,BTC,15m
largest_high_difference,2024-02-28T17:00:00+00:00,441.9800000000032,62530.2,64280.0,62250.0,63971.8,62400.23,63718.49,62127.79,63616.14,BTC,15m
largest_high_difference,2025-01-03T16:45:00+00:00,424.06999999999243,98100.0,98116.0,97675.0,97822.3,97650.06,97665.08,97262.6,97451.72,BTC,15m
largest_high_difference,2024-02-14T09:00:00+00:00,421.8199999999997,50801.6,51761.7,50632.6,51006.6,50737.94,51313.34,50623.38,50960.9,BTC,15m
largest_high_difference,2025-10-10T21:45:00+00:00,-421.5399999999936,111243.0,113757.0,111233.6,113253.6,111970.38,114307.79,111954.43,113848.74,BTC,15m
largest_high_difference,2024-07-10T04:00:00+00:00,402.1800000000003,58157.6,59350.0,58153.3,58725.1,58220.25,59014.25,58211.81,58771.91,BTC,15m
largest_low_difference,2024-04-13T20:00:00+00:00,-2237.0999999999985,64779.1,64897.8,59652.5,62563.1,64764.64,64847.04,61863.12,62857.47,BTC,15m
largest_low_difference,2025-10-10T21:15:00+00:00,-1955.0099999999948,112137.6,112539.5,101516.5,109183.0,112352.37,112695.81,103597.89,109856.86,BTC,15m
largest_low_difference,2024-01-03T12:00:00+00:00,-837.4499999999971,43728.9,43738.8,40333.0,41948.5,43702.39,43707.34,41142.59,41860.96,BTC,15m
largest_low_difference,2024-08-03T15:45:00+00:00,-757.9500000000044,61387.1,61397.8,60800.0,60857.7,61827.24,61961.51,61555.16,61596.38,BTC,15m
largest_low_difference,2025-10-10T22:00:00+00:00,-708.570000000007,113253.6,113700.0,111020.4,113639.5,113839.62,114143.13,111867.79,113973.7,BTC,15m
largest_low_difference,2024-08-02T20:15:00+00:00,-668.0999999999985,62925.4,63040.0,62010.0,62520.1,62952.52,63049.42,62686.24,62733.78,BTC,15m
largest_low_difference,2024-12-05T22:15:00+00:00,-640.0500000000029,98606.6,98774.8,90200.0,94101.9,98568.55,98737.52,90796.3,94076.91,BTC,15m
largest_low_difference,2025-10-10T21:45:00+00:00,-582.0099999999948,111243.0,113757.0,111233.6,113253.6,111970.38,114307.79,111954.43,113848.74,BTC,15m
largest_low_difference,2025-10-10T21:00:00+00:00,-552.7100000000064,114200.4,115075.6,109069.0,112137.6,114281.69,115148.85,109745.47,112356.73,BTC,15m
largest_low_difference,2023-11-14T18:45:00+00:00,-494.1099999999933,35671.6,35792.0,34446.3,35239.5,35642.94,35734.61,34898.84,35206.49,BTC,15m
opposite_direction_min_body_pct,2024-08-02T13:45:00+00:00,0.19350565522232088,65413.4,65534.3,65053.8,65208.2,65096.69,65475.42,65039.94,65222.9,BTC,15m
opposite_direction_min_body_pct,2024-08-02T21:45:00+00:00,0.09504397658193338,62036.0,62164.9,61926.6,61966.6,61964.97,62144.0,61917.4,62023.92,BTC,15m
opposite_direction_min_body_pct,2024-10-28T20:15:00+00:00,0.08463859749963239,69531.1,69590.0,69511.5,69590.0,69533.26,69618.3,69387.57,69409.89,BTC,15m
opposite_direction_min_body_pct,2025-01-03T16:30:00+00:00,0.07951070336391437,98022.0,98343.0,98000.0,98100.0,97793.24,98046.97,97559.95,97650.08,BTC,15m
opposite_direction_min_body_pct,2024-08-02T17:00:00+00:00,0.07818560066039482,63290.0,63439.0,63102.1,63409.2,63283.59,63352.03,63154.38,63234.15,BTC,15m
opposite_direction_min_body_pct,2024-08-03T04:00:00+00:00,0.0623273942165563,61862.2,61945.0,61766.3,61817.8,61764.16,61829.7,61712.54,61802.68,BTC,15m
opposite_direction_min_body_pct,2024-04-14T03:45:00+00:00,0.06085573249963904,63390.1,63586.6,63060.0,63428.7,63400.07,63479.18,62987.93,63339.02,BTC,15m
opposite_direction_min_body_pct,2024-03-24T06:00:00+00:00,0.05001887358117595,64343.5,64417.6,64236.2,64375.7,64312.73,64335.41,64207.13,64278.98,BTC,15m
opposite_direction_min_body_pct,2024-03-07T17:15:00+00:00,0.04698071581528292,67932.1,68101.3,67631.3,67900.2,67892.36,68066.72,67635.57,67935.63,BTC,15m
opposite_direction_min_body_pct,2024-08-03T08:15:00+00:00,0.045786238298713776,61626.7,61721.7,61528.0,61663.0,61662.46,61682.27,61506.24,61634.24,BTC,15m
binance_only_breakout_close_20,2024-08-03T15:15:00+00:00,-270.4800000000032,61958.3,61964.4,61511.8,61548.0,61999.95,62006.81,61739.35,61800.64,BTC,15m
binance_only_breakout_close_20,2024-08-03T18:30:00+00:00,-146.0,60577.9,60726.3,60090.0,60346.0,60606.69,60707.05,60362.92,60479.41,BTC,15m
binance_only_breakout_close_20,2024-03-04T08:30:00+00:00,97.5,64970.0,65690.9,64838.0,65609.6,64850.03,65521.65,64732.27,65451.44,BTC,15m
binance_only_breakout_close_20,2025-01-03T12:00:00+00:00,84.93000000000757,96710.4,96828.0,96671.7,96806.8,96651.2,96728.23,96599.34,96690.21,BTC,15m
binance_only_breakout_close_20,2024-08-03T03:45:00+00:00,84.43999999999505,61817.9,61956.4,61720.0,61862.2,61745.44,61833.51,61698.09,61769.24,BTC,15m
binance_only_breakout_close_20,2025-06-22T16:15:00+00:00,-80.24000000000524,98943.8,98996.3,98608.9,98755.4,99072.6,99130.33,98728.74,98882.59,BTC,15m
binance_only_breakout_close_20,2024-03-02T22:45:00+00:00,-70.65999999999622,61867.7,61869.7,61720.0,61724.3,61821.31,61830.53,61695.36,61722.41,BTC,15m
binance_only_breakout_close_20,2025-03-01T01:45:00+00:00,65.27999999999884,84490.5,84839.0,84365.4,84615.1,84508.26,84855.27,84381.81,84614.8,BTC,15m
binance_only_breakout_close_20,2024-03-03T07:15:00+00:00,-59.9800000000032,61949.6,61949.6,61407.2,61635.2,61866.73,61874.92,61381.21,61625.03,BTC,15m
binance_only_breakout_close_20,2024-08-03T11:30:00+00:00,-49.349999999998545,61849.9,61940.6,61847.7,61905.0,61897.3,61941.31,61858.51,61929.67,BTC,15m
exness_only_breakout_close_20,2024-08-03T15:45:00+00:00,-753.2799999999988,61387.1,61397.8,60800.0,60857.7,61827.24,61961.51,61555.16,61596.38,BTC,15m
exness_only_breakout_close_20,2024-03-04T20:30:00+00:00,-126.37999999999738,67360.1,67864.0,67337.3,67555.5,67402.16,67858.91,67345.57,67603.97,BTC,15m
exness_only_breakout_close_20,2024-03-11T08:15:00+00:00,108.05000000000291,71475.5,71883.0,71240.0,71655.7,71235.29,71597.87,71035.52,71447.89,BTC,15m
exness_only_breakout_close_20,2024-03-23T23:45:00+00:00,-107.65000000000146,64413.1,64485.2,63861.9,64020.3,64393.29,64423.16,63893.53,64097.51,BTC,15m
exness_only_breakout_close_20,2024-01-02T02:45:00+00:00,-90.47000000000116,45330.2,45428.0,45202.7,45420.0,45349.52,45485.54,45227.53,45485.54,BTC,15m
exness_only_breakout_close_20,2024-11-23T10:15:00+00:00,88.30000000001746,98584.0,98605.0,98381.9,98403.1,98467.31,98495.11,98267.86,98289.51,BTC,15m
exness_only_breakout_close_20,2024-11-26T10:45:00+00:00,78.88000000000466,92739.1,92781.0,92363.5,92414.5,92645.23,92684.37,92257.22,92287.62,BTC,15m
exness_only_breakout_close_20,2024-11-23T17:00:00+00:00,-73.33000000000175,97751.5,97751.6,97368.0,97550.8,97816.19,97817.48,97427.11,97610.55,BTC,15m
exness_only_breakout_close_20,2024-06-28T19:45:00+00:00,71.19999999999709,60445.0,60476.2,60077.2,60132.2,60371.27,60394.34,59973.39,60007.36,BTC,15m
exness_only_breakout_close_20,2024-04-09T08:00:00+00:00,-70.88999999999942,70444.1,70451.3,69536.8,69928.5,70360.01,70360.94,69545.21,69900.8,BTC,15m
largest_close_difference,2024-08-03T15:30:00+00:00,-759.8600000000006,61548.0,61694.1,60800.0,60857.7,61798.65,61961.51,61555.16,61596.38,BTC,30m
largest_close_difference,2025-10-16T15:00:00+00:00,-668.8099999999977,110466.9,110666.6,109801.0,109989.9,110581.36,110773.38,110190.57,110745.29,BTC,30m
largest_close_difference,2025-04-14T14:00:00+00:00,608.2200000000012,84341.4,85068.0,84225.5,85045.7,84365.14,84489.74,84248.45,84461.25,BTC,30m
largest_close_difference,2022-05-12T07:00:00+00:00,598.3899999999994,27080.1,28478.0,26631.0,28245.7,26508.12,27677.24,25846.6,27564.69,BTC,30m
largest_close_difference,2025-10-10T21:00:00+00:00,-537.0399999999936,114200.4,115075.6,101516.5,109183.0,114281.69,115148.85,103597.89,109856.86,BTC,30m
largest_close_difference,2022-05-12T06:30:00+00:00,490.48999999999796,27473.0,27964.9,26969.1,27079.0,27157.04,27555.54,26490.1,26505.89,BTC,30m
largest_close_difference,2025-10-10T21:30:00+00:00,-449.99000000000524,109183.0,113757.0,108668.3,113253.6,109851.29,114307.79,109262.62,113848.74,BTC,30m
largest_close_difference,2025-01-03T16:30:00+00:00,338.9200000000128,98022.0,98343.0,97675.0,97822.3,97793.24,98046.97,97262.6,97451.72,BTC,30m
largest_close_difference,2024-12-05T02:30:00+00:00,296.16999999999825,99352.7,102543.2,99288.6,101540.6,99333.54,102346.98,99301.03,101262.28,BTC,30m
largest_close_difference,2022-05-12T10:30:00+00:00,291.8999999999978,28318.1,28898.0,28214.7,28590.9,27982.74,28627.88,27856.91,28216.38,BTC,30m
largest_high_difference,2023-10-23T22:30:00+00:00,2211.5,32179.2,35981.9,32015.0,33358.8,32158.11,33737.62,32049.45,33286.66,BTC,30m
largest_high_difference,2023-11-09T14:00:00+00:00,831.1800000000003,37179.6,38499.9,37171.2,37573.5,37142.83,37611.88,37116.98,37483.24,BTC,30m
largest_high_difference,2023-10-16T13:30:00+00:00,749.4799999999996,29470.4,30720.0,27698.5,27986.5,29259.06,29966.33,27739.1,27981.18,BTC,30m
largest_high_difference,2024-02-27T02:00:00+00:00,742.0699999999997,55857.3,57780.0,55666.8,56477.5,55706.89,56967.56,55565.11,56294.97,BTC,30m
largest_high_difference,2022-05-12T07:00:00+00:00,703.0999999999985,27080.1,28478.0,26631.0,28245.7,26508.12,27677.24,25846.6,27564.69,BTC,30m
largest_high_difference,2022-02-24T20:00:00+00:00,688.3599999999933,37272.3,40376.1,37252.8,38352.5,37297.7,39701.76,37289.33,38362.97,BTC,30m
largest_high_difference,2024-08-03T16:00:00+00:00,-667.2900000000009,60857.8,61054.8,60400.3,61000.1,61596.02,61714.74,60475.86,60864.94,BTC,30m
largest_high_difference,2025-04-14T14:00:00+00:00,604.5,84341.4,85068.0,84225.5,85045.7,84365.14,84489.74,84248.45,84461.25,BTC,30m
largest_high_difference,2025-10-16T17:30:00+00:00,587.0099999999802,108748.3,108890.9,108156.0,108220.5,108343.54,108390.33,108288.77,108315.26,BTC,30m
largest_high_difference,2025-10-10T21:30:00+00:00,-441.22000000000116,109183.0,113757.0,108668.3,113253.6,109851.29,114307.79,109262.62,113848.74,BTC,30m
largest_low_difference,2025-10-10T21:00:00+00:00,-1946.800000000003,114200.4,115075.6,101516.5,109183.0,114281.69,115148.85,103597.89,109856.86,BTC,30m
largest_low_difference,2024-04-13T20:00:00+00:00,-1842.229999999996,64779.1,64897.8,59652.5,62092.3,64764.64,64847.04,61467.3,62224.23,BTC,30m
largest_low_difference,2023-08-17T21:30:00+00:00,-1145.5299999999988,27660.0,27704.3,24581.0,26249.9,27647.55,27691.89,25706.95,26416.33,BTC,30m
largest_low_difference,2022-05-05T15:00:00+00:00,-988.3000000000029,38214.5,38233.8,35535.1,37090.9,38183.1,38196.06,36513.44,37071.24,BTC,30m
largest_low_difference,2024-01-03T12:00:00+00:00,-837.2699999999968,43728.9,43738.8,40333.0,42323.6,43702.39,43707.34,41142.59,42327.09,BTC,30m
largest_low_difference,2024-08-03T15:30:00+00:00,-765.4300000000076,61548.0,61694.1,60800.0,60857.7,61798.65,61961.51,61555.16,61596.38,BTC,30m
largest_low_difference,2025-10-10T22:00:00+00:00,-708.570000000007,113253.6,113750.0,111020.4,112329.3,113839.62,114143.13,111867.79,112687.33,BTC,30m
largest_low_difference,2022-05-12T07:00:00+00:00,704.8600000000006,27080.1,28478.0,26631.0,28245.7,26508.12,27677.24,25846.6,27564.69,BTC,30m
largest_low_difference,2024-12-05T22:00:00+00:00,-637.8500000000058,98967.9,99105.0,90200.0,94101.9,98917.75,99057.53,90796.3,94076.91,BTC,30m
largest_low_difference,2024-08-02T20:00:00+00:00,-568.0300000000061,62619.6,63181.0,62010.0,62520.1,62606.21,63049.42,62586.3,62733.78,BTC,30m
opposite_direction_min_body_pct,2022-05-12T07:30:00+00:00,0.3335476468728498,28245.8,28600.0,27479.7,28151.9,27567.12,28332.49,26960.82,27809.0,BTC,30m
opposite_direction_min_body_pct,2022-10-13T12:00:00+00:00,0.24064171122994654,18745.0,19036.6,18640.4,18700.0,18749.13,18981.96,18662.86,18801.76,BTC,30m
opposite_direction_min_body_pct,2024-08-03T16:00:00+00:00,0.23327830610113037,60857.8,61054.8,60400.3,61000.1,61596.02,61714.74,60475.86,60864.94,BTC,30m
opposite_direction_min_body_pct,2024-08-02T20:00:00+00:00,0.15914881774021475,62619.6,63181.0,62010.0,62520.1,62606.21,63049.42,62586.3,62733.78,BTC,30m
opposite_direction_min_body_pct,2025-10-16T15:00:00+00:00,0.1480243539025389,110466.9,110666.6,109801.0,109989.9,110581.36,110773.38,110190.57,110745.29,BTC,30m
opposite_direction_min_body_pct,2024-08-02T20:30:00+00:00,0.12779552715654952,62520.0,62662.7,62238.0,62600.0,62732.06,62796.56,62223.55,62464.31,BTC,30m
opposite_direction_min_body_pct,2022-11-10T13:00:00+00:00,0.10992789311328297,16666.0,16770.6,16577.0,16625.9,16501.76,16646.6,16455.3,16519.92,BTC,30m
opposite_direction_min_body_pct,2023-12-21T02:00:00+00:00,0.09354670584261053,43493.1,43589.4,43371.6,43574.7,43441.38,43454.73,43336.37,43400.78,BTC,30m
opposite_direction_min_body_pct,2023-11-10T15:00:00+00:00,0.08775891445816701,37069.3,37120.0,37030.3,37118.4,37054.37,37164.64,37012.72,37021.88,BTC,30m
opposite_direction_min_body_pct,2022-01-24T16:30:00+00:00,0.06718125765060984,34407.69,34542.16,33758.49,34384.59,34449.73,34564.44,33802.59,34473.52,BTC,30m
binance_only_breakout_close_20,2025-02-21T20:30:00+00:00,137.09000000001106,95225.9,95558.8,94830.4,95034.3,95188.5,95507.04,94765.83,94948.53,BTC,30m
binance_only_breakout_close_20,2023-03-12T18:00:00+00:00,-115.80000000000291,20774.9,20948.1,20680.5,20880.0,20976.77,21175.82,20897.34,21143.0,BTC,30m
binance_only_breakout_close_20,2024-12-05T15:30:00+00:00,-67.30999999999767,102125.7,102379.2,100932.6,101350.1,102175.41,102430.47,100976.85,101371.32,BTC,30m
binance_only_breakout_close_20,2024-08-03T12:00:00+00:00,-66.47000000000116,61884.7,62153.7,61811.5,62094.3,61911.26,62188.13,61878.75,62134.97,BTC,30m
binance_only_breakout_close_20,2025-02-03T22:00:00+00:00,-59.0399999999936,101743.3,102456.0,101562.0,101932.0,101838.78,102562.76,101671.57,102054.31,BTC,30m
binance_only_breakout_close_20,2024-12-02T15:30:00+00:00,-57.84000000001106,96720.0,97286.2,96609.4,97106.5,96808.73,97354.84,96692.69,97169.74,BTC,30m
binance_only_breakout_close_20,2024-03-03T07:00:00+00:00,-57.60000000000582,61927.4,61950.0,61407.2,61635.2,61841.13,61882.49,61381.21,61625.03,BTC,30m
binance_only_breakout_close_20,2025-01-31T03:00:00+00:00,48.34999999999127,104300.0,104300.1,103880.0,104075.8,104291.73,104303.64,103867.98,104065.96,BTC,30m
binance_only_breakout_close_20,2025-06-19T15:30:00+00:00,36.82000000002154,104258.2,104285.6,104021.3,104055.1,104281.47,104303.98,104043.23,104068.93,BTC,30m
binance_only_breakout_close_20,2024-05-18T10:00:00+00:00,35.40000000000873,67103.4,67281.1,67042.2,67265.6,67138.48,67292.73,67074.53,67265.44,BTC,30m
exness_only_breakout_close_20,2022-05-12T06:30:00+00:00,490.48999999999796,27473.0,27964.9,26969.1,27079.0,27157.04,27555.54,26490.1,26505.89,BTC,30m
exness_only_breakout_close_20,2024-12-24T17:00:00+00:00,-146.86000000000058,98440.0,98989.6,98427.8,98664.0,98495.54,99089.59,98478.84,98767.14,BTC,30m
exness_only_breakout_close_20,2024-01-18T20:30:00+00:00,95.30999999999767,40874.2,41314.2,40673.6,40847.4,40782.1,41242.68,40581.81,40708.65,BTC,30m
exness_only_breakout_close_20,2024-01-02T02:30:00+00:00,-93.13999999999942,45167.4,45428.0,45120.6,45420.0,45180.71,45485.54,45131.75,45485.54,BTC,30m
exness_only_breakout_close_20,2024-11-11T20:00:00+00:00,-85.32000000000698,86180.9,87450.0,86123.1,86892.2,86226.38,87470.23,86170.64,86975.49,BTC,30m
exness_only_breakout_close_20,2024-08-03T11:00:00+00:00,-82.29999999999563,61787.3,61890.0,61753.7,61850.0,61751.85,61902.9,61716.42,61902.9,BTC,30m
exness_only_breakout_close_20,2024-04-01T05:30:00+00:00,-72.4200000000128,70457.9,70478.0,69006.5,69212.2,70375.04,70407.36,69002.75,69207.1,BTC,30m
exness_only_breakout_close_20,2024-11-12T19:00:00+00:00,-72.27000000000407,88836.2,89591.7,88658.1,89488.5,88903.44,89678.7,88729.4,89568.91,BTC,30m
exness_only_breakout_close_20,2024-06-03T13:30:00+00:00,-72.11999999999534,69722.3,70372.9,69716.0,69830.1,69702.54,70260.84,69674.93,69837.86,BTC,30m
exness_only_breakout_close_20,2025-07-31T17:30:00+00:00,68.06000000001222,117822.5,118187.3,117650.0,117712.1,117855.78,118204.25,117662.11,117713.43,BTC,30m
largest_close_difference,2025-10-16T15:00:00+00:00,-2184.709999999992,110466.9,110666.6,108250.0,108474.0,110581.36,110773.38,110190.57,110745.29,BTC,1h
largest_close_difference,2024-08-03T15:00:00+00:00,-756.7700000000041,61960.0,62065.1,60800.0,60857.7,62040.89,62108.49,61555.16,61596.38,BTC,1h
largest_close_difference,2025-10-10T21:00:00+00:00,-448.4100000000035,114200.4,115075.6,101516.5,113253.6,114281.69,115148.85,103597.89,113848.74,BTC,1h
largest_close_difference,2025-01-03T16:00:00+00:00,338.9200000000128,97479.6,98423.0,97353.6,97822.3,97475.98,98275.02,97262.6,97451.72,BTC,1h
largest_close_difference,2024-12-05T02:00:00+00:00,297.47000000000116,98254.1,102543.2,98212.8,101540.6,98290.72,102346.98,98241.94,101262.28,BTC,1h
largest_close_difference,2024-08-03T00:00:00+00:00,187.4600000000064,61483.7,61700.0,60882.4,61117.5,61445.68,61607.68,60860.56,60912.78,BTC,1h
largest_close_difference,2024-08-03T18:00:00+00:00,-185.8000000000029,60553.0,60824.8,60090.0,60224.9,60620.15,60759.81,60362.92,60395.51,BTC,1h
largest_close_difference,2024-12-05T22:00:00+00:00,-173.55999999998312,98967.9,99105.0,90200.0,96616.6,98917.75,99057.53,90796.3,96753.04,BTC,1h
largest_close_difference,2024-03-05T16:00:00+00:00,169.89999999999418,66839.8,67096.5,64536.6,65621.9,66694.93,66917.31,64348.02,65353.18,BTC,1h
largest_close_difference,2025-10-10T22:00:00+00:00,-169.11999999999534,113253.6,114071.0,111020.4,113606.3,113839.62,114569.51,111867.79,113922.15,BTC,1h
largest_high_difference,2025-10-16T17:00:00+00:00,886.4999999999854,109182.9,109192.7,108156.0,108220.5,108343.54,108390.33,108288.77,108315.26,BTC,1h
largest_high_difference,2024-02-27T02:00:00+00:00,739.6800000000003,55857.3,57780.0,55666.8,56428.8,55706.89,56967.56,55565.11,56244.94,BTC,1h
largest_high_difference,2023-11-09T14:00:00+00:00,537.8799999999974,37179.6,38499.9,37171.2,37922.4,37142.83,37899.48,37116.98,37819.2,BTC,1h
largest_high_difference,2024-01-31T20:00:00+00:00,467.2300000000032,43316.3,43348.9,42504.5,42534.0,42776.81,42868.75,42475.12,42498.35,BTC,1h
largest_high_difference,2024-08-03T16:00:00+00:00,-462.8199999999997,60857.8,61262.5,60366.0,60892.7,61596.02,61714.74,60383.15,60820.32,BTC,1h
largest_high_difference,2025-10-10T22:00:00+00:00,-389.8899999999994,113253.6,114071.0,111020.4,113606.3,113839.62,114569.51,111867.79,113922.15,BTC,1h
largest_high_difference,2024-07-11T12:00:00+00:00,378.74000000000524,58754.0,59780.0,58481.1,58798.4,58811.9,59461.59,58516.7,58839.27,BTC,1h
largest_high_difference,2023-11-09T02:00:00+00:00,377.4300000000003,35914.0,36888.0,35851.2,36382.5,35871.08,36454.39,35820.15,36328.1,BTC,1h
largest_high_difference,2024-03-12T14:00:00+00:00,330.3600000000006,72376.5,73370.0,71660.4,71730.1,72260.76,72873.86,71514.89,71577.93,BTC,1h
largest_high_difference,2024-03-08T15:00:00+00:00,319.1100000000006,68500.7,70330.8,67219.4,67685.8,68456.67,69992.72,67247.45,67626.83,BTC,1h
largest_low_difference,2025-10-10T21:00:00+00:00,-1942.570000000007,114200.4,115075.6,101516.5,113253.6,114281.69,115148.85,103597.89,113848.74,BTC,1h
largest_low_difference,2025-10-16T15:00:00+00:00,-1854.2400000000052,110466.9,110666.6,108250.0,108474.0,110581.36,110773.38,110190.57,110745.29,BTC,1h
largest_low_difference,2024-04-13T20:00:00+00:00,-1825.12999999999,64779.1,64897.8,59652.5,61828.3,64764.64,64847.04,61450.2,61965.02,BTC,1h
largest_low_difference,2024-01-03T12:00:00+00:00,-830.1299999999974,43728.9,43738.8,40333.0,42795.8,43702.39,43707.34,41142.59,42797.69,BTC,1h
largest_low_difference,2024-08-03T15:00:00+00:00,-766.7200000000012,61960.0,62065.1,60800.0,60857.7,62040.89,62108.49,61555.16,61596.38,BTC,1h
largest_low_difference,2025-10-10T22:00:00+00:00,-708.570000000007,113253.6,114071.0,111020.4,113606.3,113839.62,114569.51,111867.79,113922.15,BTC,1h
largest_low_difference,2024-12-05T22:00:00+00:00,-636.4900000000052,98967.9,99105.0,90200.0,96616.6,98917.75,99057.53,90796.3,96753.04,BTC,1h
largest_low_difference,2023-11-14T18:00:00+00:00,-496.72999999998865,36120.0,36158.2,34446.3,35239.5,36063.08,36097.51,34898.84,35206.49,BTC,1h
largest_low_difference,2024-04-13T19:00:00+00:00,-474.6200000000026,67181.6,67267.2,63530.0,64779.1,67108.56,67199.16,63964.78,64771.2,BTC,1h
largest_low_difference,2023-11-09T16:00:00+00:00,-459.01000000000204,37141.5,37277.1,35304.0,36360.1,37054.56,37175.62,35717.49,36304.79,BTC,1h
opposite_direction_min_body_pct,2025-10-16T15:00:00+00:00,0.1480243539025389,110466.9,110666.6,108250.0,108474.0,110581.36,110773.38,110190.57,110745.29,BTC,1h
opposite_direction_min_body_pct,2024-03-12T19:00:00+00:00,0.06941070897259094,71476.6,71730.9,71270.0,71403.1,71236.35,71657.49,71009.28,71285.83,BTC,1h
opposite_direction_min_body_pct,2024-08-03T16:00:00+00:00,0.05731393089811124,60857.8,61262.5,60366.0,60892.7,61596.02,61714.74,60383.15,60820.32,BTC,1h
opposite_direction_min_body_pct,2024-08-03T05:00:00+00:00,0.05552694420613208,61544.1,61696.7,61482.6,61673.9,61625.92,61714.76,61452.94,61591.72,BTC,1h
opposite_direction_min_body_pct,2024-06-20T11:00:00+00:00,0.05055726346910738,66192.1,66467.0,66080.7,66150.0,66129.15,66474.36,66078.68,66162.6,BTC,1h
opposite_direction_min_body_pct,2023-12-15T21:00:00+00:00,0.04211007245917562,42235.6,42259.1,42123.2,42255.2,42216.7,42233.33,42078.71,42198.93,BTC,1h
opposite_direction_min_body_pct,2024-05-03T18:00:00+00:00,0.03770586512303866,61770.8,61961.9,61651.2,61794.1,61848.91,62021.75,61712.02,61805.85,BTC,1h
opposite_direction_min_body_pct,2024-05-25T00:00:00+00:00,0.03727890545048663,68584.0,68711.1,68523.7,68554.9,68511.87,68660.05,68471.66,68537.42,BTC,1h
opposite_direction_min_body_pct,2024-08-03T14:00:00+00:00,0.0369593882494992,61982.8,62145.0,61868.1,61959.9,61953.69,62203.34,61854.3,62041.23,BTC,1h
opposite_direction_min_body_pct,2023-12-16T16:00:00+00:00,0.035432285617069785,42631.6,42756.7,42504.6,42616.5,42527.86,42670.23,42427.31,42546.32,BTC,1h
binance_only_breakout_close_20,2025-10-16T15:00:00+00:00,-2184.709999999992,110466.9,110666.6,108250.0,108474.0,110581.36,110773.38,110190.57,110745.29,BTC,1h
binance_only_breakout_close_20,2024-03-30T23:00:00+00:00,-56.91000000000349,69780.1,69845.2,69577.2,69642.1,69695.43,69807.44,69530.42,69639.57,BTC,1h
binance_only_breakout_close_20,2024-12-04T09:00:00+00:00,49.470000000001164,96746.9,97041.1,96727.6,96897.0,96793.96,97070.3,96763.33,96910.61,BTC,1h
binance_only_breakout_close_20,2025-07-01T09:00:00+00:00,-48.68000000000757,106666.1,106749.9,106444.0,106502.5,106812.85,106894.21,106621.62,106693.97,BTC,1h
binance_only_breakout_close_20,2026-02-06T16:00:00+00:00,-41.45000000001164,68577.5,70188.8,68348.0,69896.0,68603.32,70196.49,68386.27,69918.96,BTC,1h
binance_only_breakout_close_20,2026-06-01T13:00:00+00:00,26.69999999999709,72193.2,72288.0,71350.0,71698.7,72117.48,72147.02,71259.34,71603.97,BTC,1h
binance_only_breakout_close_20,2025-05-31T21:00:00+00:00,-22.739999999990687,104728.8,104833.9,104585.7,104817.3,104816.01,104936.68,104664.5,104898.17,BTC,1h
binance_only_breakout_close_20,2024-06-22T07:00:00+00:00,19.64999999999418,64394.1,64520.0,64290.0,64490.1,64387.74,64473.75,64294.17,64457.36,BTC,1h
binance_only_breakout_close_20,2025-08-21T19:00:00+00:00,18.270000000004075,112553.2,112688.3,111944.0,112152.8,112567.9,112701.79,111950.85,112144.97,BTC,1h
binance_only_breakout_close_20,2025-02-14T14:00:00+00:00,17.779999999998836,96740.6,97561.1,96520.7,97249.9,96782.12,97575.58,96566.16,97271.67,BTC,1h
exness_only_breakout_close_20,2024-01-02T02:00:00+00:00,-94.19000000000233,44926.5,45428.0,44926.5,45420.0,44887.5,45485.54,44887.5,45485.54,BTC,1h
exness_only_breakout_close_20,2024-01-09T21:00:00+00:00,84.36000000000058,46636.1,48100.0,44417.2,45450.2,46643.4,47864.09,44821.62,45349.88,BTC,1h
exness_only_breakout_close_20,2024-11-26T10:00:00+00:00,71.91999999999825,93614.5,93846.1,92363.5,92414.5,93565.99,93800.1,92257.22,92287.62,BTC,1h
exness_only_breakout_close_20,2024-11-22T14:00:00+00:00,67.77000000000407,97814.0,98226.0,97199.9,97370.3,97775.05,98164.56,97120.46,97288.83,BTC,1h
exness_only_breakout_close_20,2026-02-02T15:00:00+00:00,-50.13000000000466,77797.8,79311.0,77515.6,78800.6,77789.05,79317.84,77496.95,78816.17,BTC,1h
exness_only_breakout_close_20,2024-11-18T15:00:00+00:00,-46.68000000000757,90366.9,92700.0,90301.0,92407.8,90297.19,92670.74,90230.93,92378.86,BTC,1h
exness_only_breakout_close_20,2024-01-24T00:00:00+00:00,-44.419999999998254,39889.9,40247.0,39779.0,40166.9,39858.94,40247.27,39728.36,40185.87,BTC,1h
exness_only_breakout_close_20,2024-03-05T14:00:00+00:00,-31.369999999988067,67851.9,68920.3,67313.4,68809.6,67799.85,68814.54,67223.71,68742.15,BTC,1h
exness_only_breakout_close_20,2025-07-12T15:00:00+00:00,29.839999999996508,117350.0,117424.2,116862.4,117075.6,117314.73,117394.38,116808.84,117035.21,BTC,1h
exness_only_breakout_close_20,2024-06-09T02:00:00+00:00,29.770000000004075,69315.1,69342.2,69200.0,69208.8,69247.37,69273.54,69089.06,69116.23,BTC,1h
