Date,Message
2026-09-27T05:30:00.000+05:30,ZF|Q12|BEGIN|closed=13|open=0|last_bar_time=1790467200000|mintick=0.1
2026-09-27T05:30:00.000+05:30,ZF|Q12|TRADE|0|entry_id=S1|size=1|entry_time=1736035200000|entry_bar=1946|entry_price=98173.2|exit_id=Close position order|exit_time=1736121600000|exit_bar=1947|exit_price=98340.2|profit=167|commission=0|runup=679.4|drawdown=946.2
2026-09-27T05:30:00.000+05:30,ZF|Q12|TRADE|1|entry_id=S2|size=1|entry_time=1736726400000|entry_bar=1954|entry_price=94499.9|exit_id=S2x|exit_time=1736726400000|exit_bar=1954|exit_price=94999.9|profit=500|commission=0|runup=500|drawdown=0
2026-09-27T05:30:00.000+05:30,ZF|Q12|TRADE|2|entry_id=S3|size=1|entry_time=1737331200000|entry_bar=1961|entry_price=101311.5|exit_id=S3x|exit_time=1737331200000|exit_bar=1961|exit_price=100811.5|profit=-500|commission=0|runup=0|drawdown=500
2026-09-27T05:30:00.000+05:30,ZF|Q12|TRADE|3|entry_id=S4|size=1|entry_time=1738627200000|entry_bar=1976|entry_price=101293.6|exit_id=S4t|exit_time=1738627200000|exit_bar=1976|exit_price=101629.3|profit=335.7|commission=0|runup=435.7|drawdown=0
2026-09-27T05:30:00.000+05:30,ZF|Q12|TRADE|4|entry_id=S5|size=1|entry_time=1739318400000|entry_bar=1984|entry_price=95731.4|exit_id=S5t|exit_time=1739404800000|exit_bar=1985|exit_price=97590.9|profit=1859.5|commission=0|runup=2359.5|drawdown=1727.5
2026-09-27T05:30:00.000+05:30,ZF|Q12|TRADE|5|entry_id=S7L|size=1|entry_time=1740096000000|entry_bar=1993|entry_price=98252.8|exit_id=S7S|exit_time=1740355200000|exit_bar=1996|exit_price=96218.4|profit=-2034.4|commission=0|runup=1178.7|drawdown=3422.4
2026-09-27T05:30:00.000+05:30,ZF|Q12|TRADE|6|entry_id=S7S|size=-1|entry_time=1740355200000|entry_bar=1996|entry_price=96218.4|exit_id=Close position order|exit_time=1740873600000|exit_bar=2002|exit_price=86007.7|profit=10210.7|commission=0|runup=18018.2|drawdown=251.6
2026-09-27T05:30:00.000+05:30,ZF|Q12|TRADE|7|entry_id=S8a|size=1|entry_time=1742515200000|entry_bar=2021|entry_price=84183.6|exit_id=Close position order|exit_time=1742688000000|exit_bar=2023|exit_price=83804.9|profit=-378.7|commission=0|runup=630|drawdown=1061.6
2026-09-27T05:30:00.000+05:30,ZF|Q12|TRADE|8|entry_id=S9|size=1|entry_time=1743033600000|entry_bar=2027|entry_price=86873.9|exit_id=Close position order|exit_time=1743206400000|exit_bar=2029|exit_price=84380.8|profit=-2493.1|commission=0|runup=848.5|drawdown=3342.2
2026-09-27T05:30:00.000+05:30,ZF|Q12|TRADE|9|entry_id=S10|size=1|entry_time=1743552000000|entry_bar=2033|entry_price=85121|exit_id=Close position order|exit_time=1743724800000|exit_bar=2035|exit_price=83181.7|profit=-1939.3|commission=0|runup=3379|drawdown=3948.8
2026-09-27T05:30:00.000+05:30,ZF|Q12|TRADE|10|entry_id=S11|size=1|entry_time=1744070400000|entry_bar=2039|entry_price=78140|exit_id=Close position order|exit_time=1744329600000|exit_bar=2042|exit_price=79560.3|profit=1420.3|commission=0|runup=5414.9|drawdown=3561.5
2026-09-27T05:30:00.000+05:30,ZF|Q12|TRADE|11|entry_id=S6|size=1|entry_time=1745280000000|entry_bar=2053|entry_price=87466|exit_id=S6t|exit_time=1745366400000|exit_bar=2054|exit_price=91904.3|profit=4438.3|commission=0|runup=7438.3|drawdown=448.5
2026-09-27T05:30:00.000+05:30,ZF|Q12|TRADE|12|entry_id=S13|size=1|entry_time=1748908800000|entry_bar=2095|entry_price=105814.4|exit_id=Close entry(s) order S13|exit_time=1748908800000|exit_bar=2095|exit_price=105330.1|profit=-484.3|commission=0|runup=960.6|drawdown=992
2026-09-27T05:30:00.000+05:30,ZF|Q12|SUMMARY|initial=1000000|equity=1011101.7|net=11101.7|gross_profit=18931.5|gross_loss=7829.8|closed=13|wins=7|losses=6|even=0|max_drawdown=8372.6|position=0
