variant,year,trades,long_trades,short_trades,win_rate_percent,profit_factor,average_r,expectancy_r,net_pnl,worst_segment_dd_percent,max_losing_streak,zero_cost_pf,zero_cost_average_r,pnl_contribution_percent_of_absolute_years
CONTROL,2021,162,75,87,24.074074074074073,0.8430571011047182,-0.11708239707528248,-0.11708239707528248,-481.21730536587904,4.818466388198046,13,0.9512057591194087,-0.03153778734246967,-33.08565867371707
CONTROL,2022,136,44,92,25.0,0.7965727115983852,-0.15021001640988327,-0.15021001640988327,-513.3536775349316,3.123411478101425,11,0.9722120912590739,-0.01632204488602022,-35.29516574825672
CONTROL,2023,171,94,77,29.82456140350877,0.9297380650383392,-0.04623093030709884,-0.04623093030709884,-208.61155445288261,3.555248199431054,9,1.2980214016398084,0.16455032495396218,-14.34289791547262
CONTROL,2024,170,102,68,28.235294117647058,0.9164221465520304,-0.05727102826951896,-0.05727102826951896,-251.27635709217554,4.558456098060451,10,1.1564475398241538,0.09830386976208651,-17.27627766255359
minimum_adx=18,2021,162,75,87,24.074074074074073,0.8430571011047182,-0.11708239707528248,-0.11708239707528248,-481.21730536587904,4.818466388198046,13,0.9512057591194087,-0.03153778734246967,-33.08565867371707
minimum_adx=18,2022,136,44,92,25.0,0.7965727115983852,-0.15021001640988327,-0.15021001640988327,-513.3536775349316,3.123411478101425,11,0.9722120912590739,-0.01632204488602022,-35.29516574825672
minimum_adx=18,2023,171,94,77,29.82456140350877,0.9297380650383392,-0.04623093030709884,-0.04623093030709884,-208.61155445288261,3.555248199431054,9,1.2980214016398084,0.16455032495396218,-14.34289791547262
minimum_adx=18,2024,170,102,68,28.235294117647058,0.9164221465520304,-0.05727102826951896,-0.05727102826951896,-251.27635709217554,4.558456098060451,10,1.1564475398241538,0.09830386976208651,-17.27627766255359
minimum_adx=20,2021,146,69,77,18.493150684931507,0.6054963726221932,-0.3212187938674411,-0.3212187938674411,-1159.069022770556,7.347724185887963,11,0.682505565649042,-0.23599243538185102,-59.48328305935795
minimum_adx=20,2022,118,41,77,27.966101694915253,0.926474753679834,-0.05182349174663877,-0.05182349174663877,-155.84793095101065,2.478925166301711,10,1.1177348966698217,0.07546245495963362,-7.998097101081231
minimum_adx=20,2023,156,83,73,29.48717948717949,0.919665822209593,-0.05334418443637149,-0.05334418443637149,-218.50971732199645,3.1250200977321176,9,1.27936214242194,0.1558366867970765,-11.21389245276859
minimum_adx=20,2024,152,90,62,26.973684210526315,0.8482859461557996,-0.10881358023692536,-0.10881358023692536,-415.13595555848445,4.4123590385695755,9,1.0762163370150468,0.049470953728666694,-21.30472738679223
minimum_adx=22,2021,119,56,63,21.84873949579832,0.7457515921393524,-0.19764616151426798,-0.19764616151426798,-590.542343433557,4.272792286269411,9,0.8406209724632377,-0.11262103921086607,-40.31786437288714
minimum_adx=22,2022,103,38,65,30.097087378640776,1.0559390229044416,0.03984017659148258,0.03984017659148258,100.88244536441735,2.2345114449139927,9,1.2672885817367914,0.16471273916812781,6.887507382043305
minimum_adx=22,2023,135,67,68,31.851851851851855,1.0372894138645927,0.02771962139453038,0.02771962139453038,84.6625595443773,2.6261101433595124,8,1.4356415272890068,0.23398046869379804,5.78013351815768
minimum_adx=22,2024,136,80,56,24.264705882352942,0.7284240984301216,-0.20371591473732234,-0.20371591473732234,-688.6289817980994,4.48416232376654,8,0.9281972966069508,-0.043617667953669864,-47.01449472691187
minimum_adx=25,2021,94,39,55,22.340425531914892,0.7746055937778794,-0.1733334995330653,-0.1733334995330653,-411.4756214467757,3.5711166276282023,11,0.8673651218342078,-0.09264348804878723,-32.443517945528484
minimum_adx=25,2022,77,29,48,32.467532467532465,1.1628447625787814,0.11183757890578885,0.11183757890578885,212.85706300967342,1.24376560547852,5,1.4027906010721385,0.24026451316570305,16.783088921053118
minimum_adx=25,2023,108,53,55,33.33333333333333,1.1132360544394335,0.07726295901784587,0.07726295901784587,202.19683906641214,2.057554605328288,7,1.5392365747897403,0.2832668792360994,15.942564844339893
minimum_adx=25,2024,101,54,47,24.752475247524753,0.7656853342625128,-0.17282501814084447,-0.17282501814084447,-441.7534725986713,2.7012574306219177,7,0.9625208735187155,-0.020128793072490436,-34.83082828907851
minimum_adx=28,2021,72,28,44,19.444444444444446,0.6544057256767387,-0.2769902697539183,-0.2769902697539183,-499.47796635859027,3.4436898593214122,14,0.7308011413926883,-0.19759340378572962,-50.09652629541509
minimum_adx=28,2022,59,21,38,33.89830508474576,1.240598971220055,0.15883428914470044,0.15883428914470044,234.15294928183414,1.243765605478513,5,1.507847905352112,0.29132258594960575,23.485018701355287
minimum_adx=28,2023,84,39,45,33.33333333333333,1.0804805904631405,0.05573382616925205,0.05573382616925205,113.00510626549965,2.221027660850381,8,1.4873989593596075,0.2602131812923104,11.334160180914687
minimum_adx=28,2024,74,40,34,27.027027027027028,0.887520942484309,-0.07875527975785804,-0.07875527975785804,-150.39511636743617,3.005117438563575,8,1.101426895871246,0.06692468629269109,-15.084294822314936
minimum_adx=30,2021,62,23,39,16.129032258064516,0.5255407382187622,-0.39764388894502267,-0.39764388894502267,-612.8559018838203,3.812188836059104,14,0.5855630873721813,-0.3189363605145805,-44.82793138183875
minimum_adx=30,2022,51,19,32,39.21568627450981,1.5512182240852355,0.3359986059007325,0.3359986059007325,430.1816436160149,0.9962562460937451,4,1.8608101560517123,0.46252548320326037,31.466047960815835
minimum_adx=30,2023,67,29,38,35.82089552238806,1.213886033781776,0.13842933045682745,0.13842933045682745,230.88866170231364,1.7369295509861518,7,1.6755969188714475,0.34367847139892593,16.88857209634575
minimum_adx=30,2024,61,32,29,27.86885245901639,0.9145159656881778,-0.05837235021298207,-0.05837235021298207,-93.2033546408677,3.0417104798204675,10,1.1372716741759235,0.08845401325117486,-6.817448560999662
maximum_extension_atr=2.5,2021,162,75,87,24.074074074074073,0.8430571011047182,-0.11708239707528248,-0.11708239707528248,-481.21730536587904,4.818466388198046,13,0.9512057591194087,-0.03153778734246967,-33.08565867371707
maximum_extension_atr=2.5,2022,136,44,92,25.0,0.7965727115983852,-0.15021001640988327,-0.15021001640988327,-513.3536775349316,3.123411478101425,11,0.9722120912590739,-0.01632204488602022,-35.29516574825672
maximum_extension_atr=2.5,2023,171,94,77,29.82456140350877,0.9297380650383392,-0.04623093030709884,-0.04623093030709884,-208.61155445288261,3.555248199431054,9,1.2980214016398084,0.16455032495396218,-14.34289791547262
maximum_extension_atr=2.5,2024,170,102,68,28.235294117647058,0.9164221465520304,-0.05727102826951896,-0.05727102826951896,-251.27635709217554,4.558456098060451,10,1.1564475398241538,0.09830386976208651,-17.27627766255359
maximum_extension_atr=2.25,2021,148,66,82,23.64864864864865,0.8211844876396308,-0.13450112589215088,-0.13450112589215088,-502.698569061905,4.376330788261621,12,0.9294375278943369,-0.04686436790729215,-39.259642260216154
maximum_extension_atr=2.25,2022,128,42,86,23.4375,0.7320496851416437,-0.2029893611164817,-0.2029893611164817,-649.5493029183052,3.123411478101425,10,0.894749120411225,-0.06821536706698059,-50.72835856790573
maximum_extension_atr=2.25,2023,158,86,72,30.37974683544304,0.9567160483872491,-0.02732014457421458,-0.02732014457421458,-117.45389168095461,3.4411018310232957,9,1.3350054730729375,0.18293806933941056,-9.17288819434974
maximum_extension_atr=2.25,2024,148,87,61,30.405405405405407,1.0041970786907186,0.0053667275391274475,0.0053667275391274475,10.744364018698747,3.001112635556516,9,1.2718246372138997,0.1631955178477412,0.8391109775283765
maximum_extension_atr=2,2021,136,63,73,22.794117647058822,0.7799411767034481,-0.16874012666721794,-0.16874012666721794,-573.3503515349161,4.999758033297338,11,0.8855067073901213,-0.07914871299925595,-35.853910973626476
maximum_extension_atr=2,2022,119,37,82,23.52941176470588,0.727654509535658,-0.20571701711518064,-0.20571701711518064,-612.5735347292884,2.879159751619336,10,0.8931150538408538,-0.06888808061362509,-38.306694885921026
maximum_extension_atr=2,2023,144,77,67,33.33333333333333,1.100179649987722,0.0691291991179517,0.0691291991179517,239.52739761930727,3.4466540569610578,9,1.53077381865231,0.2783842869096776,14.978614675993754
maximum_extension_atr=2,2024,132,78,54,28.78787878787879,0.9254932572745177,-0.05004455333897431,-0.05004455333897431,-173.67789328397436,3.0812864302538947,10,1.178927348920441,0.11103328334844444,-10.860779464458739
maximum_extension_atr=1.75,2021,115,59,56,25.217391304347824,0.8921729293022939,-0.07929616743020532,-0.07929616743020532,-231.969032978617,4.043788280527207,10,1.0194301673932444,0.014604849013586725,-13.661505125620094
maximum_extension_atr=1.75,2022,105,37,68,20.952380952380953,0.5872313570361916,-0.32270613668459797,-0.32270613668459797,-842.935153089196,4.007156869519349,12,0.7368344521191446,-0.17641708584741728,-49.643535460851524
maximum_extension_atr=1.75,2023,119,61,58,36.134453781512605,1.2366411612392951,0.1529301585512657,0.1529301585512657,449.26552885335553,1.8561035214214396,7,1.7058776613625763,0.3584286664749066,26.45889085445431
maximum_extension_atr=1.75,2024,116,71,45,28.448275862068968,0.9151718391307445,-0.05969794533461465,-0.05969794533461465,-173.8059535400907,3.976081050603625,10,1.1671033127436536,0.10232560461462772,-10.236068559074068
maximum_extension_atr=1.5,2021,94,48,46,26.595744680851062,0.9592740204649756,-0.02924247703818108,-0.02924247703818108,-70.45746517409486,3.512807221324194,13,1.0963865226982785,0.06474931396272825,-6.163994051547074
maximum_extension_atr=1.5,2022,87,32,55,21.839080459770116,0.6227798181037654,-0.29148366938650244,-0.29148366938650244,-631.9194877460401,3.525386769700563,11,0.7880960291809863,-0.1390098175912793,-55.28368007419314
maximum_extension_atr=1.5,2023,101,49,52,36.633663366336634,1.2510884335952284,0.1628525025147499,0.1628525025147499,407.8210010182012,2.119872029316531,5,1.7246266649280355,0.3683968552339821,35.678351728390275
maximum_extension_atr=1.5,2024,87,55,32,29.88505747126437,0.978473830205158,-0.01524379599793124,-0.01524379599793124,-32.85092938125527,1.8606631126037245,7,1.2538931153165238,0.14978224958396916,-2.8739741458695165
maximum_extension_atr=1.25,2021,76,39,37,26.31578947368421,0.9463751122620102,-0.040451388366645934,-0.040451388366645934,-75.21823036247135,3.320933255520501,12,1.0775086392023263,0.05097534923663109,-6.905066394079376
maximum_extension_atr=1.25,2022,68,25,43,22.058823529411764,0.6225698989676346,-0.2915677459753046,-0.2915677459753046,-492.8829156557865,3.4436898593214207,14,0.8028681905391186,-0.12800687817235928,-45.24686689263944
maximum_extension_atr=1.25,2023,70,36,34,38.57142857142858,1.3326523426294663,0.20884946805825316,0.20884946805825316,362.33543947640027,1.7469486501828033,6,1.8271298347903362,0.4128677681493388,33.262551571018776
maximum_extension_atr=1.25,2024,69,45,24,33.33333333333333,1.1375369638660895,0.09120322650564747,0.09120322650564747,158.88285141858944,1.0035125990766756,4,1.4618177220935165,0.2585079354073502,14.58551514226242
minimum_body_percent=0.5,2021,162,75,87,24.074074074074073,0.8430571011047182,-0.11708239707528248,-0.11708239707528248,-481.21730536587904,4.818466388198046,13,0.9512057591194087,-0.03153778734246967,-33.08565867371707
minimum_body_percent=0.5,2022,136,44,92,25.0,0.7965727115983852,-0.15021001640988327,-0.15021001640988327,-513.3536775349316,3.123411478101425,11,0.9722120912590739,-0.01632204488602022,-35.29516574825672
minimum_body_percent=0.5,2023,171,94,77,29.82456140350877,0.9297380650383392,-0.04623093030709884,-0.04623093030709884,-208.61155445288261,3.555248199431054,9,1.2980214016398084,0.16455032495396218,-14.34289791547262
minimum_body_percent=0.5,2024,170,102,68,28.235294117647058,0.9164221465520304,-0.05727102826951896,-0.05727102826951896,-251.27635709217554,4.558456098060451,10,1.1564475398241538,0.09830386976208651,-17.27627766255359
minimum_body_percent=0.55,2021,156,73,83,23.076923076923077,0.7976262016189571,-0.15330791733716836,-0.15330791733716836,-602.8227036392084,5.171834772219466,13,0.8993144551135372,-0.06824372161106129,-45.16683066379444
minimum_body_percent=0.55,2022,128,45,83,25.78125,0.8240562724016522,-0.12740586543931864,-0.12740586543931864,-412.4802658059767,2.7227278533859494,11,1.0118341086931502,0.009888468772202733,-30.905316281793283
minimum_body_percent=0.55,2023,162,90,72,29.629629629629626,0.9240054022632517,-0.050426701914016415,-0.050426701914016415,-214.21016721531018,3.313532029504826,9,1.2864530120066247,0.15924109016563015,-16.049817451579674
minimum_body_percent=0.55,2024,164,99,65,29.268292682926827,0.9634317928237324,-0.023103937794052773,-0.023103937794052773,-105.1448297715587,4.1825367696013585,9,1.213173579991251,0.13120859419972175,-7.878035602832593
minimum_body_percent=0.6,2021,137,64,73,25.547445255474454,0.9103794629020306,-0.06386164808294197,-0.06386164808294197,-228.12813687017243,3.767948701891932,11,1.0233132969266179,0.018992883156755954,-24.52456322060855
minimum_body_percent=0.6,2022,121,43,78,25.6198347107438,0.8233564778527893,-0.12817920712702224,-0.12817920712702224,-392.90513854362166,2.7227278533859494,11,1.0111318696930744,0.009471611453297888,-42.23866043932473
minimum_body_percent=0.6,2023,153,83,70,29.411764705882355,0.9212014684409933,-0.05243101166662275,-0.05243101166662275,-209.78503799919852,3.0712100546414742,8,1.287613982066032,0.15923874017262968,-22.552616690492073
minimum_body_percent=0.6,2024,150,93,57,29.333333333333332,0.9621524571628769,-0.024361670456279752,-0.024361670456279752,-99.38433614315194,3.999099020761262,9,1.2100073474590602,0.1291781775306962,-10.684159649574656
minimum_body_percent=0.65,2021,127,62,65,24.409448818897637,0.8580463284527365,-0.10466600971228199,-0.10466600971228199,-338.9246129811802,3.9701645211390497,11,0.9667184246412034,-0.020243200779047153,-37.13397996296358
minimum_body_percent=0.65,2022,111,39,72,26.126126126126124,0.8512900510202894,-0.10629476715332817,-0.10629476715332817,-300.79488263146726,2.478925166301683,10,1.0431878965789867,0.030046276640511977,-32.95632927437795
minimum_body_percent=0.65,2023,139,75,64,29.496402877697843,0.9316336214837118,-0.04492968591239384,-0.04492968591239384,-164.8604809991994,2.8282807565327728,8,1.3004635334752757,0.16580011724528368,-18.062794980454093
minimum_body_percent=0.65,2024,137,83,54,29.1970802919708,0.9550647585942297,-0.029465342689940277,-0.029465342689940277,-108.12750402775708,3.3877080047967483,8,1.1978135584841052,0.12245134249994198,-11.846895782204378
minimum_body_percent=0.7,2021,114,55,59,22.807017543859647,0.7861667767250903,-0.1621890673689774,-0.1621890673689774,-465.7683274975548,4.952194414973319,12,0.8843996287913267,-0.07872317797043935,-47.72425350210025
minimum_body_percent=0.7,2022,95,33,62,28.421052631578945,0.9445755328020271,-0.03847934251399527,-0.03847934251399527,-92.90743708548169,2.275595316973031,9,1.1605776374740642,0.0989008299504743,-9.5196212750667
minimum_body_percent=0.7,2023,129,74,55,27.131782945736433,0.8384706396438895,-0.11409083838422669,-0.11409083838422669,-371.82020482456437,3.9228610366580137,10,1.1710015886640046,0.09709470214931995,-38.097999938270824
minimum_body_percent=0.7,2024,124,78,46,30.64516129032258,1.0211960066310894,0.01691734120032165,0.01691734120032165,45.46131293534303,2.9028290071513045,6,1.2892814415600784,0.17300297682579746,4.658125284562227
minimum_body_percent=0.75,2021,88,48,40,25.0,0.887695861142816,-0.08150111320907331,-0.08150111320907331,-184.1375938643098,4.166053263253747,17,0.9994018918321022,0.002451117821897129,-23.642991391348723
minimum_body_percent=0.75,2022,74,24,50,29.72972972972973,1.0090636113688027,0.0064376638731251596,0.0064376638731251596,11.620952248237245,2.2276307590409306,9,1.2454669579625886,0.14637120819495228,1.4921128716758016
minimum_body_percent=0.75,2023,112,65,47,25.0,0.7229975482839907,-0.20245621216266182,-0.20245621216266182,-567.7390026722325,3.440667871843054,9,1.0135485479471567,0.009515821580051462,-72.89683801670553
minimum_body_percent=0.75,2024,113,70,43,30.08849557522124,0.9921839541212365,-0.002416559857199813,-0.002416559857199813,-15.327731047146205,3.9659144520495944,12,1.2612646508578127,0.15764040211836086,-1.9680577202699434
minimum_range_atr=0.6,2021,162,75,87,24.074074074074073,0.8430571011047182,-0.11708239707528248,-0.11708239707528248,-481.21730536587904,4.818466388198046,13,0.9512057591194087,-0.03153778734246967,-33.08565867371707
minimum_range_atr=0.6,2022,136,44,92,25.0,0.7965727115983852,-0.15021001640988327,-0.15021001640988327,-513.3536775349316,3.123411478101425,11,0.9722120912590739,-0.01632204488602022,-35.29516574825672
minimum_range_atr=0.6,2023,171,94,77,29.82456140350877,0.9297380650383392,-0.04623093030709884,-0.04623093030709884,-208.61155445288261,3.555248199431054,9,1.2980214016398084,0.16455032495396218,-14.34289791547262
minimum_range_atr=0.6,2024,170,102,68,28.235294117647058,0.9164221465520304,-0.05727102826951896,-0.05727102826951896,-251.27635709217554,4.558456098060451,10,1.1564475398241538,0.09830386976208651,-17.27627766255359
minimum_range_atr=0.75,2021,158,73,85,24.050632911392405,0.842949217502117,-0.11711902310796954,-0.11711902310796954,-469.86386047462855,4.78777246885122,12,0.94891192455041,-0.03308236880535975,-31.18646722593469
minimum_range_atr=0.75,2022,123,41,82,26.01626016260163,0.8415350778241364,-0.11518963990931341,-0.11518963990931341,-358.149088980973,2.4789251663017042,10,1.0167438813126148,0.012552186234055258,-23.77157675889525
minimum_range_atr=0.75,2023,159,89,70,28.30188679245283,0.8600490374055073,-0.09821571583142372,-0.09821571583142372,-395.1195446131482,3.477227752659516,9,1.1894170698630147,0.10850166237290819,-26.225432013342857
minimum_range_atr=0.75,2024,158,96,62,27.848101265822784,0.8988101449158142,-0.0692185600598682,-0.0692185600598682,-283.49490643363674,5.287181652772984,11,1.1279178395817122,0.08286924750325927,-18.816524001827197
minimum_range_atr=0.9,2021,153,70,83,24.18300653594771,0.8520493179174443,-0.11029935087103358,-0.11029935087103358,-428.5820834592016,4.35415005921747,12,0.9570024552312922,-0.027773553125959593,-28.290341675480114
minimum_range_atr=0.9,2022,114,35,79,26.31578947368421,0.8780768588564435,-0.08848372382023086,-0.08848372382023086,-254.57125580547552,2.4789251663016914,10,1.0561345325520108,0.0369201316814373,-16.804033778930776
minimum_range_atr=0.9,2023,143,82,61,25.874125874125873,0.7787506526499214,-0.1620898906866853,-0.1620898906866853,-580.4444037882695,3.967062031244835,9,1.0587947284608226,0.03645073751964372,-38.314645293271255
minimum_range_atr=0.9,2024,144,86,58,27.77777777777778,0.9013383835389274,-0.06703922931216094,-0.06703922931216094,-251.34360468858148,5.067015066406257,10,1.119120815110656,0.0786336632668868,-16.59097925231786
minimum_range_atr=1.05,2021,137,59,78,22.62773722627737,0.7857250165854809,-0.1647002045077262,-0.1647002045077262,-565.2610998431607,6.730234707044063,12,0.879415792384167,-0.08425371474352221,-39.81721155357221
minimum_range_atr=1.05,2022,104,31,73,26.923076923076923,0.910445789539773,-0.06504339459046285,-0.06504339459046285,-168.94254883087183,2.4770423927568843,9,1.085466591614006,0.05471232420051697,-11.900378796745388
minimum_range_atr=1.05,2023,125,70,55,26.400000000000002,0.8018095757327428,-0.14378439180079072,-0.14378439180079072,-454.19587078165745,3.3214259454070665,9,1.0757905072208254,0.04712422394637338,-31.99373365457145
minimum_range_atr=1.05,2024,120,67,53,27.500000000000004,0.8912459426041868,-0.07468932658965555,-0.07468932658965555,-231.24057533755825,5.676237073165066,10,1.1032194029948206,0.06906302501339856,-16.288675995110957
minimum_range_atr=1.2,2021,113,49,64,22.123893805309734,0.7622373531873355,-0.18427215310200223,-0.18427215310200223,-519.7044021923278,5.001037983472656,10,0.8502768311110891,-0.1063633574058394,-54.06135890333837
minimum_range_atr=1.2,2022,92,25,67,26.08695652173913,0.866240387242711,-0.09618591721658706,-0.09618591721658706,-225.15097401142236,2.5965192446863257,9,1.0286150666321143,0.02070388564238423,-23.420943832919882
minimum_range_atr=1.2,2023,104,56,48,28.846153846153843,0.9342109464207495,-0.04410368323198799,-0.04410368323198799,-121.9215929255684,2.3350975570239667,7,1.227268801327835,0.13505652064048237,-12.682684551855386
minimum_range_atr=1.2,2024,102,57,45,28.431372549019606,0.9474549034172202,-0.03611429612493225,-0.03611429612493225,-94.5462619821275,3.7387879799494295,10,1.1624218415516452,0.10235358720228398,-9.835012711886371
maximum_range_atr=2.75,2021,162,75,87,24.074074074074073,0.8430571011047182,-0.11708239707528248,-0.11708239707528248,-481.21730536587904,4.818466388198046,13,0.9512057591194087,-0.03153778734246967,-33.08565867371707
maximum_range_atr=2.75,2022,136,44,92,25.0,0.7965727115983852,-0.15021001640988327,-0.15021001640988327,-513.3536775349316,3.123411478101425,11,0.9722120912590739,-0.01632204488602022,-35.29516574825672
maximum_range_atr=2.75,2023,171,94,77,29.82456140350877,0.9297380650383392,-0.04623093030709884,-0.04623093030709884,-208.61155445288261,3.555248199431054,9,1.2980214016398084,0.16455032495396218,-14.34289791547262
maximum_range_atr=2.75,2024,170,102,68,28.235294117647058,0.9164221465520304,-0.05727102826951896,-0.05727102826951896,-251.27635709217554,4.558456098060451,10,1.1564475398241538,0.09830386976208651,-17.27627766255359
maximum_range_atr=2.5,2021,162,75,87,24.074074074074073,0.8430571011047182,-0.11708239707528248,-0.11708239707528248,-481.21730536587904,4.818466388198046,13,0.9512057591194087,-0.03153778734246967,-33.65316796088017
maximum_range_atr=2.5,2022,136,44,92,25.0,0.7965727115983852,-0.15021001640988327,-0.15021001640988327,-513.3536775349316,3.123411478101425,11,0.9722120912590739,-0.01632204488602022,-35.90057410816368
maximum_range_atr=2.5,2023,171,94,77,29.82456140350877,0.9297380650383392,-0.04623093030709884,-0.04623093030709884,-208.61155445288261,3.555248199431054,9,1.2980214016398084,0.16455032495396218,-14.58891773487942
maximum_range_atr=2.5,2024,169,101,68,28.402366863905325,0.9239674323158711,-0.05169275033028536,-0.05169275033028536,-226.7491288872557,4.558456098060451,10,1.1671053292904163,0.10449804166661902,-15.857340196076727
maximum_range_atr=2.25,2021,157,71,86,24.203821656050955,0.8481252628445396,-0.11310475914025893,-0.11310475914025893,-450.4959414274681,4.340768098891844,12,0.9580669321253354,-0.026787185349578777,-35.79346199957675
maximum_range_atr=2.25,2022,131,43,88,25.954198473282442,0.8390569521135011,-0.1166830823346574,-0.1166830823346574,-386.6525962662562,2.6372060256922487,10,1.027675626168968,0.01966287840543579,-30.720887224068754
maximum_range_atr=2.25,2023,168,93,75,29.761904761904763,0.9246530728338337,-0.04996196438247299,-0.04996196438247299,-219.27894742099699,3.555248199431054,10,1.2954392139185549,0.1625192233324864,-17.42247143659191
maximum_range_atr=2.25,2024,168,101,67,28.57142857142857,0.9317502774522667,-0.04604806432034656,-0.04604806432034656,-202.17091878595517,4.422080427677418,10,1.177684535490595,0.11052486164986977,-16.06317933976259
maximum_range_atr=2,2021,152,69,83,25.0,0.8854301823383579,-0.08393057358566218,-0.08393057358566218,-326.17788281019193,4.101020650518155,11,1.0013925293061516,0.0031547058589025487,-26.700700724410243
maximum_range_atr=2,2022,130,41,89,25.384615384615383,0.8098094888954299,-0.139425858723816,-0.139425858723816,-456.30982813557705,2.635749124430422,10,0.9948213834588245,-0.0014301820789481869,-37.353213693354725
maximum_range_atr=2,2023,164,90,74,29.878048780487802,0.9282340982235343,-0.047454381130200354,-0.047454381130200354,-203.0321399607008,3.555248199431054,10,1.3075869333933272,0.1679997291674874,-16.620073561768343
maximum_range_atr=2,2024,166,100,66,28.313253012048197,0.9195967811422405,-0.0549990618447103,-0.0549990618447103,-236.0880992998502,4.661025226608244,10,1.1644106537213923,0.10259342973508682,-19.326012020466695
maximum_range_atr=1.75,2021,147,66,81,25.850340136054424,0.9248522668494691,-0.05354065103085052,-0.05354065103085052,-204.7208118122447,4.136672469435195,10,1.0468069205000852,0.03404932535445084,-18.862442176844063
maximum_range_atr=1.75,2022,119,41,78,25.210084033613445,0.7933988923924962,-0.1516203861182216,-0.1516203861182216,-453.56651896838184,2.536870590246981,9,0.9816672296837702,-0.010018662958334042,-41.79043723820285
maximum_range_atr=1.75,2023,157,85,72,31.210191082802545,0.9834054642811797,-0.008998611652191983,-0.008998611652191983,-44.17344226590541,3.3190915908242378,9,1.396091242153291,0.21046652417110095,-4.070025871414428
maximum_range_atr=1.75,2024,158,95,63,27.21518987341772,0.8650908474574943,-0.09636410731518093,-0.09636410731518093,-382.8748897106709,6.356061816273168,20,1.0992736227486326,0.06311643120618055,-35.277094713538645
minimum_structure_break_atr=0,2021,162,75,87,24.074074074074073,0.8430571011047182,-0.11708239707528248,-0.11708239707528248,-481.21730536587904,4.818466388198046,13,0.9512057591194087,-0.03153778734246967,-33.08565867371707
minimum_structure_break_atr=0,2022,136,44,92,25.0,0.7965727115983852,-0.15021001640988327,-0.15021001640988327,-513.3536775349316,3.123411478101425,11,0.9722120912590739,-0.01632204488602022,-35.29516574825672
minimum_structure_break_atr=0,2023,171,94,77,29.82456140350877,0.9297380650383392,-0.04623093030709884,-0.04623093030709884,-208.61155445288261,3.555248199431054,9,1.2980214016398084,0.16455032495396218,-14.34289791547262
minimum_structure_break_atr=0,2024,170,102,68,28.235294117647058,0.9164221465520304,-0.05727102826951896,-0.05727102826951896,-251.27635709217554,4.558456098060451,10,1.1564475398241538,0.09830386976208651,-17.27627766255359
minimum_structure_break_atr=0.1,2021,144,68,76,25.694444444444443,0.9214032063866529,-0.05558870048183021,-0.05558870048183021,-209.83519099841072,3.9073072605911343,12,1.0364015039870835,0.027831343240223645,-13.779101918875863
minimum_structure_break_atr=0.1,2022,125,39,86,24.0,0.7505651848163737,-0.1866775095831707,-0.1866775095831707,-585.8746574422316,2.7227278533859605,11,0.9139523137486161,-0.05472944564237167,-38.472224692969334
minimum_structure_break_atr=0.1,2023,158,90,68,26.582278481012654,0.7974709452380666,-0.14439273935449465,-0.14439273935449465,-575.6115947320106,3.5552481994310567,9,1.1049520503465395,0.06181503997179622,-37.798287273744826
minimum_structure_break_atr=0.1,2024,156,98,58,28.846153846153843,0.944522669816144,-0.035928804542769914,-0.035928804542769914,-151.52955418414467,5.089884098354869,10,1.1834985198812065,0.11544644689266202,-9.950386114409978
minimum_structure_break_atr=0.2,2021,128,59,69,23.4375,0.8140657636196754,-0.14080824540327988,-0.14080824540327988,-453.12237363793395,4.172450074820354,11,0.9122078839553213,-0.060159991202256416,-30.53648806706553
minimum_structure_break_atr=0.2,2022,108,34,74,24.074074074074073,0.7513885630538412,-0.18719119473412474,-0.18719119473412474,-504.5689709363764,3.015197406885891,11,0.9084856184201239,-0.0601447658904466,-34.00353912411688
minimum_structure_break_atr=0.2,2023,134,80,54,26.865671641791046,0.8071327439517123,-0.13892263320753465,-0.13892263320753465,-470.07513534088673,3.0712100546414676,11,1.1045406421786956,0.0622029159579309,-31.678956052677897
minimum_structure_break_atr=0.2,2024,134,84,50,29.1044776119403,0.9761484617237284,-0.01390494742283808,-0.01390494742283808,-56.10544616473502,4.405638130095596,18,1.2037497839958524,0.12793770444929903,-3.781016756139692
minimum_structure_break_atr=0.3,2021,118,53,65,20.33898305084746,0.6764754567243766,-0.2550970627950776,-0.2550970627950776,-752.3352723892615,5.723074945369054,15,0.7555606511372857,-0.17693083954350022,-53.052270166484305
minimum_structure_break_atr=0.3,2022,91,29,62,24.175824175824175,0.7811358228199006,-0.16683947076209624,-0.16683947076209624,-375.2810975800554,3.201694094557824,13,0.9291080852416291,-0.04887671815047931,-26.463619223864587
minimum_structure_break_atr=0.3,2023,115,67,48,29.565217391304348,0.9228282682527967,-0.05308979959745623,-0.05308979959745623,-156.25708328724085,2.459547609975707,9,1.2478670427727867,0.14173258464363409,-11.018748292439978
minimum_structure_break_atr=0.3,2024,124,79,45,28.225806451612907,0.9387838026493692,-0.041380519556596156,-0.041380519556596156,-134.22848663846327,4.762583012403956,16,1.1591827624805044,0.1013223793538865,-9.465362317211124
minimum_structure_break_atr=0.4,2021,100,42,58,20.0,0.6657492289017249,-0.26524357484495986,-0.26524357484495986,-663.1321868686114,5.165198120591231,13,0.7405967625387363,-0.1898014387168638,-53.65078617249789
minimum_structure_break_atr=0.4,2022,78,25,53,23.076923076923077,0.7315456007148579,-0.21117489430400488,-0.21117489430400488,-400.32362749502335,3.201694094557824,13,0.8703200029922519,-0.0938603928780848,-32.38822932114685
minimum_structure_break_atr=0.4,2023,93,58,35,31.182795698924732,0.998977111334606,8.234904094102961e-05,8.234904094102961e-05,-1.636807945068238,2.3546162306158487,9,1.3528703331080438,0.1959097101481112,-0.1324261358523093
minimum_structure_break_atr=0.4,2024,103,64,39,27.184466019417474,0.9074664876267949,-0.06707216264747105,-0.06707216264747105,-170.92316455509103,5.00736718131484,13,1.112562760123287,0.07133133905006947,-13.828558370502945
minimum_structure_break_atr=0.5,2021,76,33,43,17.105263157894736,0.5543962052554965,-0.368046322920141,-0.368046322920141,-696.1742174882171,3.902030940877768,12,0.6144820259115954,-0.2949140854598254,-51.03424645062501
minimum_structure_break_atr=0.5,2022,60,19,41,20.0,0.6151323492091676,-0.30729587699345434,-0.30729587699345434,-459.3454561886607,2.715881527937963,11,0.7238086315011161,-0.19644038401890732,-33.67310743234132
minimum_structure_break_atr=0.5,2023,76,48,28,28.947368421052634,0.9251284774006947,-0.05170053773456443,-0.05170053773456443,-100.66080309704306,1.7768019090224079,7,1.2479745889474994,0.14230780885938912,-7.37911302102951
minimum_structure_break_atr=0.5,2024,87,54,33,27.586206896551722,0.9302547632639695,-0.05103608131189587,-0.05103608131189587,-107.95099553410454,4.742477619287637,13,1.1367490558593378,0.08534765414595089,-7.913533096004169
minimum_stop_atr=0.6,2021,162,75,87,24.074074074074073,0.8430571011047182,-0.11708239707528248,-0.11708239707528248,-481.21730536587904,4.818466388198046,13,0.9512057591194087,-0.03153778734246967,-33.08565867371707
minimum_stop_atr=0.6,2022,136,44,92,25.0,0.7965727115983852,-0.15021001640988327,-0.15021001640988327,-513.3536775349316,3.123411478101425,11,0.9722120912590739,-0.01632204488602022,-35.29516574825672
minimum_stop_atr=0.6,2023,171,94,77,29.82456140350877,0.9297380650383392,-0.04623093030709884,-0.04623093030709884,-208.61155445288261,3.555248199431054,9,1.2980214016398084,0.16455032495396218,-14.34289791547262
minimum_stop_atr=0.6,2024,170,102,68,28.235294117647058,0.9164221465520304,-0.05727102826951896,-0.05727102826951896,-251.27635709217554,4.558456098060451,10,1.1564475398241538,0.09830386976208651,-17.27627766255359
minimum_stop_atr=0.8,2021,162,75,87,24.074074074074073,0.8430571011047182,-0.11708239707528248,-0.11708239707528248,-481.21730536587904,4.818466388198046,13,0.9512057591194087,-0.03153778734246967,-33.08565867371707
minimum_stop_atr=0.8,2022,136,44,92,25.0,0.7965727115983852,-0.15021001640988327,-0.15021001640988327,-513.3536775349316,3.123411478101425,11,0.9722120912590739,-0.01632204488602022,-35.29516574825672
minimum_stop_atr=0.8,2023,171,94,77,29.82456140350877,0.9297380650383392,-0.04623093030709884,-0.04623093030709884,-208.61155445288261,3.555248199431054,9,1.2980214016398084,0.16455032495396218,-14.34289791547262
minimum_stop_atr=0.8,2024,170,102,68,28.235294117647058,0.9164221465520304,-0.05727102826951896,-0.05727102826951896,-251.27635709217554,4.558456098060451,10,1.1564475398241538,0.09830386976208651,-17.27627766255359
minimum_stop_atr=1,2021,162,75,87,23.456790123456788,0.8141648160355133,-0.14009608094866643,-0.14009608094866643,-573.8364745218087,5.069702068553394,13,0.9179995217661386,-0.05495656160277947,-36.625857982254516
minimum_stop_atr=1,2022,135,43,92,25.185185185185183,0.8044626667244229,-0.1439152757906972,-0.1439152757906972,-488.67363320467064,3.123411478101425,11,0.9808114034444048,-0.010700815724605885,-31.19022907064508
minimum_stop_atr=1,2023,169,93,76,29.585798816568047,0.9071378455858348,-0.0630134384785772,-0.0630134384785772,-275.92832370513963,3.5552481994310727,9,1.2575473301643467,0.144838473455849,-17.611483490532134
minimum_stop_atr=1,2024,169,101,68,28.402366863905325,0.9233454549292556,-0.05169275033028536,-0.05169275033028536,-228.3138745480428,4.558456098060451,10,1.1634172241571197,0.10297022404453271,-14.572429456568267
minimum_stop_atr=1.2,2021,159,75,84,23.270440251572328,0.805060882448266,-0.14727987910284213,-0.14727987910284213,-591.2757401780266,5.711321361220964,13,0.907693978792213,-0.0621537798454309,-40.418086473087335
minimum_stop_atr=1.2,2022,129,42,87,25.581395348837212,0.8398910534680176,-0.11704414109503987,-0.11704414109503987,-381.2411357315327,2.7227278533859605,11,1.0129508073222362,0.01006844799146807,-26.060661961973313
minimum_stop_atr=1.2,2023,162,91,71,30.246913580246915,0.9389865877916377,-0.04008523592170549,-0.04008523592170549,-172.1663680724871,3.5552481994310803,9,1.2982310176694478,0.16636036947184238,-11.768849421111033
minimum_stop_atr=1.2,2024,160,97,63,27.500000000000004,0.8880201569399641,-0.07790361860456671,-0.07790361860456671,-318.2156504812817,5.9639433101732715,11,1.1063730225703987,0.06986640837522717,-21.752402143828316
minimum_stop_atr=1.4,2021,151,70,81,23.841059602649008,0.8344686643613599,-0.12374693398422906,-0.12374693398422906,-474.51086787283816,5.000605657933826,12,0.9348623782368033,-0.04301944894328609,-31.27078988381197
minimum_stop_atr=1.4,2022,118,38,80,25.423728813559322,0.8399195577370869,-0.11770705729779522,-0.11770705729779522,-349.2840195308912,2.6432096533731237,10,1.0039274503787143,0.003760111362705126,-23.01820237223905
minimum_stop_atr=1.4,2023,149,85,64,28.859060402684566,0.8896608781848416,-0.0762730225759713,-0.0762730225759713,-290.78183788102547,4.044704038155728,11,1.2214069767627058,0.12639663449155186,-19.16284403594104
minimum_stop_atr=1.4,2024,153,92,61,26.797385620915033,0.8532587897806672,-0.10350728371770007,-0.10350728371770007,-402.8485448664143,5.370669430106445,11,1.0609288309419174,0.04275701473275663,-26.548163708007948
maximum_stop_atr=3,2021,162,75,87,24.074074074074073,0.8430571011047182,-0.11708239707528248,-0.11708239707528248,-481.21730536587904,4.818466388198046,13,0.9512057591194087,-0.03153778734246967,-33.08565867371707
maximum_stop_atr=3,2022,136,44,92,25.0,0.7965727115983852,-0.15021001640988327,-0.15021001640988327,-513.3536775349316,3.123411478101425,11,0.9722120912590739,-0.01632204488602022,-35.29516574825672
maximum_stop_atr=3,2023,171,94,77,29.82456140350877,0.9297380650383392,-0.04623093030709884,-0.04623093030709884,-208.61155445288261,3.555248199431054,9,1.2980214016398084,0.16455032495396218,-14.34289791547262
maximum_stop_atr=3,2024,170,102,68,28.235294117647058,0.9164221465520304,-0.05727102826951896,-0.05727102826951896,-251.27635709217554,4.558456098060451,10,1.1564475398241538,0.09830386976208651,-17.27627766255359
maximum_stop_atr=2.75,2021,159,75,84,23.89937106918239,0.8332714685759783,-0.12539775331421663,-0.12539775331421663,-503.5384669391778,4.818466388198009,11,0.941549839119082,-0.038936559595402355,-37.87979469263189
maximum_stop_atr=2.75,2022,131,42,89,25.190839694656486,0.7959361839659951,-0.14987653470218087,-0.14987653470218087,-494.5981223556645,2.8806130106280214,10,0.9787766522539636,-0.011563852638889085,-37.20723750079817
maximum_stop_atr=2.75,2023,168,95,73,29.761904761904763,0.9223860586552288,-0.05164301480266649,-0.05164301480266649,-226.17293643466252,3.8018918771925128,10,1.2943542258300742,0.1618078932304794,-17.014359298610547
maximum_stop_atr=2.75,2024,164,100,64,29.268292682926827,0.9634376601799636,-0.022780943937916017,-0.022780943937916017,-104.99669418282895,4.422080427677383,10,1.2198512078517094,0.13482913974732907,-7.8986085079593895
maximum_stop_atr=2.5,2021,151,69,82,24.503311258278146,0.8591993261193864,-0.10414950919475327,-0.10414950919475327,-401.5796824659118,5.091194836970517,14,0.9735554970925426,-0.015762989278966556,-23.97665300650519
maximum_stop_atr=2.5,2022,122,40,82,24.59016393442623,0.7697607041957165,-0.17110810465864984,-0.17110810465864984,-524.1104609695035,3.0758630406615337,9,0.9543501220941298,-0.027646607069947496,-31.292456288079194
maximum_stop_atr=2.5,2023,161,92,69,28.57142857142857,0.8651152528170857,-0.09288228671335039,-0.09288228671335039,-379.70067264795995,3.3190915908241796,10,1.2238564243764674,0.12455901193516872,-22.670348306751162
maximum_stop_atr=2.5,2024,157,94,63,27.388535031847134,0.8681493410167361,-0.093183893180251,-0.093183893180251,-369.48716774930483,6.356061816273171,20,1.108171434518399,0.06898389872012506,-22.06054239866446
maximum_stop_atr=2.25,2021,137,65,72,25.547445255474454,0.9073777654764849,-0.06725132813965051,-0.06725132813965051,-237.3971154212913,4.446083831633146,13,1.0339382932461885,0.024854144712829845,-12.126193802698157
maximum_stop_atr=2.25,2022,115,38,77,22.608695652173914,0.6769881130340419,-0.24693460701312758,-0.24693460701312758,-708.6992126526926,4.247138977345548,15,0.8428456660922681,-0.10194680768877508,-36.200203971288
maximum_stop_atr=2.25,2023,145,80,65,28.27586206896552,0.8492855284933986,-0.105388561460679,-0.105388561460679,-382.9523870494718,3.483361082315896,10,1.2096596700314413,0.11520132273779829,-19.56112589795726
maximum_stop_atr=2.25,2024,153,92,61,25.49019607843137,0.7746929180621098,-0.16628023311137516,-0.16628023311137516,-628.6728856023128,6.563146260099038,20,0.9956311805468739,-0.0007209836448424442,-32.11247632805658
maximum_stop_atr=2,2021,112,58,54,21.428571428571427,0.7151202752769309,-0.22228456002494185,-0.22228456002494185,-624.3302522166645,4.771517283661644,13,0.8185342024119645,-0.1272106120071828,-35.427539855139486
maximum_stop_atr=2,2022,92,36,56,22.82608695652174,0.6775037573280716,-0.24620364430901,-0.24620364430901,-563.1060818359393,3.766573302776287,14,0.857603880712995,-0.09204346447834845,-31.953382182081114
maximum_stop_atr=2,2023,124,67,57,29.838709677419356,0.8938010409692357,-0.0723271027772109,-0.0723271027772109,-226.095442524521,2.6591803467872888,9,1.298406684359964,0.15784597131423592,-12.829756803652554
maximum_stop_atr=2,2024,121,81,40,27.27272727272727,0.8395589143021931,-0.11468556879477021,-0.11468556879477021,-348.7420216304377,5.055983494198783,14,1.0892088892404248,0.05656673978826144,-19.78932115912686
long_rsi_min=50,2021,162,75,87,24.074074074074073,0.8430571011047182,-0.11708239707528248,-0.11708239707528248,-481.21730536587904,4.818466388198046,13,0.9512057591194087,-0.03153778734246967,-33.08565867371707
long_rsi_min=50,2022,136,44,92,25.0,0.7965727115983852,-0.15021001640988327,-0.15021001640988327,-513.3536775349316,3.123411478101425,11,0.9722120912590739,-0.01632204488602022,-35.29516574825672
long_rsi_min=50,2023,171,94,77,29.82456140350877,0.9297380650383392,-0.04623093030709884,-0.04623093030709884,-208.61155445288261,3.555248199431054,9,1.2980214016398084,0.16455032495396218,-14.34289791547262
long_rsi_min=50,2024,170,102,68,28.235294117647058,0.9164221465520304,-0.05727102826951896,-0.05727102826951896,-251.27635709217554,4.558456098060451,10,1.1564475398241538,0.09830386976208651,-17.27627766255359
long_rsi_min=52.5,2021,158,71,87,24.050632911392405,0.8431687850680833,-0.1172283502621728,-0.1172283502621728,-469.30316494021315,4.253073114233498,13,0.9507517289212017,-0.03208279014249785,-29.35579038581997
long_rsi_min=52.5,2022,136,44,92,25.0,0.7965727115983852,-0.15021001640988327,-0.15021001640988327,-513.3536775349316,3.123411478101425,11,0.9722120912590739,-0.01632204488602022,-32.11123230636022
long_rsi_min=52.5,2023,167,90,77,29.34131736526946,0.9122837754888493,-0.058740417754134557,-0.058740417754134557,-255.4651113823321,3.3135320295048487,9,1.2729631172812177,0.15167921497164083,-15.979820339769656
long_rsi_min=52.5,2024,168,100,68,27.380952380952383,0.8797746034764442,-0.08413130400530762,-0.08413130400530762,-360.5512849557608,5.050893644109583,10,1.109581422722914,0.07108476977707764,-22.553156968050157
long_rsi_min=55,2021,157,70,87,24.203821656050955,0.8503434582902122,-0.11160560090078535,-0.11160560090078535,-444.22828359642347,4.253073114233498,13,0.9585249729878546,-0.02670248185773668,-30.06722965698833
long_rsi_min=55,2022,135,43,92,24.444444444444443,0.7716932483565672,-0.16939108205411868,-0.16939108205411868,-575.373170393187,3.2076446456413095,11,0.941442419364308,-0.03581390605995396,-38.943664533522096
long_rsi_min=55,2023,164,87,77,29.878048780487802,0.9290839724306649,-0.04662270165999453,-0.04662270165999453,-201.05302262490926,3.0578398426830415,9,1.3000279759331526,0.16516949759302713,-13.60811012651939
long_rsi_min=55,2024,164,96,68,28.04878048780488,0.9117711077555835,-0.06043082421953827,-0.06043082421953827,-256.79552015688,4.4380089209063875,9,1.1482302075762498,0.09393385294876755,-17.380995682970177
long_rsi_min=57.5,2021,157,70,87,22.29299363057325,0.7623651746328028,-0.18301319595552917,-0.18301319595552917,-720.6092871822281,7.0582070821001155,13,0.8590253760447895,-0.09823130516720067,-35.51699078272081
long_rsi_min=57.5,2022,129,37,92,23.25581395348837,0.7259765977595262,-0.20755528425918215,-0.20755528425918215,-669.459469864367,3.4554157085399306,11,0.8831126690254679,-0.07585786989376508,-32.995946962539065
long_rsi_min=57.5,2023,159,82,77,28.930817610062892,0.8857303100533364,-0.07767025492700015,-0.07767025492700015,-317.39450436231004,3.0366737050334343,10,1.2440927436562952,0.13598033656016914,-15.64356425380306
long_rsi_min=57.5,2024,159,91,68,27.67295597484277,0.8862958170835288,-0.07940686429297895,-0.07940686429297895,-321.4509886485857,5.337564215282084,8,1.1235867363713457,0.07883368165279409,-15.843498000937059
long_rsi_min=60,2021,151,64,87,23.178807947019866,0.8062111120129115,-0.1470847722433294,-0.1470847722433294,-560.4240814346351,6.3613164355401155,13,0.9059905248046212,-0.06404119836831712,-26.72111210380434
long_rsi_min=60,2022,122,30,92,23.770491803278688,0.7482913764242275,-0.1888118105749489,-0.1888118105749489,-577.680214184345,3.2134493318695965,11,0.9085759440893503,-0.05819468961332629,-27.543887343053058
long_rsi_min=60,2023,155,78,77,27.09677419354839,0.8163077187466199,-0.1298667643244182,-0.1298667643244182,-508.0283156352612,4.296842905766053,10,1.1460600942934447,0.0834471415372588,-24.22287339838382
long_rsi_min=60,2024,152,84,68,26.31578947368421,0.8350613843937008,-0.1191190280933674,-0.1191190280933674,-451.17561176259335,6.222510598854624,8,1.0523696980355246,0.03560474163597599,-21.51212715475878
long_rsi_max=75,2021,162,75,87,24.074074074074073,0.8430571011047182,-0.11708239707528248,-0.11708239707528248,-481.21730536587904,4.818466388198046,13,0.9512057591194087,-0.03153778734246967,-33.08565867371707
long_rsi_max=75,2022,136,44,92,25.0,0.7965727115983852,-0.15021001640988327,-0.15021001640988327,-513.3536775349316,3.123411478101425,11,0.9722120912590739,-0.01632204488602022,-35.29516574825672
long_rsi_max=75,2023,171,94,77,29.82456140350877,0.9297380650383392,-0.04623093030709884,-0.04623093030709884,-208.61155445288261,3.555248199431054,9,1.2980214016398084,0.16455032495396218,-14.34289791547262
long_rsi_max=75,2024,170,102,68,28.235294117647058,0.9164221465520304,-0.05727102826951896,-0.05727102826951896,-251.27635709217554,4.558456098060451,10,1.1564475398241538,0.09830386976208651,-17.27627766255359
long_rsi_max=72.5,2021,157,70,87,24.840764331210192,0.8786817782993012,-0.08896400207767995,-0.08896400207767995,-357.62697404285166,4.579916178644606,13,0.9916178213610134,-0.003282087262306147,-26.001909255850325
long_rsi_max=72.5,2022,136,44,92,25.0,0.7965727115983852,-0.15021001640988327,-0.15021001640988327,-513.3536775349316,3.123411478101425,11,0.9715227124452516,-0.01678602319591577,-37.32429796478644
long_rsi_max=72.5,2023,167,90,77,29.94011976047904,0.932365434436968,-0.04427311386979319,-0.04427311386979319,-195.58627040792055,3.555248199431054,9,1.3064495597199968,0.16837062167900255,-14.220449865248655
long_rsi_max=72.5,2024,169,101,68,27.810650887573964,0.8969276253025781,-0.07158024095220078,-0.07158024095220078,-308.8204410110616,5.118490864740761,10,1.1315732141263284,0.08385353710547239,-22.453342914114575
long_rsi_max=70,2021,153,66,87,24.836601307189543,0.8762769148455991,-0.09077162445437453,-0.09077162445437453,-355.1704416830379,4.136672469435195,13,0.9904931007296974,-0.004053538321945818,-28.798112414154403
long_rsi_max=70,2022,133,41,92,25.563909774436087,0.8206960675568793,-0.13104182129130917,-0.13104182129130917,-439.3564417537401,2.8806130106280214,11,1.0009389657077061,0.0024427687414220215,-35.62412496814301
long_rsi_max=70,2023,164,87,77,30.48780487804878,0.9577013624349583,-0.026433138474649474,-0.026433138474649474,-119.30368259165716,3.5552481994310345,9,1.3440424485235785,0.18700983903070073,-9.673442548924873
long_rsi_max=70,2024,166,98,68,27.710843373493976,0.8918925088567398,-0.07521228974224899,-0.07521228974224899,-319.4809669471425,4.642298342086579,9,1.1270086707810356,0.08113390797424848,-25.904320068777704
long_rsi_max=67.5,2021,145,58,87,25.517241379310345,0.9087902003752992,-0.0661634242422141,-0.0661634242422141,-246.67418918528506,3.772537221985811,12,1.0259507871300013,0.0196753371759559,-21.150571865704798
long_rsi_max=67.5,2022,132,40,92,25.0,0.793342783759443,-0.15223842578864613,-0.15223842578864613,-505.95061847185605,2.9445691493042054,10,0.9684099694463755,-0.018379904277632066,-43.381696933232035
long_rsi_max=67.5,2023,158,81,77,31.0126582278481,0.989229503937049,-0.004826537491799448,-0.004826537491799448,-29.05436696441795,3.6824990764456937,9,1.3882862310410577,0.20860148216584654,-2.4912070392249177
long_rsi_max=67.5,2024,154,86,68,27.27272727272727,0.8605208195074328,-0.098698201875629,-0.098698201875629,-384.59751402562586,4.4159070038892425,9,1.088834032229302,0.058073660903824015,-32.97652416183824
short_rsi_max=50,2021,162,75,87,24.074074074074073,0.8430571011047182,-0.11708239707528248,-0.11708239707528248,-481.21730536587904,4.818466388198046,13,0.9512057591194087,-0.03153778734246967,-33.08565867371707
short_rsi_max=50,2022,136,44,92,25.0,0.7965727115983852,-0.15021001640988327,-0.15021001640988327,-513.3536775349316,3.123411478101425,11,0.9722120912590739,-0.01632204488602022,-35.29516574825672
short_rsi_max=50,2023,171,94,77,29.82456140350877,0.9297380650383392,-0.04623093030709884,-0.04623093030709884,-208.61155445288261,3.555248199431054,9,1.2980214016398084,0.16455032495396218,-14.34289791547262
short_rsi_max=50,2024,170,102,68,28.235294117647058,0.9164221465520304,-0.05727102826951896,-0.05727102826951896,-251.27635709217554,4.558456098060451,10,1.1564475398241538,0.09830386976208651,-17.27627766255359
short_rsi_max=47.5,2021,160,75,85,24.375,0.8572096954287326,-0.10604592703872351,-0.10604592703872351,-431.155066404711,4.818466388198046,13,0.9666619981223854,-0.020872940748570195,-29.13213725275401
short_rsi_max=47.5,2022,134,44,90,24.62686567164179,0.7809565650696187,-0.16320464556646525,-0.16320464556646525,-547.7415507277085,3.2085062311681214,13,0.9530150591241484,-0.029484299304655237,-37.00961273143832
short_rsi_max=47.5,2023,170,94,76,29.411764705882355,0.9159758217065097,-0.05614898685081402,-0.05614898685081402,-249.05923632691616,3.5552481994310887,9,1.276436729425721,0.15367581574080216,-16.828348828751093
short_rsi_max=47.5,2024,170,102,68,28.235294117647058,0.9161219462385627,-0.05727102826951896,-0.05727102826951896,-252.04220732129488,4.558456098060451,10,1.1555762927230842,0.09804017749742433,-17.029901187056574
short_rsi_max=45,2021,157,75,82,24.203821656050955,0.8477986184224832,-0.11295034415255521,-0.11295034415255521,-451.0542307009548,4.818466388197986,13,0.9566566114742797,-0.02736086576809418,-34.91956055758155
short_rsi_max=45,2022,131,44,87,25.190839694656486,0.8059398229196822,-0.1435739311175334,-0.1435739311175334,-470.8310752447538,3.2085062311681214,13,0.9821754238493507,-0.010710323225742925,-36.45063747401319
short_rsi_max=45,2023,167,94,73,29.94011976047904,0.9397693499375301,-0.03919357942897238,-0.03919357942897238,-174.3016320191843,3.555248199431099,9,1.3076144646583603,0.16978913890773636,-13.494023512694916
short_rsi_max=45,2024,168,102,66,28.57142857142857,0.9339225932983979,-0.04457128793259462,-0.04457128793259462,-195.5080991395312,4.319254233644551,10,1.1769988187810707,0.11026883066135243,-15.135778455710348
short_rsi_max=42.5,2021,154,75,79,24.675324675324674,0.8698446514821813,-0.09567015605163101,-0.09567015605163101,-376.56868304060686,4.818466388197992,13,0.9823993909834499,-0.009463167002586969,-30.109384280811135
short_rsi_max=42.5,2022,123,44,79,26.01626016260163,0.8440325134857773,-0.1141662487489195,-0.1141662487489195,-352.1409708076727,3.2085062311681214,13,1.0215889507028744,0.0145883705981503,-28.15621236862859
short_rsi_max=42.5,2023,159,94,65,28.30188679245283,0.8752216211958077,-0.08573481571527658,-0.08573481571527658,-348.80477536155615,3.3135320295048176,9,1.2157969804051647,0.12216943735951134,-27.88945946206205
short_rsi_max=42.5,2024,167,102,65,28.74251497005988,0.940888765151663,-0.03885015792021495,-0.03885015792021495,-173.15439725499508,4.319254233644551,10,1.1844073782197355,0.11528292952162257,-13.844943888498227
short_rsi_max=40,2021,144,75,69,23.61111111111111,0.8181565350390024,-0.13635538810813314,-0.13635538810813314,-495.946827063348,4.34076809889186,12,0.9246185010018184,-0.04984843109233017,-33.837716110887534
short_rsi_max=40,2022,112,44,68,26.785714285714285,0.8985216709536843,-0.0741517951189696,-0.0741517951189696,-206.61340894427673,3.2085062311681254,13,1.0792136476141172,0.050377112840908574,-14.096926313566543
short_rsi_max=40,2023,152,94,58,28.289473684210524,0.8710413173315813,-0.0888482260524834,-0.0888482260524834,-345.63940593220843,3.313532029504866,9,1.2098710075712875,0.11884567256450826,-23.582463797426378
short_rsi_max=40,2024,156,102,54,26.923076923076923,0.8510630139810128,-0.1052383641691836,-0.1052383641691836,-417.46318659773897,5.052492476494535,11,1.0692582605259318,0.04724547408085621,-28.482893778119532
short_rsi_min=25,2021,162,75,87,24.074074074074073,0.8430571011047182,-0.11708239707528248,-0.11708239707528248,-481.21730536587904,4.818466388198046,13,0.9512057591194087,-0.03153778734246967,-33.08565867371707
short_rsi_min=25,2022,136,44,92,25.0,0.7965727115983852,-0.15021001640988327,-0.15021001640988327,-513.3536775349316,3.123411478101425,11,0.9722120912590739,-0.01632204488602022,-35.29516574825672
short_rsi_min=25,2023,171,94,77,29.82456140350877,0.9297380650383392,-0.04623093030709884,-0.04623093030709884,-208.61155445288261,3.555248199431054,9,1.2980214016398084,0.16455032495396218,-14.34289791547262
short_rsi_min=25,2024,170,102,68,28.235294117647058,0.9164221465520304,-0.05727102826951896,-0.05727102826951896,-251.27635709217554,4.558456098060451,10,1.1564475398241538,0.09830386976208651,-17.27627766255359
short_rsi_min=27.5,2021,159,75,84,24.528301886792452,0.8646271403524632,-0.10018681355536656,-0.10018681355536656,-405.65514578377474,4.818466388197986,12,0.9764352992419358,-0.014030195063117541,-31.700460346964793
short_rsi_min=27.5,2022,135,44,91,25.185185185185183,0.8044807166776801,-0.1439152757906972,-0.1439152757906972,-488.6245648168615,3.123411478101425,10,0.9826103550552076,-0.009515991854382963,-38.18421583584752
short_rsi_min=27.5,2023,170,94,76,30.0,0.937578602457738,-0.04062052401478766,-0.04062052401478766,-183.78271627238865,3.313532029504815,9,1.3101246498523786,0.17063944324673347,-14.361944548722064
short_rsi_min=27.5,2024,168,102,66,28.57142857142857,0.9320062198337711,-0.04604806432034655,-0.04604806432034655,-201.58821965966774,4.18253676960142,10,1.1773335614005835,0.11016108962904558,-15.753379268465642
short_rsi_min=30,2021,153,75,78,23.52941176470588,0.8164281635332271,-0.13823826132975486,-0.13823826132975486,-533.6233870876883,4.818466388197966,11,0.9231610601042575,-0.05129222292689201,-38.87218539230195
short_rsi_min=30,2022,133,44,89,24.81203007518797,0.7859844254934643,-0.15853524446103434,-0.15853524446103434,-529.2595803861892,3.123411478101425,10,0.9612370437277586,-0.02350277010973222,-38.55430070579557
short_rsi_min=30,2023,168,94,74,30.357142857142854,0.9538001431889921,-0.029199339776868453,-0.029199339776868453,-133.93820095850324,3.313532029504837,9,1.331552267803622,0.18155716315815743,-9.756826077629864
short_rsi_min=30,2024,167,102,65,28.74251497005988,0.9402668609370063,-0.04033577728034864,-0.04033577728034864,-175.94288304120673,4.182536769601401,10,1.1890799715451337,0.11654232582641008,-12.816687824272613
short_rsi_min=32.5,2021,146,75,71,22.602739726027394,0.7728473310359765,-0.17333112781187834,-0.17333112781187834,-636.1423505206725,4.818466388197966,12,0.8760340425013585,-0.08467644382060442,-42.49761300005343
short_rsi_min=32.5,2022,126,44,82,24.6031746031746,0.7806767329410254,-0.16341468084105684,-0.16341468084105684,-515.5100660683578,3.123411478101425,10,0.9564779321115184,-0.027052929383387415,-34.43874986074065
short_rsi_min=32.5,2023,161,94,67,29.81366459627329,0.9251405066320301,-0.049917805577499016,-0.049917805577499016,-208.18699765513657,3.313532029504814,9,1.2941031410779782,0.16157780691742737,-13.90797272143495
short_rsi_min=32.5,2024,162,102,60,29.01234567901235,0.9518975893774083,-0.03152898726648244,-0.03152898726648244,-137.0501887551187,3.9423927514800434,10,1.206103692555086,0.12648133741337633,-9.155664417770968
minimum_h1_slope_percent=0,2021,162,75,87,24.074074074074073,0.8430571011047182,-0.11708239707528248,-0.11708239707528248,-481.21730536587904,4.818466388198046,13,0.9512057591194087,-0.03153778734246967,-33.08565867371707
minimum_h1_slope_percent=0,2022,136,44,92,25.0,0.7965727115983852,-0.15021001640988327,-0.15021001640988327,-513.3536775349316,3.123411478101425,11,0.9722120912590739,-0.01632204488602022,-35.29516574825672
minimum_h1_slope_percent=0,2023,171,94,77,29.82456140350877,0.9297380650383392,-0.04623093030709884,-0.04623093030709884,-208.61155445288261,3.555248199431054,9,1.2980214016398084,0.16455032495396218,-14.34289791547262
minimum_h1_slope_percent=0,2024,170,102,68,28.235294117647058,0.9164221465520304,-0.05727102826951896,-0.05727102826951896,-251.27635709217554,4.558456098060451,10,1.1564475398241538,0.09830386976208651,-17.27627766255359
minimum_h1_slope_percent=0.0778787,2021,148,69,79,24.324324324324326,0.8553120427211407,-0.10731615583176349,-0.10731615583176349,-403.57865907937054,4.964427198129022,12,0.9617698468246738,-0.024140821899420205,-40.97312565935843
minimum_h1_slope_percent=0.0778787,2022,110,36,74,25.454545454545453,0.8662631780893852,-0.09750760304570644,-0.09750760304570644,-273.39293408013225,2.393188998187761,9,1.0266961620227122,0.019902478504856862,-27.756083703729583
minimum_h1_slope_percent=0.0778787,2023,116,71,45,31.03448275862069,1.0094898459652828,0.009420718924194911,0.009420718924194911,19.113923242169445,2.693344536238358,10,1.3336710929086242,0.19117039385914542,1.9405316937006805
minimum_h1_slope_percent=0.0778787,2024,146,84,62,27.397260273972602,0.8889831698831695,-0.07842370413241052,-0.07842370413241052,-288.89830551768756,5.619070111314631,10,1.1116643046436354,0.07183151864902405,-29.330258943211305
minimum_h1_slope_percent=0.136599,2021,131,62,69,22.900763358778626,0.7936563718334004,-0.1570000461939601,-0.1570000461939601,-516.8085933348657,4.487461458788885,13,0.8894109451331746,-0.07609336104630204,-59.93799645511394
minimum_h1_slope_percent=0.136599,2022,83,31,52,27.710843373493976,0.9841364879650584,-0.009241454397442702,-0.009241454397442702,-23.792399573859964,1.9033186959255182,7,1.1582627510977586,0.1035614931056186,-2.7593750949738034
minimum_h1_slope_percent=0.136599,2023,76,50,26,31.57894736842105,1.0746727564289311,0.05225211680994474,0.05225211680994474,97.9292195119271,2.7557118301027494,6,1.3583127075321013,0.20899056226114174,11.357553430143346
minimum_h1_slope_percent=0.136599,2024,101,65,36,26.732673267326735,0.8779135542435749,-0.09011529297206902,-0.09011529297206902,-223.70847405578075,4.054264491639842,10,1.0696713058951144,0.04388926690633721,-25.945075019768915
minimum_h1_slope_percent=0.221657,2021,101,48,53,23.762376237623762,0.8384243192231441,-0.12261077513296038,-0.12261077513296038,-310.2380080167885,3.2403841696797824,9,0.9350414654601944,-0.04507684530327724,-64.51113034255661
minimum_h1_slope_percent=0.221657,2022,61,18,43,27.86885245901639,0.9921917260317611,-0.003324864397699552,-0.003324864397699552,-8.60812938346708,1.4906561914648047,6,1.1647311357248362,0.1078753060792867,-1.7899810542632972
minimum_h1_slope_percent=0.221657,2023,43,34,9,30.23255813953488,1.0449731781050877,0.03350496170255259,0.03350496170255259,33.905217708182754,1.9357050654914794,6,1.2832703735903375,0.17296382124135276,7.050277085156416
minimum_h1_slope_percent=0.221657,2024,60,46,14,26.666666666666668,0.883525715951626,-0.08450083811460928,-0.08450083811460928,-128.15481777895735,2.6086653944894187,9,1.0555764086191688,0.03705206928881678,-26.648611518023667
minimum_h1_slope_percent=0.353576,2021,61,29,32,22.950819672131146,0.8209810385800244,-0.14267322023003268,-0.14267322023003268,-209.08069350173918,4.284104496627515,13,0.9019839437520039,-0.07529790246458645,-26.546066497842297
minimum_h1_slope_percent=0.353576,2022,31,7,24,41.935483870967744,1.871002407134149,0.5082462541301899,0.5082462541301899,392.7981491889892,0.9962562460937453,4,2.133695186252453,0.6020218631336055,49.8718729786189
minimum_h1_slope_percent=0.353576,2023,22,19,3,27.27272727272727,0.914798675383135,-0.05981575127074983,-0.05981575127074983,-34.1117409569549,1.2437656054785184,5,1.097342102856272,0.06457171319941671,-4.331019419509257
minimum_h1_slope_percent=0.353576,2024,20,18,2,20.0,0.6207481712941368,-0.3028452410520953,-0.3028452410520953,-151.62400896525077,1.9825872271086848,8,0.7212896024209532,-0.20142135413391643,-19.251041104029543
C1,2021,54,24,30,20.37037037037037,0.6856347629991615,-0.25046049052593056,-0.25046049052593056,-337.85193102661765,3.320933255520449,13,0.7802268427429374,-0.1584410370681186,-31.725862619579154
C1,2022,52,22,30,26.923076923076923,0.8117624986469812,-0.13566901963296446,-0.13566901963296446,-178.6963022785623,1.4906561914648362,6,1.012328597703358,0.00992992089309516,-16.780411227751138
C1,2023,71,32,39,35.2112676056338,1.1857721525951583,0.12100560445371746,0.12100560445371746,210.60308087830197,1.371590809915863,5,1.647048456675024,0.3301635630741563,19.776605659473702
C1,2024,62,33,29,24.193548387096776,0.7095080963175165,-0.21702276034811302,-0.21702276034811302,-337.7588352354883,2.9487148761700155,8,0.9118679044155025,-0.05264632307599797,-31.71712049319599
C2,2021,75,33,42,24.0,0.8462197664347518,-0.11458980645863431,-0.11458980645863431,-218.92725704538526,2.5351095167061035,6,0.9437469778430325,-0.03701627771485131,-20.923315759564918
C2,2022,68,27,41,33.82352941176471,1.240093105434602,0.16010050491652342,0.16010050491652342,270.22104878509765,1.2437656054785131,5,1.502463124905964,0.29075873987195483,25.825566011815944
C2,2023,97,49,48,32.98969072164948,1.0991016879021507,0.06826687478664525,0.06826687478664525,159.77273295600287,1.8584731997612087,7,1.5161031390247104,0.27338463691442855,15.2697995970144
C2,2024,86,47,39,24.418604651162788,0.7531123648139855,-0.18250505834627806,-0.18250505834627806,-397.4105252979712,2.8376519275013745,8,0.939922760141049,-0.03437209572246185,-37.98131863160475
C3,2021,93,47,46,30.107526881720432,1.1363950400275598,0.0979279819037504,0.0979279819037504,223.16814457859138,2.5921996269829535,9,1.2921523526932048,0.1883726048726358,17.45625690458345
C3,2022,92,36,56,21.73913043478261,0.6278664358631583,-0.2864223863339161,-0.2864223863339161,-658.4832836634887,3.04119875598828,10,0.790590190303242,-0.13672816104535346,-51.50669415076656
C3,2023,105,53,52,35.23809523809524,1.2169631187263186,0.14143475086909743,0.14143475086909743,365.6827356720917,1.8714873277445956,5,1.6897697429587328,0.34932198727351194,28.6037767241234
C3,2024,98,63,35,30.612244897959183,1.018330250193509,0.0141576460664357,0.0141576460664357,31.107977482100853,2.0385161591880023,7,1.2883639835605207,0.17170710967938052,2.4332722205265966
C4,2021,40,16,24,27.500000000000004,1.0113583619966384,0.010276641042227252,0.010276641042227252,8.280263938993613,1.6084028054552488,5,1.143149071288991,0.09675264112548314,2.013129740845518
C4,2022,43,21,22,27.906976744186046,0.8806921323465501,-0.0835631395213322,-0.0835631395213322,-91.96601730201196,1.2437656054785056,5,1.0971449217711848,0.061994310832282185,-22.359133228341957
C4,2023,64,30,34,32.8125,1.0816495450977148,0.05623431753153124,0.05623431753153124,85.90449259350885,1.3715908099158252,5,1.5064725441560753,0.26598644076812117,20.885431936274124
C4,2024,51,29,22,25.49019607843137,0.7613749215499889,-0.17447088962545226,-0.17447088962545226,-225.1622066947925,1.9189081728219937,7,0.9770277260002044,-0.010648948109433544,-54.74230509453839
