month,events,p2R,control_p2R,diff_2R_pp,median_mfe32,median_mae32
2023-01,10,0.2,0.3469387755102041,-14.693877551020407,1.0453619463004702,2.3484704760940485
2023-02,16,0.3125,0.3037974683544304,0.8702531645569611,2.245888614745808,3.350818995303703
2023-03,12,0.25,0.3389830508474576,-8.898305084745761,1.8602525350844745,2.571784201890498
2023-04,20,0.45,0.32978723404255317,12.021276595744684,2.185877311248167,1.871789884866542
2023-05,21,0.3157894736842105,0.2980769230769231,1.7712550607287436,1.6050597329586105,1.9620109620109574
2023-06,10,0.1111111111111111,0.3111111111111111,-20.0,1.90786318944206,2.1869509387643813
2023-07,13,0.38461538461538464,0.3103448275862069,7.427055702917773,1.4032317297098693,1.3645798082346525
2023-08,19,0.3333333333333333,0.2765957446808511,5.6737588652482245,1.8721957851800806,2.517241379310188
2023-09,14,0.6428571428571429,0.36231884057971014,28.053830227743276,2.713954627251248,1.4152151119666398
2023-10,7,0.5714285714285714,0.37142857142857144,19.999999999999996,4.1671671671673955,1.790756302520998
2023-11,15,0.06666666666666667,0.2535211267605634,-18.685446009389672,1.4163649529325,4.644552319309999
2023-12,14,0.16666666666666666,0.3235294117647059,-15.686274509803924,2.599104566449836,2.382210275431529
2024-01,13,0.46153846153846156,0.3384615384615385,12.307692307692308,3.365684575389971,1.3128264654671882
2024-02,22,0.3684210526315789,0.22,14.842105263157892,1.849655267551261,1.8447781991671783
2024-03,7,0.14285714285714285,0.4117647058823529,-26.89075630252101,1.1014579588576512,2.381280388978804
2024-04,11,0.36363636363636365,0.22641509433962265,13.7221269296741,1.7064616862838808,2.3636846767050295
2024-05,16,0.375,0.33766233766233766,3.7337662337662336,1.3824788649904702,1.7168057102266205
2024-06,14,0.21428571428571427,0.34375,-12.946428571428573,1.1087778402984028,1.4669754591650648
2024-07,11,0.5454545454545454,0.3584905660377358,18.69639794168096,2.490276356192384,1.7102466412672668
2024-08,17,0.5882352941176471,0.34523809523809523,24.299719887955185,2.782419495213229,2.247663150673176
2024-09,14,0.3076923076923077,0.35294117647058826,-4.524886877828055,0.905341602536168,1.8993808811370427
2024-10,15,0.6153846153846154,0.3013698630136986,31.40147523709168,1.9623106727722726,0.7592420450482793
2024-11,11,0.36363636363636365,0.2830188679245283,8.061749571183535,1.9585615188024255,1.3991111111109704
2024-12,21,0.42857142857142855,0.36,6.857142857142856,1.5182537656370292,2.094107672742682
2025-01,16,0.3125,0.2857142857142857,2.67857142857143,1.365190407233427,2.42586259986525
2025-02,10,0.3,0.2826086956521739,1.7391304347826098,3.3180544903789766,1.4068657911371627
2025-03,21,0.23809523809523808,0.3883495145631068,-15.02542764678687,1.5716565592082863,2.791755005889273
2025-04,6,0.5,0.21428571428571427,28.57142857142857,0.7373619078244638,1.0367833591695026
2025-05,19,0.5263157894736842,0.32967032967032966,19.66454598033545,2.5576351919304807,0.8127464699147742
2025-06,21,0.42857142857142855,0.32323232323232326,10.533910533910529,2.364300626304721,2.7565011820331042
2025-07,20,0.45,0.41414141414141414,3.5858585858585865,1.7568178054732173,1.0817663706779777
2025-08,16,0.4375,0.3157894736842105,12.171052631578949,2.2545971311479747,0.9285293542899913
2025-09,11,0.2727272727272727,0.34615384615384615,-7.342657342657343,2.054932301740832,1.354738878143096
2025-10,4,0.25,0.3684210526315789,-11.842105263157892,1.5343236685807324,3.2802960114840007
2025-11,25,0.4166666666666667,0.36065573770491804,5.601092896174864,1.4164528543937955,0.9941039842773087
2025-12,14,0.21428571428571427,0.2647058823529412,-5.042016806722691,0.5957300228889947,1.8853904208308128
