comparison,fill_type,direction,trades,wins,losses,breakeven,win_rate_percent,gross_profit,gross_loss,net_pnl,profit_factor,average_r,expectancy_r,small_sample
Pending fill bar,B+1,All,852,225,627,0,26.408450704225352,12985.843018435262,-15424.39137462515,-2438.548356189887,0.8419031067766102,-0.11411567854741923,-0.11411567854741923,False
Pending fill bar,B+1,Long,414,107,307,0,25.845410628019323,6072.502718523113,-7571.465688176445,-1498.9629696533334,0.8020247292417764,-0.14302626088799145,-0.14302626088799145,False
Pending fill bar,B+1,Short,438,118,320,0,26.94063926940639,6913.340299912151,-7852.925686448704,-939.585386536553,0.8803521866814636,-0.0867892377049606,-0.0867892377049606,False
Pending fill bar,B+2,All,103,28,75,0,27.184466019417474,1649.52137080489,-1847.4085795432877,-197.88720873839742,0.8928838964322018,-0.07818595317894321,-0.07818595317894321,False
Pending fill bar,B+2,Long,52,16,36,0,30.76923076923077,915.5100129147343,-888.2725603536139,27.237452561120463,1.03066339519739,0.022591456414381813,0.022591456414381813,False
Pending fill bar,B+2,Short,51,12,39,0,23.52941176470588,734.011357890156,-959.1360191896738,-225.12466129951778,0.7652839046856833,-0.18093939041135307,-0.18093939041135307,False
Trigger crossing,Normal,All,934,244,690,0,26.124197002141326,14153.16460166641,-16974.52713824324,-2821.3625365768294,0.8337884458518812,-0.12114596692433591,-0.12114596692433591,False
Trigger crossing,Normal,Long,453,119,334,0,26.269315673289185,6751.838358611593,-8233.256035462964,-1481.417676851374,0.8200690382431343,-0.12922305551619148,-0.12922305551619148,False
Trigger crossing,Normal,Short,481,125,356,0,25.987525987525988,7401.326243054819,-8741.271102780274,-1339.9448597254554,0.8467105248229553,-0.11353906228377345,-0.11353906228377345,False
Trigger crossing,Gap-through-trigger,All,21,9,12,0,42.857142857142854,482.19978757374236,-297.27281592519694,184.9269716485453,1.6220783123845364,0.37479151464273447,0.37479151464273447,False
Trigger crossing,Gap-through-trigger,Long,13,4,9,0,30.76923076923077,236.17437282625437,-226.48221306709368,9.692159759160681,1.0427943529335324,0.03845599036570248,0.03845599036570248,True
Trigger crossing,Gap-through-trigger,Short,8,5,3,0,62.5,246.02541474748796,-70.79060285810333,175.23481188938462,3.4753965189509004,0.9213367415929113,0.9213367415929113,True
