descriptor,field,outcome,count,mean,median,percentile_25,percentile_75
ADX,adx,Winner,253,29.2600472768123,26.0309185670579,21.17683645807454,35.133143744335186
ADX,adx,Loser,702,28.43219259839063,25.478908852190642,21.177782723562082,32.63868893706814
RSI,rsi,Winner,253,49.09939072483524,45.967920500175175,37.252015302318284,60.763507430250336
RSI,rsi,Loser,702,49.79532893369591,48.569736713485895,36.839917331502136,62.92067503809049
ATR %,atr_percent,Winner,253,0.3855347664072854,0.32083167263653506,0.2172093823330818,0.4794747810873321
ATR %,atr_percent,Loser,702,0.40280930476667837,0.3385606470614094,0.22342389018684122,0.49527747939662814
EMA20 extension ATR,ema20_extension_atr,Winner,253,1.4329407728396109,1.4420613875550095,0.9418030716498826,1.9742964167575958
EMA20 extension ATR,ema20_extension_atr,Loser,702,1.5051595542711875,1.5324838026981151,1.0774277271704857,1.995717674507677
EMA20/EMA50 separation ATR,ema_separation_atr,Winner,253,1.0862163732286498,0.9399681558679117,0.4714461137381716,1.464881095682324
EMA20/EMA50 separation ATR,ema_separation_atr,Loser,702,1.042041538839623,0.9042524735107247,0.4905454206680757,1.4701036388027986
H1 EMA200 slope,h1_ema200_slope,Winner,253,-7.402074806004065,-4.952134315113653,-74.27763502495509,78.21930951079412
H1 EMA200 slope,h1_ema200_slope,Loser,702,2.1719087536920547,-4.510429005706101,-74.77430022308727,87.84972010361344
Breakout body %,body_percent,Winner,253,76.17123681638958,75.83333333333333,64.53900709219859,86.71586715867159
Breakout body %,body_percent,Loser,702,75.84027768492412,75.65011820330969,64.81967957449615,87.56640896760773
Breakout range ATR,range_atr,Winner,253,1.2838775135346483,1.2079798575900058,0.9506005367933288,1.5801945307196648
Breakout range ATR,range_atr,Loser,702,1.2754024035476483,1.2068494943414694,0.9472675680059798,1.5560959869800717
Structure breakout distance ATR,structure_breakout_distance_atr,Winner,253,0.4639501976017844,0.3905702188565919,0.1753709635250511,0.6483303603114685
Structure breakout distance ATR,structure_breakout_distance_atr,Loser,702,0.43395812862371663,0.3464458182701828,0.17005863665153614,0.6111542827585146
Stop distance ATR,planned_stop_distance_atr,Winner,253,1.9292993795333646,1.9087377552328277,1.5275754749477775,2.280863558911958
Stop distance ATR,planned_stop_distance_atr,Loser,702,1.9024647934077787,1.8589230700038302,1.5498926260635972,2.22723203380984
Trigger-to-fill gap ATR,trigger_to_fill_difference_atr,Winner,253,0.0016388004696558617,0.0,0.0,0.0
Trigger-to-fill gap ATR,trigger_to_fill_difference_atr,Loser,702,0.0005051953341827434,0.0,0.0,-0.0
Trigger-to-fill gap price,trigger_to_fill_difference,Winner,253,0.2442643108451779,0.0,0.0,0.0
Trigger-to-fill gap price,trigger_to_fill_difference,Loser,702,0.052652534747058465,0.0,0.0,-0.0
Bars held,bars_held,Winner,253,38.21343873517787,18.0,8.0,34.0
Bars held,bars_held,Loser,702,20.625356125356124,9.0,4.0,19.75
